Symbol,Year,Revenue,NetIncome,Equity,Shares
20MICRONS,2025,9116589000.0,623763000.0,4293638000.0,35286502.0
20MICRONS,2024,7759804000.0,560698000.0,3529537000.0,35286502.0
20MICRONS,2023,7007562000.0,418191000.0,2935786000.0,35286502.0
20MICRONS,2022,6114427000.0,345854000.0,2514940000.0,35286502.0
21STCENMGM,2025,163247000.0,123377000.0,510134000.0,10500000.0
21STCENMGM,2024,349546000.0,321731000.0,532669000.0,10500000.0
21STCENMGM,2023,-135208000.0,-180636000.0,206995000.0,10500000.0
21STCENMGM,2022,99744000.0,146578000.0,304812000.0,10500000.0
360ONE,2025,26353100000.0,10153000000.0,70647100000.0,406138438.0
360ONE,2024,20061200000.0,8042100000.0,34497300000.0,406138438.0
360ONE,2023,16471500000.0,6579300000.0,31219500000.0,406138438.0
360ONE,2022,14946400000.0,5777400000.0,30235300000.0,406138438.0
3IINFOLTD,2025,7257600000.0,253500000.0,3068800000.0,207403767.0
3IINFOLTD,2024,8138800000.0,-3135800000.0,2934400000.0,207403767.0
3IINFOLTD,2023,7291100000.0,13700000.0,6428200000.0,207403767.0
3IINFOLTD,2022,6770100000.0,-574900000.0,7036300000.0,207403767.0
3MINDIA,2025,44428602000.0,4760674000.0,18464969000.0,11265070.0
3MINDIA,2024,41868741000.0,5834168000.0,21469034000.0,11265070.0
3MINDIA,2023,39572834000.0,4510192000.0,16774704000.0,11265070.0
3MINDIA,2022,33339389000.0,2719711000.0,21835728000.0,11265070.0
3PLAND,2025,36586000.0,20902000.0,1397045000.0,
3PLAND,2024,28792000.0,18079000.0,987150000.0,
3PLAND,2023,18458000.0,15352000.0,660642000.0,
3PLAND,2022,17394000.0,11547000.0,667397000.0,
5PAISA,2025,2291570000.0,682340000.0,6036420000.0,31251838.0
5PAISA,2024,2593660000.0,544410000.0,5398860000.0,31251838.0
5PAISA,2023,2359730000.0,435670000.0,4632610000.0,31251838.0
5PAISA,2022,2159730000.0,137360000.0,3739750000.0,31251838.0
63MOONS,2025,468204000.0,-409279000.0,34143357000.0,46078537.0
63MOONS,2024,3688358000.0,2153786000.0,33473666000.0,46078537.0
63MOONS,2023,2896778000.0,-163088000.0,31150088000.0,46078537.0
63MOONS,2022,1597650000.0,-531734000.0,30964228000.0,46078537.0
A2ZINFRA,2025,3362675000.0,89731000.0,451660000.0,176119858.0
A2ZINFRA,2024,3884880000.0,-56918000.0,321795000.0,176119858.0
A2ZINFRA,2023,3494416000.0,-1229203000.0,380501000.0,176119858.0
A2ZINFRA,2022,3533250000.0,-1799100000.0,1591408000.0,176119858.0
AAATECH,2025,254555000.0,35103000.0,308251000.0,12826800.0
AAATECH,2024,237946000.0,32120000.0,279561000.0,12826800.0
AAATECH,2023,230004000.0,28684000.0,253854000.0,12826800.0
AAATECH,2022,144016000.0,23384000.0,229446000.0,12826800.0
AADHARHFC,2025,28351700000.0,9118300000.0,63722900000.0,435703710.0
AADHARHFC,2024,23542300000.0,7496400000.0,44497500000.0,435703710.0
AADHARHFC,2023,18810100000.0,5447600000.0,36976600000.0,435703710.0
AADHARHFC,2022,16118500000.0,4448500000.0,31466900000.0,435703710.0
AAKASH,2025,981889390.0,18408290.0,603615230.0,101250000.0
AAKASH,2024,922326130.0,62056860.0,585246990.0,101250000.0
AAKASH,2023,925769270.0,45359070.0,523015050.0,101250000.0
AAKASH,2022,768766480.0,61214600.0,477433920.0,101250000.0
AAREYDRUGS,2025,4722350000.0,40239000.0,1384805000.0,28354303.0
AAREYDRUGS,2024,3951029000.0,46837000.0,1327556000.0,28354303.0
AAREYDRUGS,2023,4128498000.0,37711000.0,1174084000.0,28354303.0
AAREYDRUGS,2022,4916097000.0,65548000.0,1136373000.0,28354303.0
AARON,2025,778664000.0,82432000.0,430297000.0,20946478.0
AARON,2024,631809000.0,63309000.0,358427000.0,20946478.0
AARON,2023,558054000.0,54044000.0,204790000.0,20946478.0
AARON,2022,377292000.0,37092000.0,158892000.0,20946478.0
AARTECH,2025,363522000.0,27642000.0,314556000.0,31770375.0
AARTECH,2024,327441000.0,13153000.0,295348000.0,31770375.0
AARTECH,2023,216880000.0,14217000.0,288729000.0,31770375.0
AARTECH,2022,163364000.0,27975000.0,280248000.0,31770375.0
AARTIDRUGS,2025,23689276000.0,1681585000.0,13689985000.0,91270000.0
AARTIDRUGS,2024,25088708000.0,1714182000.0,12815485000.0,91270000.0
AARTIDRUGS,2023,27055678000.0,1663088000.0,11924347000.0,91270000.0
AARTIDRUGS,2022,24886458000.0,2050386000.0,10363611000.0,91270000.0
AARTIIND,2025,71313200000.0,3308700000.0,56051200000.0,362594369.0
AARTIIND,2024,61916900000.0,4164600000.0,52897700000.0,362594369.0
AARTIIND,2023,64921600000.0,5452300000.0,49200800000.0,362594369.0
AARTIIND,2022,51911900000.0,11856700000.0,45166900000.0,362594369.0
AARTIPHARM,2025,20860021000.0,2724048000.0,19899064000.0,90657751.0
AARTIPHARM,2024,18155052000.0,2169021000.0,17570392000.0,90657751.0
AARTIPHARM,2023,19360045000.0,1934934000.0,15584866000.0,90657751.0
AARTIPHARM,2022,11920336000.0,1222511000.0,13864778000.0,90657751.0
AARTISURF,2025,6485132000.0,145447000.0,2326248000.0,8464995.0
AARTISURF,2024,5856154000.0,213270000.0,2181097000.0,8464995.0
AARTISURF,2023,5972476000.0,127045000.0,1680276000.0,8464995.0
AARTISURF,2022,5703729000.0,54948000.0,1359177000.0,8464995.0
AARVI,2025,5040768000.0,100445000.0,1253234000.0,14810700.0
AARVI,2024,3997643000.0,113436000.0,1167008000.0,14810700.0
AARVI,2023,4299906000.0,145115000.0,1080596000.0,14810700.0
AARVI,2022,2834715000.0,120674000.0,946891000.0,14810700.0
AAVAS,2025,19875221000.0,5741082000.0,43608323000.0,79282743.0
AAVAS,2024,16799835000.0,4906942000.0,37733152000.0,79282743.0
AAVAS,2023,13555177000.0,4296438000.0,32696600000.0,79282743.0
AAVAS,2022,11107567000.0,3551806000.0,28064303000.0,79282743.0
ABB,2025,130653200000.0,16694000000.0,78359900000.0,211908375.0
ABB,2024,120876700000.0,18746100000.0,70754000000.0,211908375.0
ABB,2023,103666800000.0,12481800000.0,59446000000.0,211908375.0
ABB,2022,84984100000.0,10256100000.0,49394100000.0,211908375.0
ABB,2021,,,,211908375.0
ABBOTINDIA,2025,64069700000.0,14144400000.0,42331500000.0,21249302.0
ABBOTINDIA,2024,58471900000.0,12012200000.0,36988900000.0,21249302.0
ABBOTINDIA,2023,53467300000.0,9494100000.0,31885400000.0,21249302.0
ABBOTINDIA,2022,49103000000.0,7987000000.0,28197900000.0,21249302.0
ABCAPITAL,2025,431489900000.0,33043200000.0,303887200000.0,2620420453.0
ABCAPITAL,2024,406273700000.0,32843700000.0,268172600000.0,2620420453.0
ABCAPITAL,2023,285782800000.0,47957700000.0,203107500000.0,2620420453.0
ABCAPITAL,2022,256184300000.0,17059700000.0,154921100000.0,2620420453.0
ABCOTS,2025,2961467000.0,102125000.0,1107564000.0,21963620.0
ABCOTS,2024,2520353000.0,66984000.0,684638000.0,21963620.0
ABCOTS,2023,1681125000.0,19330000.0,425784000.0,21963620.0
ABCOTS,2022,1398636000.0,68332000.0,388244000.0,21963620.0
ABDL,2025,33438748000.0,1948640000.0,15428555000.0,279710151.0
ABDL,2024,31776414000.0,18289000.0,4069282000.0,279710151.0
ABDL,2023,29957895000.0,16001000.0,4061031000.0,279710151.0
ABDL,2022,25589090000.0,14760000.0,4040980000.0,279710151.0
ABFRL,2025,73089100000.0,-5441700000.0,68121700000.0,1216387646.0
ABFRL,2024,63853200000.0,-7991300000.0,40223800000.0,1216387646.0
ABFRL,2023,123628700000.0,-360000000.0,33432900000.0,1216387646.0
ABFRL,2022,80930600000.0,-1087200000.0,27733200000.0,1216387646.0
ABINFRA,2025,2081688000.0,161214000.0,1103782000.0,638789360.0
ABINFRA,2024,1838101000.0,114175000.0,815463000.0,638789360.0
ABINFRA,2023,1230885000.0,75377000.0,353209000.0,638789360.0
ABINFRA,2022,643157000.0,8644000.0,277877000.0,638789360.0
ABMINTLLTD,2025,801932000.0,-13644000.0,135279000.0,9408000.0
ABMINTLLTD,2024,936437000.0,-34155000.0,148539000.0,9408000.0
ABMINTLLTD,2023,853700000.0,-66990000.0,181943000.0,9408000.0
ABMINTLLTD,2022,1269854000.0,13718000.0,245107000.0,9408000.0
ABREL,2025,12033700000.0,-1525800000.0,38402600000.0,110559153.0
ABREL,2024,10903200000.0,1184000000.0,39791400000.0,110559153.0
ABREL,2023,37919500000.0,3299200000.0,38868400000.0,110559153.0
ABREL,2022,40700800000.0,1589900000.0,37188300000.0,110559153.0
ABSLAMC,2025,16847800000.0,9306000000.0,37268700000.0,288806197.0
ABSLAMC,2024,13531900000.0,7803600000.0,31688800000.0,288806197.0
ABSLAMC,2023,12266100000.0,5963800000.0,25169900000.0,288806197.0
ABSLAMC,2022,12929616000.0,6727718000.0,21964557000.0,288806197.0
ACC,2025,206721500000.0,24021200000.0,185548400000.0,187787263.0
ACC,2024,195735800000.0,23349200000.0,163282200000.0,187787263.0
ACC,2022,174192700000.0,6494400000.0,138860400000.0,187787263.0
ACC,2021,158144000000.0,18629900000.0,143088300000.0,187787263.0
ACCELYA,2025,5284914000.0,1290159000.0,2776759000.0,14926261.0
ACCELYA,2024,5107945000.0,938480000.0,2828585000.0,14926261.0
ACCELYA,2023,4693627000.0,1267236000.0,2700358000.0,14926261.0
ACCELYA,2022,3683981000.0,761877000.0,2626898000.0,14926261.0
ACCELYA,2021,,,,14926261.0
ACCURACY,2025,9460630000.0,46520000.0,1207890000.0,150560000.0
ACCURACY,2024,7083270000.0,4970000.0,1161370000.0,150560000.0
ACCURACY,2023,8773400000.0,82190000.0,1156400000.0,150560000.0
ACCURACY,2022,8244510000.0,181000000.0,1081780000.0,150560000.0
ACE,2025,33245835000.0,4092186000.0,16147255000.0,119016480.0
ACE,2024,29096801000.0,3281611000.0,12298410000.0,119016480.0
ACE,2023,21574097000.0,1715994000.0,9185589000.0,119016480.0
ACE,2022,16295800000.0,1050200000.0,7541164000.0,119016480.0
ACEINTEG,2025,85500000.0,-15600000.0,175400000.0,10200000.0
ACEINTEG,2024,91400000.0,4100000.0,190300000.0,10200000.0
ACEINTEG,2023,69100000.0,4700000.0,184500000.0,10200000.0
ACEINTEG,2022,87400000.0,9900000.0,179600000.0,10200000.0
ACI,2025,10394407000.0,1621487000.0,18640132000.0,123458394.0
ACI,2024,13039527000.0,3189775000.0,17015505000.0,123458394.0
ACI,2023,14395738000.0,3825592000.0,14310198000.0,123458394.0
ACI,2022,11295843000.0,1882092000.0,2622856000.0,123458394.0
ACL,2025,2728700000.0,-1521100000.0,1445500000.0,92172140.0
ACL,2024,2655800000.0,-656100000.0,2968100000.0,92172140.0
ACL,2023,0.0,9496200000.0,3552400000.0,92172140.0
ACL,2022,0.0,-2362998000.0,-9166028000.0,92172140.0
ACMESOLAR,2025,14051310000.0,2521080000.0,45105800000.0,605296727.0
ACMESOLAR,2024,13188540000.0,6977980000.0,25908690000.0,605296727.0
ACMESOLAR,2023,12943970000.0,-31410000.0,19005630000.0,605296727.0
ACMESOLAR,2022,14874070000.0,620340000.0,19087630000.0,605296727.0
ACUTAAS,2025,9999668000.0,1587136000.0,13096287000.0,81871122.0
ACUTAAS,2024,7130117000.0,427730000.0,6739974000.0,81871122.0
ACUTAAS,2023,6130573000.0,832897000.0,5939592000.0,81871122.0
ACUTAAS,2022,5201350000.0,719461000.0,5222739000.0,81871122.0
ADANIENSOL,2025,235461500000.0,10341400000.0,220682000000.0,1201282642.0
ADANIENSOL,2024,163550100000.0,11411000000.0,126415500000.0,1201282642.0
ADANIENSOL,2023,130650700000.0,12521200000.0,117491700000.0,1201282642.0
ADANIENSOL,2022,109602100000.0,12332900000.0,99128200000.0,1201282642.0
ADANIENT,2025,977110800000.0,71119600000.0,503139700000.0,1154180729.0
ADANIENT,2024,963161500000.0,32395500000.0,390760900000.0,1154180729.0
ADANIENT,2023,1273896500000.0,24550200000.0,330510100000.0,1154180729.0
ADANIENT,2022,693043600000.0,7765600000.0,222565100000.0,1154180729.0
ADANIGREEN,2025,112120000000.0,14440000000.0,121370000000.0,1647176155.0
ADANIGREEN,2024,92200000000.0,11000000000.0,106420000000.0,1647176155.0
ADANIGREEN,2023,77750000000.0,9740000000.0,73040000000.0,1647176155.0
ADANIGREEN,2022,51330000000.0,4890000000.0,26140000000.0,1647176155.0
ADANIPORTS,2025,304753300000.0,110923100000.0,624353900000.0,2303959098.0
ADANIPORTS,2024,267105600000.0,85658000000.0,529447700000.0,2303959098.0
ADANIPORTS,2023,208519100000.0,53088500000.0,455559200000.0,2303959098.0
ADANIPORTS,2022,169790800000.0,48860300000.0,419882200000.0,2303959098.0
ADANIPOWER,2025,561318200000.0,129387700000.0,563470900000.0,19284694705.0
ADANIPOWER,2024,500510700000.0,208287900000.0,431450300000.0,19284694705.0
ADANIPOWER,2023,380230300000.0,107266400000.0,298756600000.0,19284694705.0
ADANIPOWER,2022,276549000000.0,49115800000.0,187034400000.0,19284694705.0
ADFFOODS,2025,5580117000.0,692557000.0,4926606000.0,109863595.0
ADFFOODS,2024,5005802000.0,752860000.0,4411419000.0,109863595.0
ADFFOODS,2023,4443016000.0,560989000.0,4192462000.0,109863595.0
ADFFOODS,2022,4057961000.0,480981000.0,3429702000.0,109863595.0
ADL,2025,524045000.0,565000.0,507684000.0,5566250.0
ADL,2024,471066000.0,286000.0,507518000.0,5566250.0
ADL,2023,504415000.0,7301000.0,506570000.0,5566250.0
ADL,2022,419570000.0,2458000.0,498976000.0,5566250.0
ADOR,2025,11178700000.0,600500000.0,5070900000.0,17402815.0
ADOR,2024,10678500000.0,864600000.0,4730100000.0,17402815.0
ADOR,2023,7711500000.0,592900000.0,3235300000.0,17402815.0
ADOR,2022,6570000000.0,450200000.0,2819200000.0,17402815.0
ADROITINFO,2025,317122000.0,6883000.0,746764000.0,54177208.0
ADROITINFO,2024,248560000.0,29956000.0,353459000.0,54177208.0
ADROITINFO,2023,224473000.0,37833000.0,198502000.0,54177208.0
ADROITINFO,2022,63710000.0,6187000.0,69253000.0,54177208.0
ADSL,2025,8070700000.0,321100000.0,6017600000.0,56514128.0
ADSL,2024,6867400000.0,414300000.0,5786100000.0,56514128.0
ADSL,2023,6600700000.0,537700000.0,5359500000.0,56514128.0
ADSL,2022,4846700000.0,610300000.0,5313800000.0,56514128.0
ADVAIT,2025,3990658000.0,309522000.0,2023831000.0,10943011.0
ADVAIT,2024,2071928000.0,218781000.0,734370000.0,10943011.0
ADVAIT,2023,1021598000.0,84396000.0,458435000.0,10943011.0
ADVAIT,2022,786582000.0,53192000.0,367951000.0,10943011.0
ADVANCE,2025,5019190000.0,256380000.0,1008730000.0,64285720.0
ADVANCE,2024,4553370000.0,247320000.0,752640000.0,64285720.0
ADVANCE,2023,3970620000.0,148680000.0,506000000.0,64285720.0
ADVANCE,2022,2507460000.0,89890000.0,357020000.0,64285720.0
ADVANIHOTR,2025,980912000.0,264355000.0,814202000.0,92438500.0
ADVANIHOTR,2024,968412000.0,249575000.0,718873000.0,92438500.0
ADVANIHOTR,2023,917230000.0,286048000.0,627264000.0,92438500.0
ADVANIHOTR,2022,486745000.0,65081000.0,498529000.0,92438500.0
ADVENTHTL,2025,0.0,-98000.0,-651000.0,53942887.0
ADVENTHTL,2024,0.0,-54000.0,-553000.0,53942887.0
ADVENZYMES,2025,6365070000.0,1311150000.0,14208630000.0,111926800.0
ADVENZYMES,2024,6234770000.0,1333050000.0,13241280000.0,111926800.0
ADVENZYMES,2023,5403820000.0,1056390000.0,12350690000.0,111926800.0
ADVENZYMES,2022,5289040000.0,1195820000.0,10885930000.0,111926800.0
AEGISLOG,2025,65691109000.0,6633779000.0,46308211000.0,351000000.0
AEGISLOG,2024,70393191000.0,5691992000.0,38943514000.0,351000000.0
AEGISLOG,2023,86221515000.0,4629540000.0,35323401000.0,351000000.0
AEGISLOG,2022,46243545000.0,3575229000.0,21797987000.0,351000000.0
AEGISVOPAK,2024,5617610000.0,865440000.0,9970650000.0,1107991489.0
AEGISVOPAK,2023,3533320000.0,-750000.0,9529910000.0,1107991489.0
AEGISVOPAK,2022,0.0,-10920000.0,17890000.0,1107991489.0
AEPL,2025,723477000.0,75598000.0,859594000.0,
AEPL,2024,413592000.0,38996000.0,784987000.0,
AEPL,2023,582176000.0,62764000.0,756169000.0,
AEPL,2022,343295000.0,-120208000.0,693310000.0,
AEQUS,2025,8979630000.0,-1024190000.0,7169190000.0,654854135.0
AEQUS,2024,9411920000.0,-87410000.0,4094450000.0,654854135.0
AEQUS,2023,7914720000.0,-980570000.0,2786080000.0,654854135.0
AEROENTER,2025,5785377000.0,531200000.0,7007219000.0,113085000.0
AEROENTER,2024,5006228000.0,2579161000.0,6483206000.0,113085000.0
AEROENTER,2023,4648117000.0,428016000.0,2613604000.0,113085000.0
AEROENTER,2022,3376238000.0,355438000.0,2029438000.0,113085000.0
AEROFLEX,2025,3665869000.0,525076000.0,3424162000.0,132330768.0
AEROFLEX,2024,3115912000.0,417340000.0,2931498000.0,132330768.0
AEROFLEX,2023,2627197000.0,301521000.0,1140931000.0,132330768.0
AEROFLEX,2022,2329870000.0,275060000.0,862230000.0,132330768.0
AERONEU,2025,1292353000.0,2022000.0,841400000.0,25796000.0
AERONEU,2024,1091886000.0,7969000.0,839915000.0,25796000.0
AERONEU,2023,953992000.0,34152000.0,846348000.0,25796000.0
AERONEU,2022,805114000.0,42033000.0,240465000.0,25796000.0
AETHER,2025,8386900000.0,1584180000.0,22258850000.0,132679824.0
AETHER,2024,5981730000.0,824900000.0,20633200000.0,132679824.0
AETHER,2023,6510740000.0,1304150000.0,12446060000.0,132679824.0
AETHER,2022,5900480000.0,1089290000.0,3868890000.0,132679824.0
AFCONS,2025,125037600000.0,4868100000.0,52605200000.0,367784631.0
AFCONS,2024,131943700000.0,4497600000.0,35959500000.0,367784631.0
AFCONS,2023,125393150000.0,4108700000.0,27257180000.0,367784631.0
AFCONS,2022,109434630000.0,3563550000.0,22620800000.0,367784631.0
AFFLE,2025,22654990000.0,3818690000.0,29464570000.0,140602942.0
AFFLE,2024,18420780000.0,2972690000.0,24980400000.0,140602942.0
AFFLE,2023,14334440000.0,2445890000.0,14650510000.0,140602942.0
AFFLE,2022,10816560000.0,2138780000.0,11781150000.0,140602942.0
AFFORDABLE,2025,1621692000.0,-116488000.0,1007464000.0,11246266.0
AFFORDABLE,2024,1627336000.0,64275000.0,1126061000.0,11246266.0
AFFORDABLE,2023,1136250000.0,21613000.0,594604000.0,11246266.0
AFFORDABLE,2022,807161000.0,23692000.0,532644000.0,11246266.0
AFIL,2025,979082000.0,332319000.0,3822068000.0,426749960.0
AFIL,2024,711444000.0,185292000.0,2232387000.0,426749960.0
AFIL,2023,649138000.0,145186000.0,2047103000.0,426749960.0
AFIL,2022,668375000.0,41207000.0,1368444000.0,426749960.0
AFSL,2025,32654646000.0,1085106000.0,10740602000.0,50658840.0
AFSL,2024,13370532000.0,892434000.0,9308291000.0,50658840.0
AFSL,2023,11303691000.0,702937000.0,8268796000.0,50658840.0
AFSL,2022,5842566000.0,618404000.0,6311348000.0,50658840.0
AGARIND,2025,23989270000.0,1156865000.0,6270948000.0,14957789.0
AGARIND,2024,21252993000.0,1092197000.0,5110181000.0,14957789.0
AGARIND,2023,20150143000.0,922579000.0,4037098000.0,14957789.0
AGARIND,2022,15982437000.0,636889000.0,2945617000.0,14957789.0
AGARWALEYE,2025,17046100000.0,834600000.0,18665900000.0,316807506.0
AGARWALEYE,2024,13276700000.0,830600000.0,13393800000.0,316807506.0
AGARWALEYE,2023,10164820000.0,940970000.0,6295570000.0,316807506.0
AGARWALEYE,2022,6952650000.0,376940000.0,2123770000.0,316807506.0
AGI,2025,25288220000.0,3224106000.0,20977259000.0,64697381.0
AGI,2024,24000656000.0,2513280000.0,18146132000.0,64697381.0
AGI,2023,22564799000.0,2487885000.0,16065838000.0,64697381.0
AGI,2022,14120690000.0,1165227000.0,13920820000.0,64697381.0
AGIIL,2025,3248732000.0,666642000.0,2947980000.0,124997388.0
AGIIL,2024,2923270000.0,520949000.0,2246482000.0,124997388.0
AGIIL,2023,2411065000.0,481140000.0,1724193000.0,124997388.0
AGIIL,2022,1974548000.0,364208000.0,1258420000.0,124997388.0
AGRITECH,2025,1802000.0,-11126000.0,1001390000.0,5940000.0
AGRITECH,2024,1552000.0,97422000.0,1012454000.0,5940000.0
AGRITECH,2023,2332000.0,-3885000.0,915126000.0,5940000.0
AGRITECH,2022,2845000.0,-5826000.0,918933000.0,5940000.0
AGROPHOS,2024,655445000.0,-76778000.0,601616000.0,20274115.0
AGROPHOS,2023,718212000.0,50036000.0,520470000.0,20274115.0
AGROPHOS,2022,609906000.0,58311000.0,469689000.0,20274115.0
AGSTRA,2024,14706340000.0,-800880000.0,4616610000.0,128106004.0
AGSTRA,2023,16712730000.0,369620000.0,5350580000.0,128106004.0
AGSTRA,2022,17718720000.0,-824680000.0,4817680000.0,128106004.0
AHCL,2025,1202866000.0,205179000.0,804217000.0,53151500.0
AHCL,2024,665837000.0,96571000.0,210314000.0,53151500.0
AHCL,2023,1128774000.0,58200000.0,73742000.0,53151500.0
AHCL,2022,571427000.0,-1077000.0,15542000.0,53151500.0
AHLADA,2025,1319951000.0,37056000.0,1391440000.0,12921000.0
AHLADA,2024,2595169000.0,136487000.0,1375058000.0,12921000.0
AHLADA,2023,1630271000.0,50941000.0,1256660000.0,12921000.0
AHLADA,2022,1312625000.0,51826000.0,1223808000.0,12921000.0
AHLEAST,2025,1119384000.0,175203000.0,2435690000.0,17291696.0
AHLEAST,2024,1078082000.0,317072000.0,2302871000.0,17291696.0
AHLEAST,2023,924762000.0,238599000.0,2029147000.0,17291696.0
AHLEAST,2022,509391000.0,-40310000.0,6867052000.0,17291696.0
AHLUCONT,2025,40986231000.0,2020813000.0,17984474000.0,66987560.0
AHLUCONT,2024,38552977000.0,3748260000.0,15999453000.0,66987560.0
AHLUCONT,2023,28050878000.0,1939768000.0,12283318000.0,66987560.0
AHLUCONT,2022,26711006000.0,1552166000.0,10351854000.0,66987560.0
AHLWEST,2025,4105091000.0,397974000.0,-780083000.0,11651210.0
AHLWEST,2024,3997405000.0,55058000.0,-1175871000.0,11651210.0
AHLWEST,2023,3189106000.0,324386000.0,-1230553000.0,11651210.0
AHLWEST,2022,1483679000.0,-1175011000.0,-1552162000.0,11651210.0
AIAENG,2025,42376384000.0,10607360000.0,69269984000.0,93320370.0
AIAENG,2024,47834889000.0,11355733000.0,66577419000.0,93320370.0
AIAENG,2023,48517916000.0,10559289000.0,56913260000.0,93320370.0
AIAENG,2022,35231634000.0,6196809000.0,47549601000.0,93320370.0
AIIL,2025,28448800000.0,42414100000.0,146893400000.0,849225500.0
AIIL,2024,22393900000.0,42848300000.0,103451000000.0,849225500.0
AIIL,2023,4312400000.0,43040300000.0,34164200000.0,849225500.0
AIIL,2022,8928665000.0,6687378000.0,31213092000.0,849225500.0
AIRAN,2025,1064984000.0,184755000.0,1443069000.0,125020000.0
AIRAN,2024,1054966000.0,125466000.0,1260268000.0,125020000.0
AIRAN,2023,973853000.0,103586000.0,1137358000.0,125020000.0
AIRAN,2022,872822000.0,96147000.0,1035493000.0,125020000.0
AIROLAM,2025,2135181000.0,27032000.0,733100000.0,15002000.0
AIROLAM,2024,2059245000.0,78427000.0,704687000.0,15002000.0
AIROLAM,2023,1994603000.0,73954000.0,640133000.0,15002000.0
AIROLAM,2022,1688969418.0,64871536.0,561873891.0,15002000.0
AJANTPHARM,2025,45875100000.0,9203900000.0,37902900000.0,124935624.0
AJANTPHARM,2024,41615900000.0,8161700000.0,35673700000.0,124935624.0
AJANTPHARM,2023,37075200000.0,5879800000.0,33879900000.0,124935624.0
AJANTPHARM,2022,32841300000.0,7126800000.0,32643500000.0,124935624.0
AJAXENGG,2025,20717980000.0,2600960000.0,11571370000.0,114406800.0
AJAXENGG,2024,17395790000.0,2251490000.0,9179590000.0,114406800.0
AJAXENGG,2023,11497680000.0,1359040000.0,7138000000.0,114406800.0
AJAXENGG,2022,7619640000.0,662080000.0,5782740000.0,114406800.0
AJMERA,2025,7379549000.0,1259420000.0,12065137000.0,196795650.0
AJMERA,2024,6999623000.0,1028470000.0,8656969000.0,196795650.0
AJMERA,2023,4311045000.0,714997000.0,7736702000.0,196795650.0
AJMERA,2022,4826834000.0,453857000.0,7098905000.0,196795650.0
AJOONI,2025,1146919000.0,33720000.0,880788000.0,172243598.0
AJOONI,2024,801146000.0,21612000.0,427085000.0,172243598.0
AJOONI,2023,744877000.0,11247000.0,416693000.0,172243598.0
AJOONI,2022,740378000.0,10488000.0,163824000.0,172243598.0
AKASH,2025,576311000.0,8909000.0,846650000.0,16862534.0
AKASH,2024,595231000.0,2255000.0,837970000.0,16862534.0
AKASH,2023,617802000.0,13795000.0,835274000.0,16862534.0
AKASH,2022,721227000.0,23235000.0,822517000.0,16862534.0
AKG,2025,1326906000.0,8582000.0,529066000.0,31776576.0
AKG,2024,1835928000.0,16059000.0,525751000.0,31776576.0
AKG,2023,2211451000.0,25711000.0,510905000.0,31776576.0
AKG,2022,1863403000.0,19390000.0,231046000.0,31776576.0
AKI,2025,780271000.0,16778000.0,651369000.0,103205956.0
AKI,2024,695485000.0,13671000.0,597141000.0,103205956.0
AKI,2023,702623000.0,11555000.0,149883000.0,103205956.0
AKI,2022,609394000.0,16463000.0,140622000.0,103205956.0
AKSHAR,2025,1167691000.0,-44481000.0,882116000.0,787468500.0
AKSHAR,2024,1749551000.0,34551000.0,438834000.0,787468500.0
AKSHAR,2023,1365554000.0,-27643000.0,406415000.0,787468500.0
AKSHAR,2022,1725194000.0,70236000.0,432336000.0,787468500.0
AKSHARCHEM,2025,3462652000.0,47704000.0,2637112000.0,8033099.0
AKSHARCHEM,2024,3020470000.0,-186773000.0,2591859000.0,8033099.0
AKSHARCHEM,2023,3246087000.0,-9421000.0,2783644000.0,8033099.0
AKSHARCHEM,2022,3682191000.0,159148000.0,2797192000.0,8033099.0
AKSHOPTFBR,2025,1301819000.0,-259666000.0,116043000.0,162697971.0
AKSHOPTFBR,2024,2182824000.0,-713052000.0,404701000.0,162697971.0
AKSHOPTFBR,2023,2838835000.0,-135768000.0,754608000.0,162697971.0
AKSHOPTFBR,2022,3105292000.0,-4153000.0,1035711000.0,162697971.0
AKUMS,2025,40710930000.0,3381760000.0,30470140000.0,153102058.0
AKUMS,2024,40196820000.0,-40350000.0,7094980000.0,153102058.0
AKUMS,2023,34747640000.0,948550000.0,7171890000.0,153102058.0
AKUMS,2022,36468340000.0,-2525360000.0,6219760000.0,153102058.0
AKZOINDIA,2025,40648000000.0,4295000000.0,13302000000.0,45540314.0
AKZOINDIA,2024,39367000000.0,4266000000.0,13299000000.0,45540314.0
AKZOINDIA,2023,37768000000.0,3351000000.0,13163000000.0,45540314.0
AKZOINDIA,2022,31087000000.0,2901000000.0,12595000000.0,45540314.0
ALANKIT,2025,3010058000.0,198570000.0,2967193000.0,271158100.0
ALANKIT,2024,2356869000.0,215588000.0,2762104000.0,271158100.0
ALANKIT,2023,3116883000.0,-337370000.0,1610050000.0,271158100.0
ALANKIT,2022,1281484000.0,23565000.0,1332309000.0,271158100.0
ALBERTDAVD,2025,3432465000.0,172008000.0,3924834000.0,5707162.0
ALBERTDAVD,2024,3602625000.0,754201000.0,3829810000.0,5707162.0
ALBERTDAVD,2023,3400087000.0,361749000.0,3115728000.0,5707162.0
ALBERTDAVD,2022,3124268000.0,352583000.0,2794711000.0,5707162.0
ALEMBICLTD,2025,2111813000.0,3106768000.0,23385908000.0,256781828.0
ALEMBICLTD,2024,1471222000.0,2686191000.0,21855645000.0,256781828.0
ALEMBICLTD,2023,1183419000.0,1906490000.0,20780328000.0,256781828.0
ALEMBICLTD,2022,713693000.0,2220590000.0,24965833000.0,256781828.0
ALGOQUANT,2025,2282167000.0,318944000.0,1009493000.0,281096028.0
ALGOQUANT,2024,1279205000.0,245779000.0,689005000.0,281096028.0
ALGOQUANT,2023,146484000.0,-29309000.0,342869000.0,281096028.0
ALGOQUANT,2022,160578000.0,32379000.0,335416000.0,281096028.0
ALICON,2025,16423754000.0,460608000.0,5932739000.0,16336840.0
ALICON,2024,14964242000.0,613668000.0,5552014000.0,16336840.0
ALICON,2023,13368575000.0,514211000.0,4878512000.0,16336840.0
ALICON,2022,10417843000.0,241806000.0,4489862000.0,16336840.0
ALIVUS,2025,23398350000.0,4856270000.0,28173720000.0,122736348.0
ALIVUS,2024,21847700000.0,4708880000.0,23323220000.0,122736348.0
ALIVUS,2023,20478400000.0,4669610000.0,21382070000.0,122736348.0
ALIVUS,2022,20874480000.0,4187240000.0,20543120000.0,122736348.0
ALKALI,2025,823103000.0,-57998000.0,445248000.0,10182506.0
ALKALI,2024,823046000.0,11288000.0,513457000.0,10182506.0
ALKALI,2023,863853000.0,29128000.0,528671000.0,10182506.0
ALKALI,2022,910159000.0,34808000.0,520827000.0,10182506.0
ALKEM,2025,128046200000.0,21654800000.0,119848700000.0,119565000.0
ALKEM,2024,124392400000.0,17957700000.0,103120600000.0,119565000.0
ALKEM,2023,114403500000.0,9841700000.0,90452900000.0,119565000.0
ALKEM,2022,105120300000.0,16456200000.0,86379000000.0,119565000.0
ALKYLAMINE,2025,15481961000.0,1861144000.0,14024844000.0,51144052.0
ALKYLAMINE,2024,14189986000.0,1488731000.0,12671444000.0,51144052.0
ALKYLAMINE,2023,16568933000.0,2286553000.0,11689264000.0,51144052.0
ALKYLAMINE,2022,15236060000.0,2248965000.0,9898059000.0,51144052.0
ALLCARGO,2025,160074100000.0,340200000.0,24225600000.0,1497778469.0
ALLCARGO,2024,129413900000.0,1472700000.0,25216300000.0,1497778469.0
ALLCARGO,2023,180152500000.0,6295900000.0,28142200000.0,1497778469.0
ALLCARGO,2022,190554000000.0,7851800000.0,31617600000.0,1497778469.0
ALLDIGI,2025,5463100000.0,833000000.0,2594900000.0,15238326.0
ALLDIGI,2024,4693700000.0,640000000.0,2454600000.0,15238326.0
ALLDIGI,2023,3904500000.0,488600000.0,2296900000.0,15238326.0
ALLDIGI,2022,3172000000.0,356400000.0,2094500000.0,15238326.0
ALLTIME,2025,5553250000.0,472940000.0,2487790000.0,65507778.0
ALLTIME,2024,5111090000.0,447900000.0,2019210000.0,65507778.0
ALLTIME,2023,4416080000.0,282700000.0,1576460000.0,65507778.0
ALLTIME,2022,3986320000.0,245350000.0,1296600000.0,65507778.0
ALMONDZ,2025,1479611000.0,173247000.0,2413984000.0,173646754.0
ALMONDZ,2024,1119164000.0,340685000.0,2199719000.0,173646754.0
ALMONDZ,2023,749223000.0,157773000.0,2100748000.0,173646754.0
ALMONDZ,2022,651623000.0,185420000.0,1832896000.0,173646754.0
ALOKINDS,2025,36275800000.0,-8164300000.0,-206301200000.0,4965240401.0
ALOKINDS,2024,54214900000.0,-8468200000.0,-197758700000.0,4965240401.0
ALOKINDS,2023,69008700000.0,-8804600000.0,-189004300000.0,4965240401.0
ALOKINDS,2022,71795700000.0,-2086000000.0,-179073100000.0,4965240401.0
ALPA,2025,1116348000.0,195031000.0,1714341000.0,21040600.0
ALPA,2024,1079185000.0,167765000.0,1519096000.0,21040600.0
ALPA,2023,924102000.0,125828000.0,1345775000.0,21040600.0
ALPA,2022,1105133000.0,140917000.0,1217312000.0,21040600.0
ALPHAGEO,2025,1256751000.0,-61118000.0,2693883000.0,6364767.0
ALPHAGEO,2024,986683000.0,3788000.0,2794548000.0,6364767.0
ALPHAGEO,2023,659497000.0,130025000.0,2831583000.0,6364767.0
ALPHAGEO,2022,1548826000.0,121924000.0,2716402000.0,6364767.0
AMAGI,2025,11626370000.0,-687140000.0,5094520000.0,216338944.0
AMAGI,2024,8791550000.0,-2450010000.0,4968030000.0,216338944.0
AMAGI,2023,6805580000.0,-3212680000.0,6444870000.0,216338944.0
AMANTA,2025,2720422000.0,105007000.0,963883000.0,38829351.0
AMANTA,2024,2784438000.0,36332000.0,662888000.0,38829351.0
AMANTA,2023,2575285000.0,-21106000.0,628834000.0,38829351.0
AMANTA,2022,2239904000.0,538817000.0,649724000.0,38829351.0
AMBER,2025,96737519000.0,2435580000.0,22857934000.0,35191667.0
AMBER,2024,65307471000.0,1328805000.0,20643576000.0,35191667.0
AMBER,2023,67461944000.0,1572036000.0,19087737000.0,35191667.0
AMBER,2022,41059271000.0,1091919000.0,17342097000.0,35191667.0
AMBICAAGAR,2025,1236158000.0,4886000.0,1092796000.0,17177400.0
AMBICAAGAR,2024,978465000.0,-36622000.0,1012804000.0,17177400.0
AMBICAAGAR,2023,1172362000.0,25281000.0,1049427000.0,17177400.0
AMBICAAGAR,2022,1163347000.0,24008000.0,1024367000.0,17177400.0
AMBIKCO,2025,6840746000.0,657416000.0,9040559000.0,5725000.0
AMBIKCO,2024,8015371000.0,629736000.0,8588939000.0,5725000.0
AMBIKCO,2023,8170832000.0,1118940000.0,8166154000.0,5725000.0
AMBIKCO,2022,8794929000.0,1798878000.0,7248673000.0,5725000.0
AMBUJACEM,2025,333623900000.0,41674300000.0,534432500000.0,2471823478.0
AMBUJACEM,2024,325297900000.0,35734000000.0,414516800000.0,2471823478.0
AMBUJACEM,2021,285480800000.0,27803800000.0,253537400000.0,2471823478.0
AMDIND,2025,2736077000.0,9991000.0,1571347000.0,19166749.0
AMDIND,2024,2740218000.0,-16737000.0,1561216000.0,19166749.0
AMDIND,2023,3453117000.0,192061000.0,1578046000.0,19166749.0
AMDIND,2022,2063900000.0,81979000.0,1401236000.0,19166749.0
AMIRCHAND,2025,19835680000.0,608220000.0,3791840000.0,
AMIRCHAND,2024,15241620000.0,304050000.0,3114790000.0,
AMIRCHAND,2023,13019370000.0,174960000.0,2808420000.0,
AMJLAND,2025,776458000.0,204669000.0,2271544000.0,41000000.0
AMJLAND,2024,564585000.0,110960000.0,1789489000.0,41000000.0
AMJLAND,2023,353420000.0,68100000.0,1456920000.0,41000000.0
AMJLAND,2022,286948000.0,88422000.0,1412516000.0,41000000.0
AMNPLST,2025,6607275000.0,410015000.0,2586654000.0,55020000.0
AMNPLST,2024,6470146000.0,398283000.0,2200997000.0,55020000.0
AMNPLST,2023,5972873000.0,228721000.0,1826456000.0,55020000.0
AMNPLST,2022,5631927000.0,238574000.0,1622613000.0,55020000.0
AMRUTANJAN,2025,4505054000.0,508347000.0,3266146000.0,28900081.0
AMRUTANJAN,2024,4201206000.0,449726000.0,2884883000.0,28900081.0
AMRUTANJAN,2023,3782252000.0,398349000.0,2907719000.0,28900081.0
AMRUTANJAN,2022,4045460000.0,671889000.0,2651238000.0,28900081.0
ANANDRATHI,2025,9390946000.0,2998253000.0,6739751000.0,83020634.0
ANANDRATHI,2024,7243224000.0,2249744000.0,6488540000.0,83020634.0
ANANDRATHI,2023,5486316000.0,1684067000.0,4682319000.0,83020634.0
ANANDRATHI,2022,4174851000.0,1264884000.0,3436669000.0,83020634.0
ANANTRAJ,2025,20599742000.0,4258186000.0,41607857000.0,359876930.0
ANANTRAJ,2024,14832966000.0,2659262000.0,36563565000.0,359876930.0
ANANTRAJ,2023,9569427000.0,1511163000.0,28250797000.0,359876930.0
ANANTRAJ,2022,4618600000.0,565200000.0,26391002000.0,359876930.0
ANDHRAPAP,2025,15222685000.0,889107000.0,19408336000.0,198850195.0
ANDHRAPAP,2024,17832579000.0,3397392000.0,18932008000.0,198850195.0
ANDHRAPAP,2023,20830562000.0,5224626000.0,15821706000.0,198850195.0
ANDHRAPAP,2022,13669207000.0,1397320000.0,10940924000.0,198850195.0
ANDHRSUGAR,2025,20143177000.0,258816000.0,15922486000.0,135535390.0
ANDHRSUGAR,2024,18909309000.0,751048000.0,15828657000.0,135535390.0
ANDHRSUGAR,2023,23563797000.0,1859581000.0,15412706000.0,135535390.0
ANDHRSUGAR,2022,19452308000.0,2422078000.0,15185586000.0,135535390.0
ANGELONE,2025,42476030000.0,11720810000.0,56213980000.0,910859230.0
ANGELONE,2024,33970390000.0,11255280000.0,30386030000.0,910859230.0
ANGELONE,2023,24731930000.0,8901920000.0,21615580000.0,910859230.0
ANGELONE,2022,19979410000.0,6250560000.0,15843770000.0,910859230.0
ANIKINDS,2025,1163725000.0,31003000.0,3870492000.0,27753486.0
ANIKINDS,2024,1006000000.0,3028000.0,3837594000.0,27753486.0
ANIKINDS,2023,1181011000.0,50830000.0,3836089000.0,27753486.0
ANIKINDS,2022,2435961000.0,100331000.0,3784896000.0,27753486.0
ANKITMETAL,2023,7575032000.0,-987473000.0,-8826431000.0,141110500.0
ANKITMETAL,2022,6761444000.0,-516231000.0,-7851807000.0,141110500.0
ANMOL,2025,12741116000.0,69877000.0,1074676000.0,56914150.0
ANMOL,2024,15004993000.0,209003000.0,1002788000.0,56914150.0
ANMOL,2023,14097998693.4,186572148.44,791136905.86,56914150.0
ANMOL,2022,10585949936.27,155549101.24,603970258.79,56914150.0
ANSALAPI,2024,5240971000.0,-439248000.0,-6522252000.0,157404876.0
ANSALAPI,2023,6602899000.0,-4233180000.0,-6076126000.0,157404876.0
ANSALAPI,2022,6780162000.0,-818555000.0,-2577551000.0,157404876.0
ANTELOPUS,2025,2580778000.0,739843000.0,4697443000.0,35162358.0
ANTELOPUS,2024,1656014000.0,327413000.0,3937682000.0,35162358.0
ANTELOPUS,2023,1179434000.0,308482000.0,3598854000.0,35162358.0
ANTELOPUS,2022,771857000.0,99240000.0,3287266000.0,35162358.0
ANTGRAPHIC,2024,8393000.0,-4297000.0,162877000.0,155009600.0
ANTGRAPHIC,2023,6769000.0,-50000.0,167174000.0,155009600.0
ANTGRAPHIC,2022,10320000.0,151000.0,167224000.0,155009600.0
ANTHEM,2025,18445530000.0,4512590000.0,24098640000.0,561713851.0
ANTHEM,2024,14193700000.0,3673100000.0,19246550000.0,561713851.0
ANTHEM,2023,10569240000.0,3851850000.0,17406680000.0,561713851.0
ANTHEM,2022,12312560000.0,4055390000.0,13549980000.0,561713851.0
ANUHPHR,2025,6615149000.0,473519000.0,3260248000.0,100224000.0
ANUHPHR,2024,6470043000.0,600575000.0,2912179000.0,100224000.0
ANUHPHR,2023,5274860000.0,361796000.0,2412212000.0,100224000.0
ANUHPHR,2022,4866462000.0,305613000.0,2137728000.0,100224000.0
ANUP,2025,7288049000.0,1183027000.0,6119581000.0,20031466.0
ANUP,2024,5403707000.0,1034750000.0,5284464100.0,20031466.0
ANUP,2023,4040520000.0,514300000.0,4376808000.0,20031466.0
ANUP,2022,2798871000.0,620544000.0,3934109000.0,20031466.0
ANURAS,2025,14023260000.0,933490000.0,28503120000.0,113848310.0
ANURAS,2024,14425840000.0,1286040000.0,27610240000.0,113848310.0
ANURAS,2023,15628630000.0,1808450000.0,23725880000.0,113848310.0
ANURAS,2022,10507750000.0,1521790000.0,17268490000.0,113848310.0
APARINDS,2025,184924700000.0,8213000000.0,45035400000.0,40168315.0
APARINDS,2024,160451500000.0,8251100000.0,38764300000.0,40168315.0
APARINDS,2023,142578400000.0,6377200000.0,22363900000.0,40168315.0
APARINDS,2022,92872200000.0,2567300000.0,17152300000.0,40168315.0
APCL,2025,4284000000.0,-808200000.0,2137300000.0,29374764.0
APCL,2024,6227800000.0,-390700000.0,2944400000.0,29374764.0
APCL,2023,6606700000.0,-581400000.0,3337200000.0,29374764.0
APCL,2022,7975400000.0,414200000.0,3183200000.0,29374764.0
APCOTEXIND,2025,13775308000.0,540646000.0,5531837000.0,51844960.0
APCOTEXIND,2024,11132037000.0,538787000.0,5217432000.0,51844960.0
APCOTEXIND,2023,10692676000.0,1079389000.0,4760131000.0,51844960.0
APCOTEXIND,2022,9511648000.0,988061000.0,3961635000.0,51844960.0
APEX,2025,7663546000.0,38765000.0,4944814000.0,31250000.0
APEX,2024,7589882000.0,145993000.0,4970560000.0,31250000.0
APEX,2023,10114328000.0,358741000.0,4899624000.0,31250000.0
APEX,2022,8949706000.0,410745000.0,4684264000.0,31250000.0
APLAPOLLO,2025,199963100000.0,7570600000.0,42087200000.0,277658405.0
APLAPOLLO,2024,175069800000.0,7324400000.0,36046300000.0,277658405.0
APLAPOLLO,2023,156743500000.0,6418600000.0,30056100000.0,277658405.0
APLAPOLLO,2022,126252700000.0,6189800000.0,24640100000.0,277658405.0
APLLTD,2025,65397100000.0,5834200000.0,51909400000.0,196563124.0
APLLTD,2024,61121100000.0,6158200000.0,48182000000.0,196563124.0
APLLTD,2023,54997700000.0,3419900000.0,43704600000.0,196563124.0
APLLTD,2022,52317900000.0,5209400000.0,52375500000.0,196563124.0
APOLLO,2025,5620692000.0,563963000.0,6069037000.0,376008904.0
APOLLO,2024,3716342000.0,311194000.0,5185200000.0,376008904.0
APOLLO,2023,2975260000.0,187505000.0,3834917000.0,376008904.0
APOLLO,2022,2431911000.0,146218000.0,3193101000.0,376008904.0
APOLLOHOSP,2025,215774000000.0,14459000000.0,82123000000.0,143784657.0
APOLLOHOSP,2024,188623000000.0,8986000000.0,69354000000.0,143784657.0
APOLLOHOSP,2023,164448000000.0,8191000000.0,61974000000.0,143784657.0
APOLLOHOSP,2022,145362000000.0,10556000000.0,56233000000.0,143784657.0
APOLLOPIPE,2025,11783683000.0,326482000.0,7927546000.0,43913356.0
APOLLOPIPE,2024,9821607000.0,426447000.0,5740462000.0,43913356.0
APOLLOPIPE,2023,9109300000.0,239100000.0,4572200000.0,43913356.0
APOLLOPIPE,2022,7808100000.0,497600000.0,4053300000.0,43913356.0
APOLLOTYRE,2025,257809730000.0,11213200000.0,147656990000.0,633321783.0
APOLLOTYRE,2024,250203610000.0,17218660000.0,139021850000.0,633321783.0
APOLLOTYRE,2023,241223240000.0,10458440000.0,125781990000.0,633321783.0
APOLLOTYRE,2022,205808140000.0,6386000000.0,117521320000.0,633321783.0
APOLSINHOT,2025,5417884000.0,77249000.0,1460094000.0,2600400.0
APOLSINHOT,2024,5194067000.0,110686000.0,1350976000.0,2600400.0
APOLSINHOT,2023,3670034000.0,169150000.0,1200248000.0,2600400.0
APOLSINHOT,2022,2079357000.0,148057000.0,1023699000.0,2600400.0
APTECHT,2025,4601010000.0,190788000.0,2513241000.0,58002817.0
APTECHT,2024,4368055000.0,290416000.0,2599835000.0,58002817.0
APTECHT,2023,4569168000.0,676871000.0,2563535000.0,58002817.0
APTECHT,2022,2260976000.0,494372000.0,2098698000.0,58002817.0
APTUS,2025,12578874000.0,7512461000.0,43166518000.0,500742736.0
APTUS,2024,10213326000.0,6118956000.0,37679238000.0,500742736.0
APTUS,2023,8577256000.0,5030146000.0,33393312000.0,500742736.0
APTUS,2022,6316306000.0,3701401000.0,29161625000.0,500742736.0
AQYLON,2025,61052000.0,-223827000.0,-110463000.0,253730560.0
AQYLON,2024,27600000.0,-212658000.0,112863000.0,253730560.0
AQYLON,2023,0.0,-212664000.0,-996516000.0,253730560.0
AQYLON,2022,0.0,-212450000.0,-783852000.0,253730560.0
ARCHIDPLY,2025,5557119000.0,-73580000.0,1039108000.0,19865000.0
ARCHIDPLY,2024,4353491000.0,70984000.0,1115278000.0,19865000.0
ARCHIDPLY,2023,4209289000.0,122513000.0,1038108000.0,19865000.0
ARCHIDPLY,2022,3056804000.0,84569000.0,922478000.0,19865000.0
ARCHIES,2025,689024000.0,-14629000.0,1302058000.0,33780000.0
ARCHIES,2024,793328000.0,-82120000.0,992585000.0,33780000.0
ARCHIES,2023,831892000.0,24075000.0,1073004000.0,33780000.0
ARCHIES,2022,755324000.0,-26283000.0,1047747000.0,33780000.0
ARE&M,2025,127856400000.0,9446700000.0,73891300000.0,183025364.0
ARE&M,2024,116537200000.0,9343800000.0,67987300000.0,183025364.0
ARE&M,2023,103393400000.0,7308300000.0,60070400000.0,183025364.0
ARE&M,2022,86547000000.0,5125700000.0,45524800000.0,183025364.0
ARENTERP,2025,15728080.0,2349570.0,219215740.0,3108300.0
ARENTERP,2024,15786480.0,7188600.0,214438640.0,3108300.0
ARENTERP,2023,19036110.0,2962650.0,207802250.0,3108300.0
ARENTERP,2022,4360520.0,5359830.0,214471680.0,3108300.0
ARFIN,2025,6125463000.0,91463000.0,1567779000.0,168722482.0
ARFIN,2024,5322688000.0,82204000.0,963591000.0,168722482.0
ARFIN,2023,5432044000.0,103168000.0,880849000.0,168722482.0
ARFIN,2022,5248861000.0,91873000.0,776446000.0,168722482.0
ARIES,2025,6222172000.0,340228000.0,2895793000.0,13004339.0
ARIES,2024,5164576000.0,194311000.0,2603461000.0,13004339.0
ARIES,2023,4722359000.0,171293000.0,2428528000.0,13004339.0
ARIES,2022,4323685000.0,132903000.0,2242452000.0,13004339.0
ARIHANTCAP,2025,1392539000.0,587028000.0,3844551000.0,109612400.0
ARIHANTCAP,2024,1217494000.0,705104000.0,3225244000.0,109612400.0
ARIHANTCAP,2023,793620000.0,291176000.0,2565688000.0,109612400.0
ARIHANTCAP,2022,968994000.0,503610000.0,2288864000.0,109612400.0
ARIHANTSUP,2025,4977419000.0,546762000.0,3091692000.0,43249991.0
ARIHANTSUP,2024,5038470000.0,692246000.0,2691784000.0,43249991.0
ARIHANTSUP,2023,3887146000.0,314023000.0,2097707000.0,43249991.0
ARIHANTSUP,2022,3304152000.0,413414000.0,1784229000.0,43249991.0
ARIS,2025,7676720000.0,20650000.0,2311640000.0,81761246.0
ARIS,2024,6968420000.0,-186090000.0,1416040000.0,81761246.0
ARIS,2023,7460710000.0,-142070000.0,-402010000.0,81761246.0
ARIS,2022,4523480000.0,-61950000.0,-48470000.0,81761246.0
ARKADE,2025,6687666000.0,1569324000.0,8837020000.0,185663617.0
ARKADE,2024,6344436000.0,1229462000.0,3234023000.0,185663617.0
ARKADE,2023,2191570000.0,507830000.0,2003170000.0,185663617.0
ARKADE,2022,2230110000.0,504730000.0,1494940000.0,185663617.0
ARMANFIN,2025,6167130000.0,520732000.0,8744132000.0,10512921.0
ARMANFIN,2024,6163847000.0,1735728000.0,8126856000.0,10512921.0
ARMANFIN,2023,3885312000.0,938113000.0,3656905000.0,10512921.0
ARMANFIN,2022,2229870000.0,317228000.0,2126861000.0,10512921.0
AROGRANITE,2025,1230905000.0,-64228000.0,1858594000.0,15300000.0
AROGRANITE,2024,1550948000.0,13140000.0,1920238000.0,15300000.0
AROGRANITE,2023,1639020000.0,-57881000.0,1906143000.0,15300000.0
AROGRANITE,2022,2247401000.0,89059000.0,1964219000.0,15300000.0
ARROWGREEN,2025,2433500000.0,631300000.0,1882600000.0,15087938.0
ARROWGREEN,2024,1485100000.0,295100000.0,1268600000.0,15087938.0
ARROWGREEN,2023,1086900000.0,122800000.0,981900000.0,15087938.0
ARROWGREEN,2022,335600000.0,-93300000.0,746900000.0,15087938.0
ARSHIYA,2024,1544071000.0,-28185550000.0,-31765540000.0,263475915.0
ARSHIYA,2023,1518037000.0,-3454764000.0,1577457000.0,263475915.0
ARSHIYA,2022,1501112000.0,4312106000.0,3122262000.0,263475915.0
ARSSBL,2025,7041950000.0,1036060000.0,5037570000.0,62725250.0
ARSSBL,2024,5901310000.0,772900000.0,3926580000.0,62725250.0
ARSSBL,2023,4238730000.0,377450000.0,2652340000.0,62725250.0
ARSSBL,2022,3815960000.0,507990000.0,2273950000.0,62725250.0
ARTNIRMAN,2025,273852000.0,19923000.0,372862000.0,24956000.0
ARTNIRMAN,2024,342896000.0,11787000.0,352938000.0,24956000.0
ARTNIRMAN,2023,197168000.0,1122000.0,341152000.0,24956000.0
ARTNIRMAN,2022,366512000.0,-109970000.0,340030000.0,24956000.0
ARVEE,2025,384383820.0,21473100.0,312613310.0,11020000.0
ARVEE,2024,303422040.0,10518350.0,291140220.0,11020000.0
ARVEE,2023,612764590.0,41190020.0,280621860.0,11020000.0
ARVEE,2022,396888680.0,25738130.0,239419440.0,11020000.0
ARVIND,2025,80164100000.0,3534900000.0,37861000000.0,262114640.0
ARVIND,2024,74722200000.0,3366100000.0,35427500000.0,262114640.0
ARVIND,2023,81153900000.0,4080900000.0,33456300000.0,262114640.0
ARVIND,2022,75939100000.0,2645000000.0,29505300000.0,262114640.0
ARVINDFASN,2025,46176100000.0,-341500000.0,9571200000.0,133598300.0
ARVINDFASN,2024,42515500000.0,501200000.0,10032900000.0,133598300.0
ARVINDFASN,2023,40644400000.0,590000000.0,9096400000.0,133598300.0
ARVINDFASN,2022,30524000000.0,-1347800000.0,7502500000.0,133598300.0
ARVSMART,2025,7067764000.0,1104920000.0,5980069000.0,45866979.0
ARVSMART,2024,3302356000.0,415706000.0,4945613000.0,45866979.0
ARVSMART,2023,2457614000.0,256075000.0,4664117000.0,45866979.0
ARVSMART,2022,2443384000.0,250583000.0,4390784000.0,45866979.0
ASAHIINDIA,2025,45397600000.0,3712700000.0,26690000000.0,254927192.0
ASAHIINDIA,2024,43060100000.0,3279800000.0,23534500000.0,254927192.0
ASAHIINDIA,2023,39831900000.0,3648800000.0,20745300000.0,254927192.0
ASAHIINDIA,2022,31474400000.0,3447800000.0,17624700000.0,254927192.0
ASAHISONG,2025,5590554000.0,197546000.0,2550437000.0,11787262.0
ASAHISONG,2024,4253417000.0,200469000.0,2355866000.0,11787262.0
ASAHISONG,2023,5025398000.0,-116490000.0,2185867000.0,11787262.0
ASAHISONG,2022,4100015000.0,193596000.0,2423172000.0,11787262.0
ASAL,2025,7752832000.0,167789000.0,87355000.0,15864397.0
ASAL,2024,8803269000.0,201701000.0,-73704000.0,15864397.0
ASAL,2023,8282314000.0,83253000.0,-273422000.0,15864397.0
ASAL,2022,6076371000.0,523108000.0,-357142000.0,15864397.0
ASALCBR,2025,10626308000.0,814164000.0,5202465000.0,20079200.0
ASALCBR,2024,7549786000.0,506230000.0,4228513000.0,20079200.0
ASALCBR,2023,6980293000.0,415560000.0,3634038000.0,20079200.0
ASALCBR,2022,5130112000.0,608056000.0,3128413000.0,20079200.0
ASHAPURMIN,2025,26938202000.0,2958126000.0,12420207000.0,95526098.0
ASHAPURMIN,2024,26201201000.0,2870033000.0,9300475000.0,95526098.0
ASHAPURMIN,2023,17966482000.0,1170064000.0,6646988000.0,95526098.0
ASHAPURMIN,2022,12515729000.0,865174000.0,5212315000.0,95526098.0
ASHIANA,2025,5244804000.0,182382000.0,7639244000.0,100524857.0
ASHIANA,2024,9346099000.0,833959000.0,7701979000.0,100524857.0
ASHIANA,2023,3996074000.0,278776000.0,7596999000.0,100524857.0
ASHIANA,2022,2038526000.0,-70425000.0,7360406000.0,100524857.0
ASHIMASYN,2025,104800000.0,-2400000.0,2985600000.0,191660078.0
ASHIMASYN,2024,896100000.0,690400000.0,3168500000.0,191660078.0
ASHIMASYN,2023,2069800000.0,-76900000.0,2202800000.0,191660078.0
ASHIMASYN,2022,2080700000.0,258500000.0,2262000000.0,191660078.0
ASHOKA,2025,89738888000.0,16941026000.0,39152529000.0,280723217.0
ASHOKA,2024,89569928000.0,5030795000.0,22202476000.0,280723217.0
ASHOKA,2023,73537019000.0,2924218000.0,16756050000.0,280723217.0
ASHOKA,2022,59989836000.0,7785610000.0,13808286000.0,280723217.0
ASHOKAMET,2025,389626000.0,54852000.0,1114197000.0,24996000.0
ASHOKAMET,2024,662491000.0,47937000.0,1045602000.0,24996000.0
ASHOKAMET,2023,504394000.0,32207000.0,1014881000.0,24996000.0
ASHOKAMET,2022,670287000.0,20911000.0,406263000.0,24996000.0
ASHOKLEY,2025,483417600000.0,31068000000.0,122320900000.0,5873854552.0
ASHOKLEY,2024,455172600000.0,24835200000.0,90046200000.0,5873854552.0
ASHOKLEY,2023,414883000000.0,12387100000.0,85517600000.0,5873854552.0
ASHOKLEY,2022,261102600000.0,-3586100000.0,73038900000.0,5873854552.0
ASIANENE,2025,4640275000.0,421231000.0,3986720000.0,44909746.0
ASIANENE,2024,3045598000.0,254673000.0,2778801000.0,44909746.0
ASIANENE,2023,1089525000.0,-443570000.0,1994525000.0,44909746.0
ASIANENE,2022,2575802000.0,388111000.0,2417627000.0,44909746.0
ASIANHOTNR,2025,3181924000.0,1872596000.0,2623400000.0,42633229.0
ASIANHOTNR,2024,2980919000.0,-874967000.0,749045000.0,42633229.0
ASIANHOTNR,2023,2557799000.0,-848206000.0,1623892000.0,42633229.0
ASIANHOTNR,2022,1305254000.0,-1248115000.0,2471319000.0,42633229.0
ASIANPAINT,2025,338151700000.0,36672300000.0,193998100000.0,958594309.0
ASIANPAINT,2024,353954200000.0,54602300000.0,187283000000.0,958594309.0
ASIANPAINT,2023,343887100000.0,41064500000.0,159922300000.0,958594309.0
ASIANPAINT,2022,289413500000.0,30305700000.0,138115600000.0,958594309.0
ASIANTILES,2025,15543733000.0,275405000.0,13678431000.0,296475285.0
ASIANTILES,2024,15243109000.0,-122549000.0,12673347000.0,296475285.0
ASIANTILES,2023,15569057000.0,-726946000.0,12560542000.0,296475285.0
ASIANTILES,2022,15602252000.0,919462000.0,9181867000.0,296475285.0
ASKAUTOLTD,2025,35342600000.0,2476200000.0,10431200000.0,197142600.0
ASKAUTOLTD,2024,29566000000.0,1737700000.0,8167400000.0,197142600.0
ASKAUTOLTD,2023,25272504000.0,1229500000.0,6437687000.0,197142600.0
ASKAUTOLTD,2022,19962920000.0,826590000.0,6319080000.0,197142600.0
ASMS,2025,400360000.0,17463000.0,282497000.0,304576740.0
ASMS,2024,488380000.0,13827000.0,265045000.0,304576740.0
ASMS,2023,526271000.0,1102246000.0,254079000.0,304576740.0
ASMS,2022,655618000.0,-503012000.0,664687000.0,304576740.0
ASPINWALL,2025,3315900000.0,145300000.0,1926300000.0,7818288.0
ASPINWALL,2024,2902200000.0,106800000.0,1832600000.0,7818288.0
ASPINWALL,2023,2914900000.0,285500000.0,1767600000.0,7818288.0
ASPINWALL,2022,2574400000.0,152700000.0,1538800000.0,7818288.0
ASTEC,2025,3813035000.0,-1347524000.0,2347452000.0,22281661.0
ASTEC,2024,4581807000.0,-469295000.0,3692871000.0,22281661.0
ASTEC,2023,6281662000.0,255649000.0,4193632000.0,22281661.0
ASTEC,2022,6765661000.0,898586000.0,3964954000.0,22281661.0
ASTERDM,2025,40694200000.0,3066300000.0,34280700000.0,516936536.0
ASTERDM,2024,36381900000.0,1224000000.0,45597900000.0,516936536.0
ASTERDM,2023,29518000000.0,1090100000.0,44480700000.0,516936536.0
ASTERDM,2022,102532800000.0,5259900000.0,39534100000.0,516936536.0
ASTRAL,2025,58194000000.0,5238000000.0,36170000000.0,268650163.0
ASTRAL,2024,56288000000.0,5461000000.0,31881000000.0,268650163.0
ASTRAL,2023,51451000000.0,4436000000.0,27112000000.0,268650163.0
ASTRAL,2022,43839000000.0,4838000000.0,23366000000.0,268650163.0
ASTRAMICRO,2025,10511792000.0,1535088000.0,10984727000.0,94945008.0
ASTRAMICRO,2024,9088202000.0,1210663000.0,9661878000.0,94945008.0
ASTRAMICRO,2023,8138037000.0,698295000.0,6426238000.0,94945008.0
ASTRAMICRO,2022,7485489000.0,378707000.0,5855880000.0,94945008.0
ASTRAZEN,2025,17132900000.0,1157400000.0,7703500000.0,25000000.0
ASTRAZEN,2024,12955300000.0,1615100000.0,7119200000.0,25000000.0
ASTRAZEN,2023,10029700000.0,992900000.0,5886900000.0,25000000.0
ASTRAZEN,2022,8056000000.0,616000000.0,5113900000.0,25000000.0
ASTRON,2025,962184000.0,-567101000.0,913204000.0,46500000.0
ASTRON,2024,3107572000.0,-112073000.0,1480481000.0,46500000.0
ASTRON,2023,3945550000.0,-239467000.0,1591993000.0,46500000.0
ASTRON,2022,5015895000.0,81105000.0,1837021000.0,46500000.0
ATALREAL,2025,957282833.0,35430982.0,672957057.0,123896250.0
ATALREAL,2024,408257477.0,21446358.0,377123074.0,123896250.0
ATALREAL,2023,406300000.0,20792000.0,354794000.0,123896250.0
ATALREAL,2022,404326000.0,21551000.0,334001000.0,123896250.0
ATAM,2025,604080000.0,62989000.0,364700000.0,11463000.0
ATAM,2024,525547000.0,58320000.0,310445000.0,11463000.0
ATAM,2023,489550000.0,76676000.0,249930000.0,11463000.0
ATAM,2022,202699000.0,13661000.0,106857000.0,11463000.0
ATGL,2025,49696900000.0,6544100000.0,42070500000.0,1099810083.0
ATGL,2024,44455000000.0,6675000000.0,35803200000.0,1099810083.0
ATGL,2023,43509800000.0,5464900000.0,29409600000.0,1099810083.0
ATGL,2022,30015300000.0,5094000000.0,24162300000.0,1099810083.0
ATHERENERG,2024,17511000000.0,-10597000000.0,5451000000.0,382673164.0
ATHERENERG,2023,17796000000.0,-8645000000.0,6131000000.0,382673164.0
ATHERENERG,2022,4085000000.0,-3441000000.0,2242000000.0,382673164.0
ATL,2025,7546321000.0,304805000.0,2684050000.0,252060324.0
ATL,2024,7307499000.0,443982000.0,2377063000.0,252060324.0
ATL,2023,7038599000.0,575619000.0,2057638000.0,252060324.0
ATLANTAA,2025,680898000.0,425717000.0,2103641000.0,81500000.0
ATLANTAA,2024,1327238000.0,4678646000.0,1577917000.0,81500000.0
ATLANTAA,2023,509610000.0,-324000000.0,-3845923000.0,81500000.0
ATLANTAA,2022,2339635000.0,-4024736000.0,-3209442000.0,81500000.0
ATLANTAELE,2025,12251000000.0,1042350000.0,3499040000.0,76896625.0
ATLANTAELE,2024,8544590000.0,635210000.0,2284720000.0,76896625.0
ATLANTAELE,2023,8686540000.0,874730000.0,1648940000.0,76896625.0
ATLANTAELE,2022,6171300000.0,553030000.0,776980000.0,76896625.0
ATLASCYCLE,2025,93369000.0,95126000.0,3875490000.0,6503838.0
ATLASCYCLE,2024,62258000.0,5375000.0,3780364000.0,6503838.0
ATLASCYCLE,2023,17315000.0,-232984000.0,-325627000.0,6503838.0
ATLASCYCLE,2022,33800000.0,-287500000.0,-92643000.0,6503838.0
ATUL,2025,55100100000.0,4839300000.0,55985500000.0,29441755.0
ATUL,2024,46680200000.0,3230200000.0,51143400000.0,29441755.0
ATUL,2023,53663700000.0,5140900000.0,46713800000.0,29441755.0
ATUL,2022,50242400000.0,6042600000.0,44289600000.0,29441755.0
ATULAUTO,2025,7138200000.0,216300000.0,4409600000.0,27751280.0
ATULAUTO,2024,5213400000.0,89800000.0,4198500000.0,27751280.0
ATULAUTO,2023,5046000000.0,40000000.0,3481400000.0,27751280.0
ATULAUTO,2022,3066800000.0,-249400000.0,2765900000.0,27751280.0
AUBANK,2025,105415001000.0,21059266000.0,171662817000.0,747180718.0
AUBANK,2024,68556215000.0,15347190000.0,125595315000.0,747180718.0
AUBANK,2023,54604092000.0,14279253000.0,109773437000.0,747180718.0
AUBANK,2022,42284557000.0,11298342000.0,75140140000.0,747180718.0
AURIGROW,2024,167628000.0,5085000.0,684594000.0,666240000.0
AURIGROW,2023,35227000.0,-14031000.0,237763000.0,666240000.0
AURIGROW,2022,353286000.0,8200000.0,251794000.0,666240000.0
AURIONPRO,2025,11729671000.0,1861743000.0,15032576000.0,55213530.0
AURIONPRO,2024,8874715000.0,1409723000.0,9298913000.0,55213530.0
AURIONPRO,2023,6593316000.0,973293000.0,4977242000.0,55213530.0
AURIONPRO,2022,5050122000.0,706718000.0,3968687000.0,55213530.0
AUROPHARMA,2025,313781300000.0,34858800000.0,326533200000.0,580801623.0
AUROPHARMA,2024,287045000000.0,31729700000.0,298428000000.0,580801623.0
AUROPHARMA,2023,246171300000.0,19275000000.0,268398500000.0,580801623.0
AUROPHARMA,2022,233665500000.0,26481500000.0,245759800000.0,580801623.0
AURUM,2025,2638400000.0,-333700000.0,2743500000.0,76167760.0
AURUM,2024,2140500000.0,-557500000.0,1803800000.0,76167760.0
AURUM,2023,1268700000.0,-288900000.0,2225400000.0,76167760.0
AURUM,2022,157900000.0,-111600000.0,1680800000.0,76167760.0
AUSOMENT,2025,23925335000.0,195538000.0,1430565000.0,13623552.0
AUSOMENT,2024,9683491000.0,91553000.0,1248798000.0,13623552.0
AUSOMENT,2023,1778011000.0,12032000.0,1164052000.0,13623552.0
AUSOMENT,2022,256971000.0,53672000.0,1165618000.0,13623552.0
AUTOAXLES,2025,20352580000.0,1555350000.0,9819220000.0,15111975.0
AUTOAXLES,2024,21774860000.0,1661550000.0,8759380000.0,15111975.0
AUTOAXLES,2023,22565850000.0,1620290000.0,7593230000.0,15111975.0
AUTOAXLES,2022,14516500000.0,743580000.0,6210610000.0,15111975.0
AUTOIND,2025,5953894000.0,183719000.0,1530921000.0,45375401.0
AUTOIND,2024,5883534000.0,172454000.0,1356535000.0,45375401.0
AUTOIND,2023,5695030000.0,111206000.0,750197000.0,45375401.0
AUTOIND,2022,4987894000.0,76928000.0,606411000.0,45375401.0
AVADHSUGAR,2025,26277343000.0,879351000.0,11011223000.0,20018420.0
AVADHSUGAR,2024,26845740000.0,1281110000.0,10283291000.0,20018420.0
AVADHSUGAR,2023,27908478000.0,1002394000.0,8911563000.0,20018420.0
AVADHSUGAR,2022,27199508000.0,1244093000.0,8103975000.0,20018420.0
AVALON,2025,10959110000.0,634390000.0,6115470000.0,66766163.0
AVALON,2024,8651400000.0,279850000.0,5473410000.0,66766163.0
AVALON,2023,9426520000.0,525030000.0,5370190000.0,66766163.0
AVALON,2022,8393240000.0,681640000.0,871910000.0,66766163.0
AVANTEL,2025,2487056000.0,564446000.0,2372462000.0,265710850.0
AVANTEL,2024,2241514000.0,525548000.0,1641192000.0,265710850.0
AVANTEL,2023,1544006000.0,268379000.0,1074818000.0,265710850.0
AVANTEL,2022,1048821000.0,179770000.0,825187000.0,265710850.0
AVANTIFEED,2025,55389942000.0,5288240000.0,28009629000.0,136245630.0
AVANTIFEED,2024,53117055000.0,3571419000.0,23654797000.0,136245630.0
AVANTIFEED,2023,50368515000.0,2786723000.0,20954840000.0,136245630.0
AVANTIFEED,2022,49805813000.0,2215743000.0,18954017000.0,136245630.0
AVG,2025,5487489000.0,213279000.0,2465902000.0,15057720.0
AVG,2024,4777303000.0,322611000.0,1999108000.0,15057720.0
AVG,2023,4252959000.0,78667000.0,897666000.0,15057720.0
AVG,2022,4298238000.0,9610000.0,814331000.0,15057720.0
AVL,2025,22597768000.0,1054978000.0,5836508000.0,129138050.0
AVL,2024,17432924000.0,770702000.0,4867233000.0,129138050.0
AVL,2023,13222310000.0,641430000.0,1362870000.0,129138050.0
AVL,2022,8991162000.0,352824000.0,786911000.0,129138050.0
AVONMORE,2025,1773973000.0,289982000.0,3738492000.0,282184741.0
AVONMORE,2024,1192408000.0,124061000.0,3015752000.0,282184741.0
AVONMORE,2023,2097790000.0,1154496000.0,2781926000.0,282184741.0
AVONMORE,2022,789286000.0,324743000.0,2062529000.0,282184741.0
AVROIND,2025,783248000.0,30422000.0,850245000.0,13311050.0
AVROIND,2024,933689000.0,40372000.0,288628000.0,13311050.0
AVROIND,2023,800130000.0,41512000.0,248403000.0,13311050.0
AVROIND,2022,647408000.0,29760000.0,206845000.0,13311050.0
AVTNPL,2025,5560443000.0,482270000.0,5063880000.0,152284000.0
AVTNPL,2024,5172592000.0,532882000.0,4695155000.0,152284000.0
AVTNPL,2023,5821657000.0,773987000.0,4303292000.0,152284000.0
AVTNPL,2022,5540313000.0,728503000.0,3687564000.0,152284000.0
AWFIS,2025,12075350000.0,678700000.0,4592190000.0,71540491.0
AWFIS,2024,8488190000.0,-175670000.0,2514310000.0,71540491.0
AWFIS,2023,5452820000.0,-466370000.0,1693640000.0,71540491.0
AWFIS,2022,2570450000.0,-571560000.0,947210000.0,71540491.0
AWHCL,2025,9295097000.0,853591000.0,6592226000.0,28371681.0
AWHCL,2024,8640427000.0,862081000.0,5736855000.0,28371681.0
AWHCL,2023,8507116000.0,680825000.0,4857431000.0,28371681.0
AWHCL,2022,6459381000.0,678925000.0,4167675000.0,28371681.0
AWL,2025,635672500000.0,12258100000.0,94238000000.0,1295282995.0
AWL,2024,511173600000.0,1479900000.0,83159900000.0,1295282995.0
AWL,2023,581009800000.0,5821200000.0,81657500000.0,1295282995.0
AWL,2022,540682000000.0,8037300000.0,76063700000.0,1295282995.0
AXISBANK,2025,848908400000.0,280551100000.0,1872354900000.0,3108322100.0
AXISBANK,2024,766030400000.0,263862000000.0,1570235200000.0,3108322100.0
AXISBANK,2023,624158400000.0,108184500000.0,1297817100000.0,3108322100.0
AXISBANK,2022,511976400000.0,141192900000.0,1182606600000.0,3108322100.0
AXISCADES,2025,10293035000.0,749368000.0,6490571000.0,42517389.0
AXISCADES,2024,9522273000.0,328078000.0,5853611000.0,42517389.0
AXISCADES,2023,8136047000.0,-52325000.0,3380707000.0,42517389.0
AXISCADES,2022,6084077000.0,222332000.0,3312631000.0,42517389.0
AXITA,2025,6484007000.0,9244000.0,626774000.0,382495333.0
AXITA,2024,11010302000.0,203356000.0,645636000.0,382495333.0
AXITA,2023,5432149000.0,170353000.0,523695000.0,382495333.0
AXITA,2022,7972528000.0,154151000.0,362649000.0,382495333.0
AYE,2025,13570490000.0,1752520000.0,16588680000.0,244498877.0
AYE,2024,9800940000.0,1716790000.0,12325470000.0,244498877.0
AYE,2023,5812050000.0,398730000.0,7544930000.0,244498877.0
AYE,2022,4109430000.0,-513500000.0,7054050000.0,244498877.0
AYMSYNTEX,2025,14598448000.0,116371000.0,5776345000.0,58614091.0
AYMSYNTEX,2024,13146706000.0,20399000.0,4238194000.0,58614091.0
AYMSYNTEX,2023,14263038000.0,71620000.0,4202481000.0,58614091.0
AYMSYNTEX,2022,14914600000.0,508100000.0,4099734000.0,58614091.0
AZAD,2025,4437940000.0,873180000.0,13937900000.0,64581743.0
AZAD,2024,3281220000.0,585800000.0,6450630000.0,64581743.0
AZAD,2023,2416150000.0,84730000.0,2039880000.0,64581743.0
AZAD,2022,1853480000.0,294570000.0,1200070000.0,64581743.0
BAFNAPH,2025,1458570000.0,41525000.0,848065000.0,23656335.0
BAFNAPH,2024,1524657000.0,73479000.0,808387000.0,23656335.0
BAFNAPH,2023,1153499000.0,113380000.0,734546000.0,23656335.0
BAFNAPH,2022,851403000.0,52163000.0,619637000.0,23656335.0
BAGFILMS,2025,1359587000.0,62087000.0,1572572000.0,207718090.0
BAGFILMS,2024,1318643000.0,39829000.0,1510442000.0,207718090.0
BAGFILMS,2023,1117112000.0,-16799000.0,1412844000.0,207718090.0
BAGFILMS,2022,1207699000.0,27764000.0,1431654000.0,207718090.0
BAIDFIN,2025,809019000.0,134455000.0,1790311000.0,154888107.0
BAIDFIN,2024,633025000.0,129240000.0,1667824000.0,154888107.0
BAIDFIN,2023,533282000.0,103791000.0,1550091000.0,154888107.0
BAIDFIN,2022,469889000.0,87872000.0,1458277000.0,154888107.0
BAJAJ-AUTO,2025,492669500000.0,73247300000.0,351887400000.0,279246551.0
BAJAJ-AUTO,2024,437820800000.0,77082400000.0,289624100000.0,279246551.0
BAJAJ-AUTO,2023,353915200000.0,60602100000.0,293615400000.0,279246551.0
BAJAJ-AUTO,2022,321359800000.0,61658700000.0,298596500000.0,279246551.0
BAJAJCON,2025,9497469000.0,1252625000.0,7478968000.0,130618321.0
BAJAJCON,2024,9679790000.0,1554335000.0,8305823000.0,130618321.0
BAJAJCON,2023,9490516000.0,1392180000.0,7896789000.0,130618321.0
BAJAJCON,2022,8670995000.0,1696350000.0,8096338000.0,130618321.0
BAJAJELEC,2025,48159133000.0,1334246000.0,17251144000.0,115390713.0
BAJAJELEC,2024,46223460000.0,1358771000.0,14412200000.0,115390713.0
BAJAJELEC,2023,48677728000.0,2154416000.0,19072158000.0,115390713.0
BAJAJELEC,2022,47276924000.0,1285165000.0,17315540000.0,115390713.0
BAJAJFINSV,2025,1211924800000.0,88723100000.0,723953100000.0,1597497155.0
BAJAJFINSV,2024,998800700000.0,81477900000.0,603286200000.0,1597497155.0
BAJAJFINSV,2023,738459200000.0,64172800000.0,464073400000.0,1597497155.0
BAJAJFINSV,2022,615160000000.0,45567700000.0,402468000000.0,1597497155.0
BAJAJHCARE,2025,5426024000.0,429288000.0,4661644000.0,33662661.0
BAJAJHCARE,2024,4729283000.0,-143266000.0,2783609000.0,33662661.0
BAJAJHCARE,2023,6457961000.0,635325000.0,3676895000.0,33662661.0
BAJAJHCARE,2022,6798898000.0,713859000.0,3284855000.0,33662661.0
BAJAJHFL,2025,91794600000.0,21629000000.0,199468000000.0,8328662006.0
BAJAJHFL,2024,73294600000.0,17312200000.0,122335000000.0,8328662006.0
BAJAJHFL,2023,54814600000.0,12578000000.0,105031900000.0,8328662006.0
BAJAJHFL,2022,36875100000.0,7096200000.0,67413600000.0,8328662006.0
BAJAJHIND,2025,55146700000.0,-142300000.0,42218100000.0,2341062476.0
BAJAJHIND,2024,60434900000.0,-864100000.0,44751400000.0,2341062476.0
BAJAJHIND,2023,61749400000.0,-1347300000.0,44244000000.0,2341062476.0
BAJAJHIND,2022,54997800000.0,-2675400000.0,22591100000.0,2341062476.0
BAJAJHLDNG,2025,68753000000.0,65206700000.0,626875500000.0,111293510.0
BAJAJHLDNG,2024,76653300000.0,72672100000.0,542475100000.0,111293510.0
BAJAJHLDNG,2023,51826000000.0,48505200000.0,441827800000.0,111293510.0
BAJAJHLDNG,2022,43726200000.0,40556800000.0,428422500000.0,111293510.0
BAJAJINDEF,2025,1774738000.0,341603000.0,2529032000.0,32000000.0
BAJAJINDEF,2024,0.0,-437000.0,-432000.0,32000000.0
BAJEL,2025,25626110000.0,154635000.0,6662734000.0,115696935.0
BAJEL,2024,11399979000.0,42865000.0,5661715000.0,115696935.0
BAJEL,2023,5868149000.0,-15812000.0,5573598000.0,115696935.0
BAJFINANCE,2025,423563300000.0,166378200000.0,966928700000.0,6216345518.0
BAJFINANCE,2024,343263200000.0,144511700000.0,766953500000.0,6216345518.0
BAJFINANCE,2023,269669000000.0,115076900000.0,543719800000.0,6216345518.0
BAJFINANCE,2022,201322100000.0,70282300000.0,437126900000.0,6216345518.0
BALAJEE,2025,5673728000.0,253714000.0,2930926000.0,81570852.0
BALAJEE,2024,5234120000.0,292866000.0,1732860000.0,81570852.0
BALAJEE,2023,4633501000.0,163090000.0,1102119000.0,81570852.0
BALAJEE,2022,4388114000.0,102031000.0,922297000.0,81570852.0
BALAJITELE,2025,4530387000.0,870803000.0,6572754000.0,121811841.0
BALAJITELE,2024,6251079000.0,197883000.0,4311518000.0,121811841.0
BALAJITELE,2023,5902965000.0,-371362000.0,4067042000.0,121811841.0
BALAJITELE,2022,3367262000.0,-1323387000.0,4438279000.0,121811841.0
BALAMINES,2025,13858283000.0,1575210000.0,18450581000.0,32401000.0
BALAMINES,2024,16083432000.0,2048535000.0,17218582000.0,32401000.0
BALAMINES,2023,23315559000.0,3255200000.0,15542343000.0,32401000.0
BALAMINES,2022,23061174000.0,3684188000.0,12498482000.0,32401000.0
BALAXI,2025,2925612000.0,250703000.0,2317363000.0,55207500.0
BALAXI,2024,2412944000.0,-23870000.0,2013639000.0,55207500.0
BALAXI,2023,3364327000.0,459625000.0,1828798000.0,55207500.0
BALAXI,2022,2793878000.0,476578000.0,1131641000.0,55207500.0
BALKRISHNA,2025,23236000.0,-66449000.0,-1689283000.0,32219532.0
BALKRISHNA,2024,34304000.0,-82004000.0,-2218809000.0,32219532.0
BALKRISHNA,2023,1039083000.0,-518768000.0,-1504646000.0,32219532.0
BALKRISHNA,2022,2381071000.0,-46877000.0,-985134000.0,32219532.0
BALKRISIND,2025,103572400000.0,16549600000.0,103876000000.0,193317190.0
BALKRISIND,2024,93043700000.0,14714900000.0,88538100000.0,193317190.0
BALKRISIND,2023,96461600000.0,10574000000.0,75569300000.0,193317190.0
BALKRISIND,2022,82089700000.0,14353800000.0,69330100000.0,193317190.0
BALMLAWRIE,2025,23459393000.0,2015002000.0,19686646000.0,171003846.0
BALMLAWRIE,2024,21930109000.0,2397618000.0,18207983000.0,171003846.0
BALMLAWRIE,2023,22101020000.0,1718523000.0,16807267000.0,171003846.0
BALMLAWRIE,2022,19915216000.0,1375833000.0,15870138000.0,171003846.0
BALPHARMA,2025,3030833000.0,72154000.0,774159000.0,15920872.0
BALPHARMA,2024,3392196000.0,73922000.0,720044000.0,15920872.0
BALPHARMA,2023,3017073000.0,25717000.0,637891000.0,15920872.0
BALPHARMA,2022,2796989000.0,56115000.0,586268000.0,15920872.0
BALRAMCHIN,2025,54153783000.0,4369212000.0,37955045000.0,201950436.0
BALRAMCHIN,2024,55937401000.0,5344741000.0,34009627000.0,201950436.0
BALRAMCHIN,2023,46658617000.0,2841670000.0,28955759000.0,201950436.0
BALRAMCHIN,2022,47732648000.0,4646355000.0,27697135000.0,201950436.0
BALUFORGE,2025,9064177000.0,2038554000.0,10532157000.0,121391900.0
BALUFORGE,2024,5531415000.0,934932000.0,5529633000.0,121391900.0
BALUFORGE,2023,3228750000.0,389129000.0,1976299000.0,121391900.0
BALUFORGE,2022,2759341000.0,298443000.0,1586274000.0,121391900.0
BANARBEADS,2025,299308000.0,30881000.0,558422000.0,6597622.0
BANARBEADS,2024,272570000.0,27508000.0,542400000.0,6597622.0
BANARBEADS,2023,259652000.0,25434000.0,528386000.0,6597622.0
BANARBEADS,2022,240813000.0,29204000.0,516330000.0,6597622.0
BANARISUG,2025,17896235000.0,1046681000.0,17788863000.0,12539700.0
BANARISUG,2024,22179319000.0,1523022000.0,16884017000.0,12539700.0
BANARISUG,2023,25194370000.0,1433914000.0,15518938000.0,12539700.0
BANARISUG,2022,19666672000.0,799839000.0,14233986000.0,12539700.0
BANCOINDIA,2025,31872434000.0,3918035000.0,13028333000.0,143037300.0
BANCOINDIA,2024,27421488000.0,2713943000.0,10515065000.0,143037300.0
BANCOINDIA,2023,23005438000.0,2355786000.0,10015010000.0,143037300.0
BANCOINDIA,2022,19269089000.0,1524200000.0,9817235000.0,143037300.0
BANDHANBNK,2025,144570446000.0,27452955000.0,246050069000.0,1610972314.0
BANDHANBNK,2024,124859352000.0,22295627000.0,216096380000.0,1610972314.0
BANDHANBNK,2023,117219870000.0,21946380000.0,195841525000.0,1610972314.0
BANDHANBNK,2022,115360582000.0,1257940000.0,173811507000.0,1610972314.0
BANG,2025,1867342000.0,-21722000.0,871006000.0,13560000.0
BANG,2024,1314567000.0,-83760000.0,893137000.0,13560000.0
BANG,2023,1151950000.0,11511000.0,976917000.0,13560000.0
BANG,2022,817355000.0,49327000.0,964989000.0,13560000.0
BANKA,2025,541736000.0,-89151000.0,315138000.0,10874207.0
BANKA,2024,499962000.0,-6525000.0,397203000.0,10874207.0
BANKA,2023,423498000.0,25389000.0,400989000.0,10874207.0
BANKA,2022,387508000.0,31076000.0,375023000.0,10874207.0
BANKBARODA,2025,696790693000.0,207163280000.0,1465027153000.0,5171362179.0
BANKBARODA,2024,679012730000.0,187673789000.0,1197122413000.0,5171362179.0
BANKBARODA,2023,557910573000.0,149052030000.0,1050547168000.0,5171362179.0
BANKBARODA,2022,483927396000.0,78496924000.0,918680841000.0,5171362179.0
BANKINDIA,2025,338973506000.0,95482797000.0,807257547000.0,4552667866.0
BANKINDIA,2024,294491053000.0,65644637000.0,705812546000.0,4552667866.0
BANKINDIA,2023,263604079000.0,38379536000.0,604329415000.0,4552667866.0
BANKINDIA,2022,215333518000.0,34925765000.0,551312391000.0,4552667866.0
BANSALWIRE,2025,34900180000.0,1446180000.0,12690120000.0,156555952.0
BANSALWIRE,2024,24488640000.0,736160000.0,4223700000.0,156555952.0
BANSALWIRE,2023,23939390000.0,599300000.0,2825140000.0,156555952.0
BANSALWIRE,2022,21817950000.0,572900000.0,2230120000.0,156555952.0
BANSWRAS,2025,12673360000.0,221559000.0,5593745000.0,34232084.0
BANSWRAS,2024,12422916000.0,355412000.0,5350065000.0,34232084.0
BANSWRAS,2023,14781398000.0,1127425000.0,5090684000.0,34232084.0
BANSWRAS,2022,11722166000.0,456204000.0,3988124000.0,34232084.0
BASF,2025,152463200000.0,4790600000.0,36342800000.0,43285640.0
BASF,2024,137512700000.0,5632700000.0,32235000000.0,43285640.0
BASF,2023,136284200000.0,4028900000.0,27011800000.0,43285640.0
BASF,2022,130822300000.0,5948400000.0,23360800000.0,43285640.0
BASML,2025,8718710000.0,-20619000.0,4149802000.0,79921375.0
BASML,2024,9140404000.0,-299861000.0,3993380000.0,79921375.0
BASML,2023,10360015000.0,-404436000.0,4208412000.0,79921375.0
BASML,2022,15334085000.0,524389000.0,4524642000.0,79921375.0
BATAINDIA,2025,34874930000.0,3306560000.0,15749630000.0,128527540.0
BATAINDIA,2024,34771070000.0,2625110000.0,15268930000.0,128527540.0
BATAINDIA,2023,34505590000.0,3230040000.0,14382100000.0,128527540.0
BATAINDIA,2022,23868240000.0,1029930000.0,18146520000.0,128527540.0
BAYERCROP,2025,53141000000.0,5680000000.0,28504000000.0,44942092.0
BAYERCROP,2024,48921000000.0,7405000000.0,28494000000.0,44942092.0
BAYERCROP,2023,49449000000.0,7582000000.0,27121000000.0,44942092.0
BAYERCROP,2022,45767000000.0,6453000000.0,25243000000.0,44942092.0
BBL,2025,18884800000.0,1336500000.0,19411600000.0,11303120.0
BBL,2024,18628700000.0,1314400000.0,18651300000.0,11303120.0
BBL,2023,14053653000.0,832231000.0,13776994000.0,11303120.0
BBL,2022,12546733000.0,555789000.0,11233553000.0,11303120.0
BBOX,2025,59669100000.0,2047800000.0,7587400000.0,177495255.0
BBOX,2024,62815800000.0,1376700000.0,4809200000.0,177495255.0
BBOX,2023,62777000000.0,237000000.0,2960200000.0,177495255.0
BBOX,2022,53235700000.0,727200000.0,2604000000.0,177495255.0
BBTC,2025,178866904000.0,11226297000.0,56317483000.0,69771900.0
BBTC,2024,168825850000.0,6388395000.0,46283289000.0,69771900.0
BBTC,2023,163033859000.0,-19140786000.0,40323177000.0,69771900.0
BBTC,2022,143115163000.0,558603000.0,54965698000.0,69771900.0
BBTCL,2025,4917592000.0,-55302000.0,1114268000.0,20511240.0
BBTCL,2024,3753943000.0,171641000.0,1190070000.0,20511240.0
BBTCL,2023,3365444000.0,179237000.0,1039658000.0,20511240.0
BBTCL,2022,3126018000.0,244401000.0,884204000.0,20511240.0
BCG,2025,51466723000.0,7100381000.0,86892530000.0,2018521873.0
BCG,2024,46622389000.0,6875248000.0,77845773000.0,2018521873.0
BCG,2023,73967673000.0,13709936000.0,70009143000.0,2018521873.0
BCG,2022,50195877000.0,9122005000.0,52944914000.0,2018521873.0
BCLIND,2025,28151401000.0,949654000.0,8015873000.0,295163340.0
BCLIND,2024,20955351000.0,902968000.0,6516693000.0,295163340.0
BCLIND,2023,18005307000.0,662879000.0,4804968000.0,295163340.0
BCLIND,2022,19578929000.0,848416000.0,3666515000.0,295163340.0
BCONCEPTS,2025,2919188000.0,52333000.0,797760000.0,12481877.0
BCONCEPTS,2024,2901493000.0,120466000.0,660391000.0,12481877.0
BCONCEPTS,2023,1632163000.0,97754000.0,276258000.0,12481877.0
BCONCEPTS,2022,861668000.0,6303000.0,182441000.0,12481877.0
BCPL,2025,1608566000.0,66400000.0,930423000.0,16723638.0
BCPL,2024,879339000.0,54392000.0,890612000.0,16723638.0
BCPL,2023,1225647000.0,80509000.0,844246000.0,16723638.0
BCPL,2022,1051405000.0,74083000.0,770990000.0,16723638.0
BDL,2025,33230729000.0,5496452000.0,40089508000.0,366562500.0
BDL,2024,23588650000.0,6127206000.0,36368233000.0,366562500.0
BDL,2023,24792393000.0,3521749000.0,32114977000.0,366562500.0
BDL,2022,27366567000.0,4999244000.0,30305574000.0,366562500.0
BEARDSELL,2025,2683500000.0,98300000.0,811700000.0,39437000.0
BEARDSELL,2024,2449500000.0,82200000.0,709608000.0,39437000.0
BEARDSELL,2023,2313301000.0,84937000.0,587675000.0,39437000.0
BEARDSELL,2022,1861300000.0,28100000.0,506541000.0,39437000.0
BECTORFOOD,2025,18193860000.0,1432330000.0,11657800000.0,306737095.0
BECTORFOOD,2024,15891160000.0,1403610000.0,6628830000.0,306737095.0
BECTORFOOD,2023,13257520000.0,900740000.0,5443180000.0,306737095.0
BECTORFOOD,2022,9525390000.0,571430000.0,4689770000.0,306737095.0
BEDMUTHA,2025,10408476000.0,248210000.0,1452838000.0,32263884.0
BEDMUTHA,2024,8047693000.0,209446000.0,1204627000.0,32263884.0
BEDMUTHA,2023,6785031000.0,130087000.0,995182000.0,32263884.0
BEDMUTHA,2022,6526287000.0,93765000.0,865094000.0,32263884.0
BEL,2025,231173000000.0,53214400000.0,199738900000.0,7309778829.0
BEL,2024,199054900000.0,39845200000.0,163264700000.0,7309778829.0
BEL,2023,174041800000.0,29844200000.0,138616300000.0,7309778829.0
BEL,2022,150847400000.0,23988700000.0,122859300000.0,7309778829.0
BELLACASA,2025,3485205000.0,157953000.0,1495198000.0,13387500.0
BELLACASA,2024,2300170000.0,101822000.0,848789000.0,13387500.0
BELLACASA,2023,2016294000.0,77603000.0,755990000.0,13387500.0
BELLACASA,2022,2058123000.0,111619000.0,696471000.0,13387500.0
BELRISE,2025,81315720000.0,3554430000.0,26967330000.0,889879192.0
BELRISE,2024,73095260000.0,3138100000.0,23401880000.0,889879192.0
BELRISE,2023,63772290000.0,3136630000.0,20445060000.0,889879192.0
BELRISE,2022,52009430000.0,2618470000.0,17356500000.0,889879192.0
BEML,2025,38392343000.0,2925745000.0,28873809000.0,83289000.0
BEML,2024,39653790000.0,2818122000.0,26679731000.0,83289000.0
BEML,2023,37997299000.0,1579183000.0,24214808000.0,83289000.0
BEML,2022,43374877000.0,1287946000.0,23566905000.0,83289000.0
BEPL,2025,13977437000.0,1800152000.0,10020618000.0,248858460.0
BEPL,2024,12217360000.0,1793714000.0,9227755000.0,248858460.0
BEPL,2023,13625566000.0,1367583000.0,10680175000.0,248858460.0
BEPL,2022,13939500000.0,3500373000.0,9813305000.0,248858460.0
BERGEPAINT,2025,114574800000.0,11804000000.0,61541000000.0,1165966250.0
BERGEPAINT,2024,111002100000.0,11677400000.0,53789700000.0,1165966250.0
BERGEPAINT,2023,104153800000.0,8594200000.0,44941200000.0,1165966250.0
BERGEPAINT,2022,86557700000.0,8328200000.0,39269900000.0,1165966250.0
BESTAGRO,2025,18091400000.0,698900000.0,7576100000.0,354671100.0
BESTAGRO,2024,18733200000.0,1062700000.0,6470100000.0,354671100.0
BESTAGRO,2023,17456780000.0,1921460000.0,5273490000.0,354671100.0
BESTAGRO,2022,12107954000.0,1047619000.0,3299471000.0,354671100.0
BETA,2025,3623557190.75,424185507.22,1970957669.18,10094553.0
BETA,2024,2957137593.88,364370111.59,1571169114.24,10094553.0
BETA,2023,2271136000.0,307187000.0,1228842000.0,10094553.0
BETA,2022,1838374000.0,248275000.0,923426000.0,10094553.0
BFINVEST,2025,349800000.0,2222910000.0,68998900000.0,37667628.0
BFINVEST,2024,194840000.0,4337430000.0,62012870000.0,37667628.0
BFINVEST,2023,159140000.0,2593010000.0,46899950000.0,37667628.0
BFINVEST,2022,109060000.0,1977510000.0,40377270000.0,37667628.0
BFUTILITIE,2025,8356780000.0,1464990000.0,2015530000.0,37667628.0
BFUTILITIE,2024,9687050000.0,1473620000.0,553610000.0,37667628.0
BFUTILITIE,2023,7591160000.0,1244120000.0,-917070000.0,37667628.0
BFUTILITIE,2022,5130850000.0,508260000.0,-1711530000.0,37667628.0
BGRENERGY,2025,4458200000.0,-9724000000.0,-16081400000.0,72161560.0
BGRENERGY,2024,9986100000.0,-7581800000.0,-6608400000.0,72161560.0
BGRENERGY,2023,7900700000.0,-4850100000.0,1303100000.0,72161560.0
BGRENERGY,2022,12207000000.0,-1830600000.0,5770700000.0,72161560.0
BHAGCHEM,2025,4403111000.0,138573000.0,6822219000.0,129669080.0
BHAGCHEM,2024,4074986000.0,182214000.0,4137133000.0,129669080.0
BHAGCHEM,2023,5019990000.0,451516000.0,3132498000.0,129669080.0
BHAGCHEM,2022,4345720000.0,357478000.0,1898706000.0,129669080.0
BHAGERIA,2025,5921964000.0,404044000.0,5582420000.0,43644180.0
BHAGERIA,2024,4922339000.0,190651000.0,5224370000.0,43644180.0
BHAGERIA,2023,4992199000.0,147454000.0,5061300000.0,43644180.0
BHAGERIA,2022,5965843000.0,705809000.0,5070229000.0,43644180.0
BHAGYANGR,2025,16256052000.0,140181000.0,2073849000.0,31995000.0
BHAGYANGR,2024,14293112000.0,457237000.0,1933668000.0,31995000.0
BHAGYANGR,2023,18457729000.0,101304000.0,1476431000.0,31995000.0
BHAGYANGR,2022,15723809000.0,110818000.0,1375127000.0,31995000.0
BHANDARI,2025,2785545000.0,77133000.0,1531463000.0,332956433.0
BHANDARI,2024,2667348000.0,65335000.0,995871000.0,332956433.0
BHANDARI,2023,2832260000.0,65064000.0,871228000.0,332956433.0
BHANDARI,2022,2832821000.0,62701000.0,815542000.0,332956433.0
BHARATCOAL,2025,130832600000.0,12401900000.0,64627300000.0,
BHARATCOAL,2024,131611000000.0,15644600000.0,53217200000.0,
BHARATCOAL,2023,123491400000.0,6647800000.0,38039000000.0,
BHARATFORG,2025,145299050000.0,9411530000.0,92533340000.0,478088632.0
BHARATFORG,2024,150429410000.0,9511280000.0,71701840000.0,478088632.0
BHARATFORG,2023,122889100000.0,5283640000.0,67055260000.0,478088632.0
BHARATFORG,2022,98979680000.0,10817560000.0,65706740000.0,478088632.0
BHARATGEAR,2025,6330733000.0,31881000.0,1128890000.0,15355058.0
BHARATGEAR,2024,6449011000.0,-97378000.0,1105993000.0,15355058.0
BHARATGEAR,2023,7473116000.0,134849000.0,1205599000.0,15355058.0
BHARATGEAR,2022,7115048000.0,258395000.0,1081922000.0,15355058.0
BHARATRAS,2025,11616671000.0,1409220000.0,11299992000.0,16621072.0
BHARATRAS,2024,10333690000.0,955120000.0,9878843000.0,16621072.0
BHARATRAS,2023,12343400000.0,1246100000.0,8933083000.0,16621072.0
BHARATRAS,2022,12952849000.0,1759844000.0,7700182000.0,16621072.0
BHARATSE,2025,12857237000.0,327003000.0,1945527000.0,62800000.0
BHARATSE,2024,10644633000.0,250544000.0,1668264000.0,62800000.0
BHARATSE,2023,10487819000.0,215464000.0,1463358000.0,62800000.0
BHARATSE,2022,8163795000.0,119134000.0,1271371000.0,62800000.0
BHARATWIRE,2025,6193162000.0,724401000.0,3539171000.0,68584648.0
BHARATWIRE,2024,6218353000.0,963422000.0,2781364000.0,68584648.0
BHARATWIRE,2023,5503977000.0,622344000.0,1775011000.0,68584648.0
BHARATWIRE,2022,3765086000.0,136654000.0,690467000.0,68584648.0
BHARTIARTL,2025,1729852000000.0,335561000000.0,1136719000000.0,6090538098.0
BHARTIARTL,2024,1499824000000.0,74670000000.0,820188000000.0,6090538098.0
BHARTIARTL,2023,1391448000000.0,83459000000.0,775629000000.0,6090538098.0
BHARTIARTL,2022,1165469000000.0,42549000000.0,665543000000.0,6090538098.0
BHARTIHEXA,2025,85479000000.0,14936000000.0,59321000000.0,500000000.0
BHARTIHEXA,2024,70888000000.0,5044000000.0,44387000000.0,500000000.0
BHARTIHEXA,2023,65790000000.0,5492000000.0,42095000000.0,500000000.0
BHARTIHEXA,2022,54052000000.0,16746000000.0,36605000000.0,500000000.0
BHEL,2025,273551700000.0,5339000000.0,247221800000.0,3482063355.0
BHEL,2024,229205200000.0,2822200000.0,244386500000.0,3482063355.0
BHEL,2023,221363000000.0,6374400000.0,243782600000.0,3482063355.0
BHEL,2022,201533800000.0,4460300000.0,238801000000.0,3482063355.0
BIGBLOC,2025,2246397000.0,96777000.0,1353268000.0,141575750.0
BIGBLOC,2024,2432213000.0,308960000.0,1040279000.0,141575750.0
BIGBLOC,2023,2001062000.0,301358000.0,753179000.0,141575750.0
BIGBLOC,2022,1752235000.0,160843000.0,470252000.0,141575750.0
BIKAJI,2025,25534348000.0,2008451000.0,13831891000.0,250736400.0
BIKAJI,2024,22344092000.0,2656996000.0,12183537000.0,250736400.0
BIKAJI,2023,19634250000.0,1371670000.0,9556302000.0,250736400.0
BIKAJI,2022,16080678000.0,779515000.0,8207516000.0,250736400.0
BIL,2025,10292627000.0,156647000.0,4472568000.0,13410411.0
BIL,2024,7775221000.0,2228000.0,3886554000.0,13410411.0
BIL,2023,8009052000.0,626114000.0,3865047000.0,13410411.0
BIL,2022,6700815000.0,-165302000.0,3218651000.0,13410411.0
BILVYAPAR,2025,0.0,68278000.0,-1862435000.0,31366175.0
BILVYAPAR,2024,0.0,-71480000.0,-1930716000.0,31366175.0
BILVYAPAR,2023,14972000.0,-1507232000.0,-1870425000.0,31366175.0
BILVYAPAR,2022,12616000.0,1784267000.0,-383890000.0,31366175.0
BIOCON,2025,150522000000.0,10133000000.0,216440000000.0,1619331350.0
BIOCON,2024,141958000000.0,10225000000.0,197837000000.0,1619331350.0
BIOCON,2023,109341000000.0,4627000000.0,178669000000.0,1619331350.0
BIOCON,2022,80248000000.0,6484000000.0,84325000000.0,1619331350.0
BIOFILCHEM,2025,334022000.0,5577000.0,187814000.0,16273800.0
BIOFILCHEM,2024,400353000.0,7092000.0,182028000.0,16273800.0
BIOFILCHEM,2023,300352000.0,5604000.0,173015000.0,16273800.0
BIOFILCHEM,2022,223823000.0,6984000.0,168377000.0,16273800.0
BIRLACABLE,2025,6616523000.0,48914000.0,2532494000.0,30000000.0
BIRLACABLE,2024,6854980000.0,221423000.0,2510028000.0,30000000.0
BIRLACABLE,2023,7785870000.0,329399000.0,2294160000.0,30000000.0
BIRLACABLE,2022,5354473000.0,217371000.0,1865361000.0,30000000.0
BIRLACORPN,2025,90839200000.0,2952300000.0,70151200000.0,77005347.0
BIRLACORPN,2024,94699800000.0,4205600000.0,66737700000.0,77005347.0
BIRLACORPN,2023,85079600000.0,405000000.0,59808000000.0,77005347.0
BIRLACORPN,2022,72877500000.0,3985900000.0,60488500000.0,77005347.0
BIRLAMONEY,2025,4069703000.0,741908000.0,2361333000.0,56509201.0
BIRLAMONEY,2024,3604441000.0,529680000.0,1627081000.0,56509201.0
BIRLAMONEY,2023,2510714000.0,339022000.0,1091722000.0,56509201.0
BIRLAMONEY,2022,2146395000.0,261328000.0,744330000.0,56509201.0
BIRLANU,2025,35991922000.0,-329035000.0,12114478000.0,7540899.0
BIRLANU,2024,33573200000.0,347854000.0,12528389000.0,7540899.0
BIRLANU,2023,34641773000.0,971034000.0,12436543000.0,7540899.0
BIRLANU,2022,35036193000.0,2104417000.0,11664289000.0,7540899.0
BLACKBUCK,2025,4213900000.0,-382790000.0,12375200000.0,181796612.0
BLACKBUCK,2024,2961440000.0,-1669860000.0,3112930000.0,181796612.0
BLACKBUCK,2023,1756800000.0,-2368490000.0,3526640000.0,181796612.0
BLACKBUCK,2022,1193260000.0,-2303490000.0,5850760000.0,181796612.0
BLAL,2025,0.0,-37473000.0,11116000.0,41644500.0
BLAL,2024,0.0,-37243000.0,48589000.0,41644500.0
BLAL,2023,0.0,-6280000.0,85832000.0,41644500.0
BLAL,2022,0.0,-100000.0,19000.0,41644500.0
BLBLIMITED,2025,5359011000.0,38606000.0,973594000.0,52865258.0
BLBLIMITED,2024,3114437000.0,26111000.0,963054000.0,52865258.0
BLBLIMITED,2023,2164583000.0,60486000.0,936923000.0,52865258.0
BLBLIMITED,2022,3534771000.0,94161000.0,876252000.0,52865258.0
BLISSGVS,2025,8017955000.0,842993000.0,10503756000.0,105788972.0
BLISSGVS,2024,7659076000.0,754541000.0,9671933000.0,105788972.0
BLISSGVS,2023,7474287000.0,708588000.0,8838969000.0,105788972.0
BLISSGVS,2022,7379285000.0,150402000.0,8187017000.0,105788972.0
BLKASHYAP,2025,11276240000.0,274752000.0,5236075000.0,225440000.0
BLKASHYAP,2024,11960137000.0,525289000.0,4963439000.0,225440000.0
BLKASHYAP,2023,10858268000.0,221386000.0,4446960000.0,225440000.0
BLKASHYAP,2022,11318267000.0,439468000.0,4229640000.0,225440000.0
BLS,2025,21933019000.0,5082271000.0,17308314000.0,411655368.0
BLS,2024,16768140000.0,3129688000.0,12076388000.0,411655368.0
BLS,2023,15161888000.0,2007587000.0,8028536000.0,411655368.0
BLS,2022,8498897000.0,1112725000.0,5697810000.0,411655368.0
BLSE,2025,5193533000.0,525625000.0,4827097000.0,90654077.0
BLSE,2024,3014793000.0,313991000.0,4311201000.0,90654077.0
BLSE,2023,2430607000.0,188802000.0,1069403000.0,90654077.0
BLSE,2022,966982000.0,53796000.0,150669000.0,90654077.0
BLUECOAST,2025,0.0,799960000.0,-193135000.0,17192457.0
BLUECOAST,2024,0.0,-73189000.0,-1262100000.0,17192457.0
BLUECOAST,2023,0.0,-71451000.0,-1188911000.0,17192457.0
BLUECOAST,2022,0.0,-34081000.0,-1117460000.0,17192457.0
BLUEDART,2025,57201800000.0,2524200000.0,15590400000.0,23727934.0
BLUEDART,2024,52678300000.0,3010100000.0,13672700000.0,23727934.0
BLUEDART,2023,51722200000.0,3705300000.0,11795600000.0,23727934.0
BLUEDART,2022,44104900000.0,3822100000.0,8719900000.0,23727934.0
BLUEJET,2025,10260950000.0,3052030000.0,11331110000.0,173465425.0
BLUEJET,2024,7103160000.0,1637510000.0,8452230000.0,173465425.0
BLUEJET,2023,7205300000.0,1600270000.0,6814860000.0,173465425.0
BLUEJET,2022,6784810000.0,1815910000.0,5215420000.0,173465425.0
BLUESTARCO,2025,118526900000.0,5912400000.0,30650200000.0,205590822.0
BLUESTARCO,2024,95756500000.0,4149500000.0,26100900000.0,205590822.0
BLUESTARCO,2023,78984800000.0,4004600000.0,13306500000.0,205590822.0
BLUESTARCO,2022,59995300000.0,1677100000.0,10175800000.0,205590822.0
BLUESTONE,2025,17700020000.0,-2218370000.0,8806420000.0,152231365.0
BLUESTONE,2024,12658390000.0,-1422360000.0,3480930000.0,152231365.0
BLUESTONE,2023,7707260000.0,-1672440000.0,-792390000.0,152231365.0
BLUESTONE,2022,4613580000.0,-12684090000.0,-18370490000.0,152231365.0
BMWVENTLTD,2025,20520649000.0,328233000.0,2101178000.0,86715000.0
BMWVENTLTD,2024,19286111000.0,299354000.0,1867081000.0,86715000.0
BMWVENTLTD,2023,20100379000.0,326586000.0,1564770000.0,86715000.0
BMWVENTLTD,2022,15592440000.0,319401000.0,1243162000.0,86715000.0
BODALCHEM,2025,17096040000.0,185020000.0,11048470000.0,125944065.0
BODALCHEM,2024,13629420000.0,64690000.0,10822410000.0,125944065.0
BODALCHEM,2023,15444740000.0,380330000.0,10777030000.0,125944065.0
BODALCHEM,2022,20314140000.0,1042280000.0,10523510000.0,125944065.0
BOHRAIND,2025,0.0,-36833000.0,531376000.0,10297152.0
BOHRAIND,2024,0.0,-25772000.0,568543000.0,10297152.0
BOHRAIND,2023,0.0,-29389000.0,594312000.0,10297152.0
BOHRAIND,2022,0.0,-26206000.0,441940000.0,10297152.0
BOMDYEING,2025,15805600000.0,4901400000.0,23703700000.0,206534900.0
BOMDYEING,2024,16675700000.0,29486100000.0,18734400000.0,206534900.0
BOMDYEING,2023,26520500000.0,-5164500000.0,-12465700000.0,206534900.0
BOMDYEING,2022,19752700000.0,-4603400000.0,-7311500000.0,206534900.0
BONLON,2025,6187458000.0,26905000.0,816588000.0,16383358.0
BONLON,2024,4286960000.0,23288000.0,789750000.0,16383358.0
BONLON,2023,5096067000.0,16845000.0,766462000.0,16383358.0
BONLON,2022,3847810000.0,21181000.0,749617000.0,16383358.0
BORANA,2024,1990556000.0,235864000.0,476966000.0,26645295.0
BORANA,2023,1353990000.0,163009000.0,241102000.0,26645295.0
BORANA,2022,423340000.0,17986000.0,18086000.0,26645295.0
BOROLTD,2025,10885787000.0,742344000.0,8076501000.0,119582129.0
BOROLTD,2024,9422518000.0,658666000.0,5800011000.0,119582129.0
BOROLTD,2023,7415755000.0,518729000.0,5099793000.0,119582129.0
BOROLTD,2022,8398616000.0,837303000.0,7672280000.0,119582129.0
BORORENEW,2025,14728257000.0,-695676000.0,9974164000.0,140188845.0
BORORENEW,2024,13625070000.0,-468954000.0,8730571000.0,140188845.0
BORORENEW,2023,8907243000.0,696318000.0,9194170000.0,140188845.0
BORORENEW,2022,6420338000.0,1658484000.0,7848809000.0,140188845.0
BOROSCI,2025,4370689000.0,268037000.0,4043870000.0,88947050.0
BOROSCI,2024,3945784000.0,235586000.0,3758967000.0,88947050.0
BOROSCI,2023,980429000.0,20643000.0,936336000.0,88947050.0
BOROSCI,2022,1061997000.0,85675000.0,915055000.0,88947050.0
BOSCH-HCIL,2025,27280800000.0,588300000.0,6409800000.0,27190884.0
BOSCH-HCIL,2024,18989300000.0,-757100000.0,5829700000.0,27190884.0
BOSCH-HCIL,2023,23530500000.0,-821400000.0,6591700000.0,27190884.0
BOSCH-HCIL,2022,21315600000.0,161200000.0,7398700000.0,27190884.0
BOSCHLTD,2025,176820000000.0,20152000000.0,138133000000.0,29493640.0
BOSCHLTD,2024,163789000000.0,24913000000.0,120569000000.0,29493640.0
BOSCHLTD,2023,146118000000.0,14255000000.0,110051000000.0,29493640.0
BOSCHLTD,2022,115534000000.0,12183000000.0,106798000000.0,29493640.0
BPCL,2025,4387377700000.0,133365500000.0,813840800000.0,4338505488.0
BPCL,2024,4466662600000.0,268588400000.0,756351100000.0,4338505488.0
BPCL,2023,4662577300000.0,21310500000.0,535223600000.0,4338505488.0
BPCL,2022,3455960300000.0,116815000000.0,519056200000.0,4338505488.0
BPL,2025,783586000.0,2480000.0,2493578000.0,48975751.0
BPL,2024,664255000.0,132906000.0,2494949000.0,48975751.0
BPL,2023,522158000.0,50910000.0,2359728000.0,48975751.0
BPL,2022,382494000.0,129495000.0,1660926000.0,48975751.0
BRIGADE,2025,50340400000.0,6857600000.0,56384500000.0,244593464.0
BRIGADE,2024,48660300000.0,4516100000.0,35161500000.0,244593464.0
BRIGADE,2023,33968100000.0,2914100000.0,32450100000.0,244593464.0
BRIGADE,2022,29438400000.0,827700000.0,29099300000.0,244593464.0
BRIGHOTEL,2025,4665000000.0,201900000.0,853800000.0,379842565.0
BRIGHOTEL,2024,4000500000.0,248700000.0,-2148900000.0,379842565.0
BRIGHOTEL,2023,3494400000.0,-38400000.0,-2398200000.0,379842565.0
BRIGHOTEL,2022,1461900000.0,-765000000.0,-2417900000.0,379842565.0
BRITANNIA,2025,175350200000.0,21787300000.0,43557200000.0,240868296.0
BRITANNIA,2024,165462100000.0,21398100000.0,39415200000.0,240868296.0
BRITANNIA,2023,159849000000.0,23217700000.0,35342700000.0,240868296.0
BRITANNIA,2022,139446700000.0,15248200000.0,25581000000.0,240868296.0
BRNL,2025,2742863000.0,1411160000.0,3307449000.0,83950000.0
BRNL,2024,3797221000.0,-1120010000.0,1900957000.0,83950000.0
BRNL,2023,3263393000.0,-2095766000.0,3024137000.0,83950000.0
BRNL,2022,2163965000.0,-3763173000.0,5090656000.0,83950000.0
BROOKS,2025,821856000.0,-99670000.0,981043000.0,29457248.0
BROOKS,2024,790116000.0,-195916000.0,655853000.0,29457248.0
BROOKS,2023,624804000.0,-208919000.0,739533000.0,29457248.0
BROOKS,2022,900934000.0,-193125000.0,874901000.0,29457248.0
BSE,2025,29573400000.0,13206300000.0,44237300000.0,406129077.0
BSE,2024,13710400000.0,7754300000.0,33022900000.0,406129077.0
BSE,2023,8155300000.0,2206700000.0,27011500000.0,406129077.0
BSE,2022,7431500000.0,2543300000.0,26545200000.0,406129077.0
BSHSL,2025,3587553260.0,264049932.0,1046835655.0,104937280.0
BSHSL,2024,2568775575.0,222159736.0,782768810.0,104937280.0
BSHSL,2023,2279181464.0,167814891.0,563355727.0,104937280.0
BSHSL,2022,1917242204.0,105038319.0,394911693.0,104937280.0
BSL,2025,6578050000.0,81577000.0,1192650000.0,10292168.0
BSL,2024,6566662000.0,112327000.0,1126836000.0,10292168.0
BSL,2023,4696562000.0,169093000.0,1040707000.0,10292168.0
BSL,2022,4336777000.0,114788000.0,893024000.0,10292168.0
BSOFT,2025,53752390000.0,5167600000.0,34782280000.0,279486288.0
BSOFT,2024,52781450000.0,6237600000.0,30441250000.0,279486288.0
BSOFT,2023,47947690000.0,3315840000.0,24482930000.0,279486288.0
BSOFT,2022,41303500000.0,4636380000.0,25830500000.0,279486288.0
BTML,2025,890979000.0,48820000.0,327625000.0,181697777.0
BTML,2024,639991000.0,33921000.0,272385000.0,181697777.0
BTML,2023,426120610.0,32561610.0,248742950.0,181697777.0
BTML,2022,590847260.0,32289130.0,91259840.0,181697777.0
BUTTERFLY,2025,8535013000.0,325331000.0,3252792000.0,17879551.0
BUTTERFLY,2024,9194555000.0,73898000.0,2921878000.0,17879551.0
BUTTERFLY,2023,10419105000.0,516658000.0,2856430000.0,17879551.0
BUTTERFLY,2022,9598586000.0,161268000.0,2350061000.0,17879551.0
BVCL,2025,2065707000.0,51668000.0,1254168000.0,22160000.0
BVCL,2024,2333684000.0,72547000.0,1203263000.0,22160000.0
BVCL,2023,1804699000.0,52211000.0,1130825000.0,22160000.0
BVCL,2022,1728156000.0,-45209000.0,1079683000.0,22160000.0
BYKE,2025,966405000.0,45946000.0,2246358000.0,52279300.0
BYKE,2024,838586000.0,56468000.0,2019416000.0,52279300.0
BYKE,2023,1144056000.0,22885000.0,1595081000.0,52279300.0
BYKE,2022,932891000.0,-128227000.0,1571738000.0,52279300.0
CALSOFT,2025,54464000.0,7194000.0,245307000.0,15457106.0
CALSOFT,2024,42803000.0,6235000.0,122082000.0,15457106.0
CALSOFT,2023,27641000.0,2212000.0,115797149.0,15457106.0
CALSOFT,2022,108571560.0,45520765.0,164808125.0,15457106.0
CAMLINFINE,2025,16355990000.0,684780000.0,9016730000.0,192091613.0
CAMLINFINE,2024,14362323000.0,650822000.0,8647508000.0,192091613.0
CAMLINFINE,2023,16713011000.0,521064000.0,8193740000.0,192091613.0
CAMLINFINE,2022,14044112000.0,606778000.0,7479340000.0,192091613.0
CAMPUS,2025,15929600000.0,1211800000.0,7565100000.0,305593205.0
CAMPUS,2024,14482900000.0,894400000.0,6516600000.0,305593205.0
CAMPUS,2023,14842500000.0,1171200000.0,5521200000.0,305593205.0
CAMPUS,2022,11941810000.0,1085380000.0,4275870000.0,305593205.0
CAMS,2025,14224833000.0,4701938000.0,11185538000.0,247984498.0
CAMS,2024,11365181000.0,3536406000.0,9145329000.0,247984498.0
CAMS,2023,9718272000.0,2852483000.0,7817247000.0,247984498.0
CAMS,2022,9096675000.0,2869469000.0,6476379000.0,247984498.0
CANBK,2025,710695975000.0,175396241000.0,1054167601000.0,9070651260.0
CANBK,2024,661201114000.0,152785644000.0,921332333000.0,9070651260.0
CANBK,2023,553766487000.0,112547457000.0,780537533000.0,9070651260.0
CANBK,2022,497740942000.0,61248216000.0,699613251000.0,9070651260.0
CANFINHOME,2025,13639739000.0,8571654000.0,50674937000.0,133154125.0
CANFINHOME,2024,12682736000.0,7506987000.0,43438529000.0,133154125.0
CANFINHOME,2023,10120918000.0,6212123000.0,36472813000.0,133154125.0
CANFINHOME,2022,8125016000.0,4711051000.0,30666217000.0,133154125.0
CANTABIL,2025,7210673000.0,748631000.0,3930954000.0,83638040.0
CANTABIL,2024,6146794000.0,622229000.0,3264589000.0,83638040.0
CANTABIL,2023,5518830000.0,672363000.0,2213643000.0,83638040.0
CANTABIL,2022,3832353000.0,380554000.0,1600800000.0,83638040.0
CAPACITE,2025,23322661000.0,2025611000.0,17186635000.0,84604043.0
CAPACITE,2024,19193294000.0,1202704000.0,15169611000.0,84604043.0
CAPACITE,2023,17835086000.0,952912000.0,10734465000.0,84604043.0
CAPACITE,2022,13267246000.0,477573000.0,9651740000.0,84604043.0
CAPILLARY,2025,5982590000.0,141540000.0,5682470000.0,79311773.0
CAPILLARY,2024,5251000000.0,-683510000.0,5389520000.0,79311773.0
CAPILLARY,2023,2553720000.0,-885560000.0,1865690000.0,79311773.0
CAPITALSFB,2025,4961981000.0,1316472000.0,13401354000.0,45418771.0
CAPITALSFB,2024,4131050000.0,1115253000.0,11974177000.0,45418771.0
CAPITALSFB,2023,3714483000.0,935962000.0,6106107000.0,45418771.0
CAPITALSFB,2022,3094730000.0,625690000.0,5157810000.0,45418771.0
CAPLIPOINT,2025,19374700000.0,5363100000.0,28504900000.0,76011696.0
CAPLIPOINT,2024,16795500000.0,4570900000.0,23157100000.0,76011696.0
CAPLIPOINT,2023,14538200000.0,3762600000.0,18804800000.0,76011696.0
CAPLIPOINT,2022,12694100000.0,2998400000.0,14839300000.0,76011696.0
CAPTRUST,2025,941820000.0,11109000.0,859285000.0,33875489.0
CAPTRUST,2024,768003000.0,21463000.0,767000000.0,33875489.0
CAPTRUST,2023,647720000.0,-456413000.0,745385000.0,33875489.0
CAPTRUST,2022,851941000.0,-108205000.0,1200378000.0,33875489.0
CARBORUNIV,2025,48335180000.0,2927390000.0,35286270000.0,190492502.0
CARBORUNIV,2024,46282150000.0,4612500000.0,31257020000.0,190492502.0
CARBORUNIV,2023,46010360000.0,4139860000.0,28205660000.0,190492502.0
CARBORUNIV,2022,32896140000.0,3333550000.0,23637720000.0,190492502.0
CARERATING,2025,4023175000.0,1372387000.0,8062681000.0,30047013.0
CARERATING,2024,3316848000.0,1005249000.0,7171280000.0,30047013.0
CARERATING,2023,2789930000.0,835294000.0,6722079000.0,30047013.0
CARERATING,2022,2469643000.0,751079000.0,6474946000.0,30047013.0
CARRARO,2025,17998510000.0,881170000.0,4579640000.0,56851538.0
CARRARO,2024,17797040000.0,625430000.0,3698180000.0,56851538.0
CARRARO,2023,17037490000.0,484420000.0,3373760000.0,56851538.0
CARRARO,2022,14903080000.0,224090000.0,2924920000.0,56851538.0
CARTRADE,2025,6411164000.0,1343099000.0,22206214000.0,47878035.0
CARTRADE,2024,4895978000.0,764564000.0,20699949000.0,47878035.0
CARTRADE,2023,3633028000.0,339976000.0,20434456000.0,47878035.0
CARTRADE,2022,3127225000.0,-1321018000.0,19792746000.0,47878035.0
CARYSIL,2025,8155700000.0,637400000.0,5265100000.0,28442606.0
CARYSIL,2024,6790400000.0,578900000.0,3540000000.0,28442606.0
CARYSIL,2023,5876209000.0,524188000.0,3033808000.0,28442606.0
CARYSIL,2022,4792102000.0,647618000.0,2536946000.0,28442606.0
CASTROLIND,2025,57003200000.0,9499300000.0,19003000000.0,989122384.0
CASTROLIND,2024,53456800000.0,9272300000.0,22783700000.0,989122384.0
CASTROLIND,2023,50538600000.0,8641300000.0,21216900000.0,989122384.0
CASTROLIND,2022,47598000000.0,8151500000.0,18860300000.0,989122384.0
CASTROLIND,2021,,,,989122384.0
CCAVENUE,2025,39925780000.0,2254280000.0,37354600000.0,3461642759.0
CCAVENUE,2024,31502800000.0,1580890000.0,33885950000.0,3461642759.0
CCAVENUE,2023,19623390000.0,1395980000.0,31654890000.0,3461642759.0
CCAVENUE,2022,12939300000.0,865200000.0,29579040000.0,3461642759.0
CCCL,2025,1812719000.0,876405000.0,1997395000.0,446759451.0
CCCL,2024,1301952000.0,6725723000.0,275930000.0,446759451.0
CCCL,2023,1387507000.0,-1125618000.0,-6456794000.0,446759451.0
CCCL,2022,1306120000.0,-1408442000.0,-5335146000.0,446759451.0
CCHHL,2025,460144000.0,43793000.0,3160260000.0,163464735.0
CCHHL,2024,523639000.0,-48587000.0,3117041000.0,163464735.0
CCHHL,2023,641628000.0,126387000.0,3168165000.0,163464735.0
CCHHL,2022,568443000.0,-437160000.0,3417075000.0,163464735.0
CCL,2025,31057498000.0,3103365000.0,19672280000.0,133198356.0
CCL,2024,26537008000.0,2500777000.0,16738127000.0,133198356.0
CCL,2023,20712160000.0,2839637000.0,14972945000.0,133198356.0
CCL,2022,14620289000.0,2043505000.0,12506939000.0,133198356.0
CDSL,2025,10822080000.0,5266412000.0,17603447000.0,209000000.0
CDSL,2024,8122566000.0,4191058000.0,14633434000.0,209000000.0
CDSL,2023,5550868000.0,2759390000.0,12137299000.0,209000000.0
CDSL,2022,5513308000.0,3111812000.0,10929184000.0,209000000.0
CEATLTD,2025,130207000000.0,4726400000.0,43685300000.0,40341520.0
CEATLTD,2024,117817100000.0,6426500000.0,40426100000.0,40341520.0
CEATLTD,2023,111490500000.0,1861700000.0,34396400000.0,40341520.0
CEATLTD,2022,91434500000.0,712000000.0,32728100000.0,40341520.0
CEIGALL,2025,31025140000.0,2940210000.0,18325960000.0,174204861.0
CEIGALL,2024,28425550000.0,3061440000.0,8877290000.0,174204861.0
CEIGALL,2023,20154890000.0,1672720000.0,5930630000.0,174204861.0
CEIGALL,2022,11173450000.0,1258610000.0,4312510000.0,174204861.0
CEINSYS,2025,4180600000.0,632400000.0,4118900000.0,20937661.0
CEINSYS,2024,2529400000.0,350000000.0,2340900000.0,20937661.0
CEINSYS,2023,2194981000.0,308872000.0,1983021000.0,20937661.0
CEINSYS,2022,2028864000.0,91946000.0,1628621000.0,20937661.0
CELEBRITY,2025,1586000000.0,-182600000.0,205500000.0,64548346.0
CELEBRITY,2024,3408500000.0,18500000.0,339700000.0,64548346.0
CELEBRITY,2023,3556900000.0,61500000.0,267000000.0,64548346.0
CELEBRITY,2022,3246300000.0,87800000.0,149800000.0,64548346.0
CELLO,2025,21363883000.0,3388152000.0,21674029000.0,220885034.0
CELLO,2024,20002641000.0,3310626000.0,11492176000.0,220885034.0
CELLO,2023,17864814000.0,2661273000.0,3364495000.0,220885034.0
CELLO,2022,13501370000.0,2040010000.0,876460000.0,220885034.0
CEMPRO,2025,90968837000.0,3728052000.0,18333942000.0,171787584.0
CEMPRO,2024,77173382000.0,2737334000.0,14937017000.0,171787584.0
CEMPRO,2023,50902017000.0,1242444000.0,12375055000.0,171787584.0
CEMPRO,2022,38086609000.0,688051000.0,11311718000.0,171787584.0
CENTENKA,2025,19902900000.0,664700000.0,14175500000.0,21850589.0
CENTENKA,2024,17343800000.0,427500000.0,13643800000.0,21850589.0
CENTENKA,2023,20572100000.0,903200000.0,13217100000.0,21850589.0
CENTENKA,2022,20819100000.0,1841600000.0,12506800000.0,21850589.0
CENTEXT,2025,4312500000.0,99400000.0,829700000.0,80000000.0
CENTEXT,2024,3751000000.0,74500000.0,730500000.0,80000000.0
CENTEXT,2023,3720100000.0,59700000.0,651500000.0,80000000.0
CENTEXT,2022,3224600000.0,61700000.0,592400000.0,80000000.0
CENTRALBK,2025,198626794000.0,39342054000.0,368814787000.0,9051401274.0
CENTRALBK,2024,176942765000.0,26676808000.0,323744116000.0,9051401274.0
CENTRALBK,2023,158378315000.0,16787784000.0,292167308000.0,9051401274.0
CENTRALBK,2022,125008502000.0,10573415000.0,275494063000.0,9051401274.0
CENTRUM,2025,26932121000.0,-1874825000.0,2792630000.0,516811433.0
CENTRUM,2024,20356022000.0,-993487000.0,4406237000.0,516811433.0
CENTRUM,2023,12138934000.0,-1497865000.0,5933967000.0,516811433.0
CENTRUM,2022,6676195000.0,-1767422000.0,6749003000.0,516811433.0
CENTUM,2025,11308640000.0,24560000.0,4052230000.0,14736150.0
CENTUM,2024,10482460000.0,17750000.0,2032720000.0,14736150.0
CENTUM,2023,8841960000.0,98160000.0,2107170000.0,14736150.0
CENTUM,2022,7333760000.0,-305430000.0,2039680000.0,14736150.0
CENTURYPLY,2025,45079228000.0,1853199000.0,23651156000.0,222172990.0
CENTURYPLY,2024,38626939000.0,3263900000.0,22116865000.0,222172990.0
CENTURYPLY,2023,36321512000.0,3762219000.0,19072462000.0,222172990.0
CENTURYPLY,2022,30087061000.0,3130555000.0,15568404000.0,222172990.0
CERA,2025,18864859000.0,2464799000.0,13535818000.0,12892795.0
CERA,2024,18664878000.0,2390018000.0,13457868000.0,12892795.0
CERA,2023,18004170000.0,2094048000.0,11726377000.0,12892795.0
CERA,2022,14421284000.0,1510958000.0,10151517000.0,12892795.0
CEREBRAINT,2025,356150000.0,-472632000.0,1648182000.0,121186482.0
CEREBRAINT,2024,519809000.0,-483255000.0,2120830000.0,121186482.0
CEREBRAINT,2023,862033000.0,25143000.0,2604085000.0,121186482.0
CEREBRAINT,2022,2310767000.0,274142000.0,2578911000.0,121186482.0
CESC,2025,170012900000.0,13689400000.0,120097200000.0,1325570430.0
CESC,2024,152932100000.0,13763500000.0,114456400000.0,1325570430.0
CESC,2023,142463500000.0,13428300000.0,109103700000.0,1325570430.0
CESC,2022,125438800000.0,13580700000.0,103964300000.0,1325570430.0
CEWATER,2025,5915910000.0,581930000.0,5336750000.0,20696233.0
CEWATER,2024,4947750000.0,961140000.0,3225540000.0,20696233.0
CEWATER,2023,3410620000.0,54870000.0,2809610000.0,20696233.0
CEWATER,2022,3271490000.0,164770000.0,2677450000.0,20696233.0
CGCL,2025,29334920000.0,4785330000.0,43040970000.0,962153962.0
CGCL,2024,20821570000.0,2794060000.0,38365700000.0,962153962.0
CGCL,2023,13257680000.0,2046540000.0,35654660000.0,962153962.0
CGCL,2022,8857640000.0,2050410000.0,19224710000.0,962153962.0
CGPOWER,2025,98147200000.0,9746000000.0,38439500000.0,1574921249.0
CGPOWER,2024,79557500000.0,8705200000.0,30174400000.0,1574921249.0
CGPOWER,2023,68946000000.0,7960300000.0,17905100000.0,1574921249.0
CGPOWER,2022,54036600000.0,6290800000.0,10029600000.0,1574921249.0
CHALET,2025,17178250000.0,1425650000.0,30462470000.0,218994127.0
CHALET,2024,14172520000.0,2781650000.0,18513420000.0,218994127.0
CHALET,2023,11284670000.0,1833320000.0,15419390000.0,218994127.0
CHALET,2022,5078070000.0,-749920000.0,13412540000.0,218994127.0
CHAMBLFERT,2025,166461200000.0,16495100000.0,87280200000.0,400652297.0
CHAMBLFERT,2024,179476300000.0,12758000000.0,72735500000.0,400652297.0
CHAMBLFERT,2023,277714500000.0,10342200000.0,70681100000.0,400652297.0
CHAMBLFERT,2022,160675000000.0,15659800000.0,63995800000.0,400652297.0
CHEMBOND,2025,1988582000.0,175624000.0,1561654000.0,13448288.0
CHEMBOND,2024,1775413000.0,111763000.0,1432424000.0,13448288.0
CHEMBOND,2023,4391269000.0,250956000.0,3216942000.0,13448288.0
CHEMBOND,2022,3475095000.0,139209000.0,3039505000.0,13448288.0
CHEMBONDCH,2025,2914275000.0,310423000.0,1742112000.0,26896576.0
CHEMBONDCH,2024,2822198000.0,301118000.0,1435005000.0,26896576.0
CHEMBONDCH,2023,4391269000.0,250956000.0,3216942000.0,26896576.0
CHEMBONDCH,2022,3475095000.0,139209000.0,3039505000.0,26896576.0
CHEMCON,2025,2061089000.0,244521000.0,5006586000.0,36630701.0
CHEMCON,2024,2654642000.0,191930000.0,4764085000.0,36630701.0
CHEMCON,2023,3012350000.0,551101000.0,4573591000.0,36630701.0
CHEMCON,2022,2567493000.0,627566000.0,4171822000.0,36630701.0
CHEMFAB,2025,3343743000.0,-69403000.0,3799881000.0,14373702.0
CHEMFAB,2024,3272968000.0,263231000.0,3872649000.0,14373702.0
CHEMFAB,2023,3311226000.0,645833000.0,3613544000.0,14373702.0
CHEMFAB,2022,2712692000.0,287468000.0,2980018000.0,14373702.0
CHEMPLASTS,2025,43283400000.0,-1103600000.0,20684300000.0,158109574.0
CHEMPLASTS,2024,39159900000.0,-1584300000.0,17005800000.0,158109574.0
CHEMPLASTS,2023,49345300000.0,1523500000.0,18584600000.0,158109574.0
CHEMPLASTS,2022,58851100000.0,6486500000.0,17050400000.0,158109574.0
CHENNPETRO,2025,592690100000.0,2140900000.0,82066500000.0,148911400.0
CHENNPETRO,2024,663204200000.0,27450700000.0,88209200000.0,148911400.0
CHENNPETRO,2023,766275700000.0,35315300000.0,64750800000.0,148911400.0
CHENNPETRO,2022,433031100000.0,13520300000.0,29867300000.0,148911400.0
CHEVIOT,2025,4352765000.0,577419000.0,6509457000.0,5841875.0
CHEVIOT,2024,4595544000.0,693938000.0,6257844000.0,5841875.0
CHEVIOT,2023,5599893000.0,544612000.0,5728094000.0,5841875.0
CHEVIOT,2022,5616556000.0,793487000.0,5529962000.0,5841875.0
CHOICEIN,2025,9097467000.0,1627136000.0,10274346000.0,222776500.0
CHOICEIN,2024,7504817000.0,1308588000.0,6314200000.0,222776500.0
CHOICEIN,2023,3892807000.0,600679000.0,4772965000.0,222776500.0
CHOICEIN,2022,2758227000.0,535762000.0,4099705000.0,222776500.0
CHOLAFIN,2025,134112700000.0,42627200000.0,236686900000.0,852037169.0
CHOLAFIN,2024,99388700000.0,34200600000.0,195932400000.0,852037169.0
CHOLAFIN,2023,71452500000.0,26648500000.0,143461000000.0,852037169.0
CHOLAFIN,2022,58641800000.0,21535100000.0,117690000000.0,852037169.0
CHOLAHLDNG,2025,349960200000.0,21736600000.0,125152800000.0,187777462.0
CHOLAHLDNG,2024,272755900000.0,17725200000.0,102417300000.0,187777462.0
CHOLAHLDNG,2023,193813400000.0,12902300000.0,160490400000.0,187777462.0
CHOLAHLDNG,2022,156378000000.0,10230700000.0,64456900000.0,187777462.0
CIEINDIA,2025,94064740000.0,8229700000.0,74591390000.0,379362377.0
CIEINDIA,2024,89640670000.0,8203060000.0,65767840000.0,379362377.0
CIEINDIA,2023,88120430000.0,7976300000.0,59879680000.0,379362377.0
CIEINDIA,2022,82282830000.0,7113480000.0,50984850000.0,379362377.0
CIEINDIA,2021,,,,379362377.0
CIFL,2025,5749944000.0,15476000.0,6279587000.0,391056300.0
CIFL,2024,6492311000.0,116478000.0,6226246000.0,391056300.0
CIFL,2023,6299712000.0,-415712000.0,6055575000.0,391056300.0
CIFL,2022,5115624000.0,-27683000.0,6212219000.0,391056300.0
CIGNITITEC,2025,20143409000.0,2001742000.0,9632418000.0,27546959.0
CIGNITITEC,2024,18150133000.0,1655920000.0,7380726000.0,27546959.0
CIGNITITEC,2023,16475808000.0,1683206000.0,5893477000.0,27546959.0
CIGNITITEC,2022,12418000000.0,917441000.0,4598437000.0,27546959.0
CINELINE,2025,2106214000.0,-171319000.0,1432272000.0,34266434.0
CINELINE,2024,1896106000.0,-22435000.0,1494684000.0,34266434.0
CINELINE,2023,1405740000.0,-215568000.0,1389486000.0,34266434.0
CINELINE,2022,450074000.0,-354641000.0,1089815000.0,34266434.0
CINEVISTA,2025,115435000.0,-316188000.0,505200000.0,57436475.0
CINEVISTA,2024,4405000.0,-74998000.0,821388000.0,57436475.0
CINEVISTA,2023,8000000.0,-279845000.0,896386000.0,57436475.0
CINEVISTA,2022,10200000.0,-164889000.0,1176231000.0,57436475.0
CIPLA,2025,271454000000.0,52725200000.0,311934500000.0,807782631.0
CIPLA,2024,254466300000.0,41215500000.0,267064300000.0,807782631.0
CIPLA,2023,224731800000.0,28019100000.0,234077800000.0,807782631.0
CIPLA,2022,216233600000.0,25167500000.0,208416900000.0,807782631.0
CLCIND,2025,616025000.0,-462482000.0,100095000.0,103947.0
CLCIND,2024,0.0,-342808000.0,562384000.0,103947.0
CLCIND,2023,0.0,-109442000.0,-5482875000.0,103947.0
CLCIND,2022,0.0,-114585000.0,-5373434000.0,103947.0
CLEAN,2025,9497000000.0,2644050000.0,14164160000.0,106277299.0
CLEAN,2024,7797620000.0,2440260000.0,12031650000.0,106277299.0
CLEAN,2023,9264740000.0,2951760000.0,10099990000.0,106277299.0
CLEAN,2022,6775350000.0,2284950000.0,7684490000.0,106277299.0
CLEANMAX,2025,14942580000.0,278430000.0,25634800000.0,117079174.0
CLEANMAX,2024,13895810000.0,-309880000.0,18334680000.0,117079174.0
CLEANMAX,2023,9285670000.0,-652690000.0,12107430000.0,117079174.0
CLEDUCATE,2025,3375585000.0,-19091000.0,2715695000.0,54223958.0
CLEDUCATE,2024,2958122000.0,172474000.0,2806110000.0,54223958.0
CLEDUCATE,2023,2797853000.0,225337000.0,2747711000.0,54223958.0
CLEDUCATE,2022,1998951000.0,139394000.0,2616424000.0,54223958.0
CLSEL,2025,14580242000.0,1028796000.0,7332720000.0,49725620.0
CLSEL,2024,13317352000.0,1156363000.0,7139663000.0,49725620.0
CLSEL,2023,13512503000.0,1176679000.0,6084568000.0,49725620.0
CLSEL,2022,9136453000.0,649779000.0,4095522000.0,49725620.0
CMPDI,2025,21027600000.0,6669100000.0,20418500000.0,
CMPDI,2024,17326900000.0,5032300000.0,15916100000.0,
CMPDI,2023,13860900000.0,2966600000.0,12176500000.0,
CMSINFO,2025,24245320000.0,3724570000.0,22665140000.0,164637541.0
CMSINFO,2024,22646770000.0,3471410000.0,19467590000.0,164637541.0
CMSINFO,2023,19147300000.0,2972360000.0,15624550000.0,164637541.0
CMSINFO,2022,15896710000.0,2240380000.0,12561300000.0,164637541.0
CNL,2025,17744771000.0,462077000.0,2940131000.0,15016675.0
CNL,2024,17131156000.0,440618000.0,2157088000.0,15016675.0
CNL,2023,13927586000.0,245939000.0,1173951000.0,15016675.0
CNL,2022,9470447000.0,159856000.0,822663000.0,15016675.0
COALINDIA,2025,1242688700000.0,353581600000.0,991049200000.0,6162728327.0
COALINDIA,2024,1270744100000.0,374022900000.0,827297800000.0,6162728327.0
COALINDIA,2023,1274290300000.0,317632300000.0,608429300000.0,6162728327.0
COALINDIA,2022,1005625700000.0,173581000000.0,431430400000.0,6162728327.0
COASTCORP,2025,5938216000.0,44817000.0,2624935000.0,66977230.0
COASTCORP,2024,4129190000.0,45218000.0,2594505000.0,66977230.0
COASTCORP,2023,3366104000.0,66989000.0,2447109000.0,66977230.0
COASTCORP,2022,4715908000.0,135531000.0,2045717000.0,66977230.0
COCHINSHIP,2025,46394202000.0,8273305000.0,55792603000.0,263080780.0
COCHINSHIP,2024,37510069000.0,7832778000.0,50033367000.0,263080780.0
COCHINSHIP,2023,23188046000.0,3047091000.0,44276464000.0,263080780.0
COCHINSHIP,2022,31273473000.0,5639614000.0,43931818000.0,263080780.0
COFFEEDAY,2025,10699800000.0,-580500000.0,25904600000.0,211251719.0
COFFEEDAY,2024,10071600000.0,-3225000000.0,28565300000.0,211251719.0
COFFEEDAY,2023,9163500000.0,-3798000000.0,32178500000.0,211251719.0
COFFEEDAY,2022,5781500000.0,-1206100000.0,36045200000.0,211251719.0
COFORGE,2025,120507000000.0,8395000000.0,63792000000.0,335810937.0
COFORGE,2024,90089000000.0,8213000000.0,36266000000.0,335810937.0
COFORGE,2023,80146000000.0,6938000000.0,30825000000.0,335810937.0
COFORGE,2022,64320000000.0,6617000000.0,27331000000.0,335810937.0
COHANCE,2025,11722800000.0,2678700000.0,16965800000.0,382567140.0
COHANCE,2024,10340600000.0,3002800000.0,20506700000.0,382567140.0
COHANCE,2023,13311101000.0,4112900000.0,17351843000.0,382567140.0
COHANCE,2022,13070108000.0,4538049000.0,15271803000.0,382567140.0
COLPAL,2025,59992000000.0,14368100000.0,16644700000.0,271985634.0
COLPAL,2024,56441800000.0,13236600000.0,18743600000.0,271985634.0
COLPAL,2023,51878636000.0,10471465000.0,17163843000.0,271985634.0
COLPAL,2022,50664551000.0,10783187000.0,17346776000.0,271985634.0
COMPINFO,2025,11961000.0,-77423000.0,-2961290000.0,85768064.0
COMPINFO,2024,249307000.0,-3747719000.0,-2876929000.0,85768064.0
COMPINFO,2023,37394847000.0,-1998406000.0,875549000.0,85768064.0
COMPINFO,2022,42075018000.0,267485000.0,2477252000.0,85768064.0
COMPUSOFT,2025,336764000.0,14800000.0,1405319000.0,79125188.0
COMPUSOFT,2024,703165000.0,53056000.0,1421008000.0,79125188.0
COMPUSOFT,2023,546227000.0,50154000.0,1395681000.0,79125188.0
COMPUSOFT,2022,296526000.0,127675000.0,1375071000.0,79125188.0
COMSYN,2025,3478194000.0,171206000.0,1500479000.0,39952200.0
COMSYN,2024,2884347000.0,78582000.0,1287361000.0,39952200.0
COMSYN,2023,2899577000.0,80867000.0,1205331000.0,39952200.0
COMSYN,2022,3225912000.0,183079000.0,1056968000.0,39952200.0
CONCOR,2025,82119300000.0,12887500000.0,123801900000.0,761617935.0
CONCOR,2024,79647500000.0,12469500000.0,118265200000.0,761617935.0
CONCOR,2023,74488100000.0,11739500000.0,112262900000.0,761617935.0
CONCOR,2022,76357500000.0,10563700000.0,107539200000.0,761617935.0
CONCORDBIO,2025,11798178000.0,3716423000.0,18127175000.0,104616204.0
CONCORDBIO,2024,9980573000.0,3081032000.0,15266455000.0,104616204.0
CONCORDBIO,2023,8306322000.0,2400857000.0,12900025000.0,104616204.0
CONCORDBIO,2022,7084400000.0,1749290000.0,11032230000.0,104616204.0
CONFIPET,2025,31457700000.0,866200000.0,13282900000.0,332241043.0
CONFIPET,2024,26984800000.0,1013700000.0,11816400000.0,332241043.0
CONFIPET,2023,22046600000.0,809500000.0,8066500000.0,332241043.0
CONFIPET,2022,14276900000.0,878400000.0,6958800000.0,332241043.0
CONSOFINVT,2025,148434000.0,1082758000.0,10274338000.0,32326366.0
CONSOFINVT,2024,135685000.0,464596000.0,8081523000.0,32326366.0
CONSOFINVT,2023,22666000.0,3129495000.0,7433550000.0,32326366.0
CONSOFINVT,2022,18959000.0,6283000.0,5021330000.0,32326366.0
CONTROLPR,2025,4250272000.0,1000524000.0,4125194000.0,15994212.0
CONTROLPR,2024,3592743000.0,543048000.0,3338993000.0,15994212.0
CONTROLPR,2023,3042924000.0,528517000.0,2939745000.0,15994212.0
CONTROLPR,2022,2562342000.0,400976000.0,2569420000.0,15994212.0
CORALFINAC,2025,151737000.0,174901000.0,2208196000.0,40302225.0
CORALFINAC,2024,203166000.0,207674000.0,1835245000.0,40302225.0
CORALFINAC,2023,284916000.0,183201000.0,1495661000.0,40302225.0
CORALFINAC,2022,167122000.0,173710000.0,1420075000.0,40302225.0
CORDSCABLE,2025,7945629000.0,146699000.0,1824873000.0,12927780.0
CORDSCABLE,2024,6277449000.0,100706000.0,1692409000.0,12927780.0
CORDSCABLE,2023,5262551000.0,72194000.0,1592066000.0,12927780.0
CORDSCABLE,2022,4373914000.0,63656000.0,1520734000.0,12927780.0
COROMANDEL,2025,159366400000.0,20664600000.0,110878300000.0,294718339.0
COROMANDEL,2024,138320100000.0,16421900000.0,94199000000.0,294718339.0
COROMANDEL,2023,150988400000.0,20129300000.0,79077900000.0,294718339.0
COROMANDEL,2022,122925600000.0,15284600000.0,63582700000.0,294718339.0
CORONA,2025,11955120000.0,1494340000.0,6063430000.0,
CORONA,2024,10136820000.0,905030000.0,4804070000.0,
CORONA,2023,8835280000.0,849290000.0,4085200000.0,
COSMOFIRST,2025,28090900000.0,1333700000.0,14664300000.0,25898155.0
COSMOFIRST,2024,25362700000.0,621900000.0,13475100000.0,25898155.0
COSMOFIRST,2023,30252300000.0,2439900000.0,12981000000.0,25898155.0
COSMOFIRST,2022,29963800000.0,3966100000.0,11907300000.0,25898155.0
COUNCODOS,2025,167069000.0,5975000.0,250996000.0,77597300.0
COUNCODOS,2024,253239000.0,16135000.0,245021000.0,77597300.0
COUNCODOS,2023,210953000.0,8050000.0,228886000.0,77597300.0
COUNCODOS,2022,219280000.0,25276000.0,220836000.0,77597300.0
CPCAP,2025,616559000.0,381171000.0,5456740000.0,18192939.0
CPCAP,2024,542795000.0,434646000.0,4986973000.0,18192939.0
CPCAP,2023,861780000.0,119547000.0,4795124000.0,18192939.0
CPCAP,2022,550466000.0,227017000.0,4711463000.0,18192939.0
CPEDU,2025,496631000.0,186709000.0,570586000.0,18192939.0
CPEDU,2024,467338000.0,156208000.0,384426000.0,18192939.0
CPEDU,2023,77948000.0,28756000.0,228824000.0,18192939.0
CPPLUS,2025,31108970000.0,3513690000.0,10176670000.0,117798084.0
CPPLUS,2024,27815920000.0,1151720000.0,4242090000.0,117798084.0
CPPLUS,2023,22835880000.0,1083110000.0,3115940000.0,117798084.0
CPPLUS,2022,16455460000.0,969310000.0,2869750000.0,117798084.0
CRAFTSMAN,2025,56448600000.0,1945700000.0,28567400000.0,23855583.0
CRAFTSMAN,2024,44205300000.0,3044700000.0,16579800000.0,23855583.0
CRAFTSMAN,2023,31647700000.0,2483900000.0,13769000000.0,23855583.0
CRAFTSMAN,2022,21938500000.0,1630900000.0,11357400000.0,23855583.0
CREATIVEYE,2025,26080800.0,-7175679.0,199867804.0,20058250.0
CREATIVEYE,2024,4720000.0,-25897534.0,206489042.0,20058250.0
CREATIVEYE,2023,19618000.0,-3722915.0,226929905.0,20058250.0
CREATIVEYE,2022,30791000.0,-9423289.0,230282453.0,20058250.0
CREDITACC,2025,55391900000.0,5314000000.0,69559700000.0,160080005.0
CREDITACC,2024,49049700000.0,14459300000.0,65699800000.0,160080005.0
CREDITACC,2023,32969800000.0,8260600000.0,51069700000.0,160080005.0
CREDITACC,2022,25470400000.0,3530700000.0,41669100000.0,160080005.0
CREST,2025,1598482000.0,885070000.0,11948099000.0,28266775.0
CREST,2024,1442735000.0,601412000.0,11046191000.0,28266775.0
CREST,2023,958484000.0,3958385000.0,9784103000.0,28266775.0
CREST,2022,568974000.0,120989000.0,5904170000.0,28266775.0
CRISIL,2025,36490100000.0,7660100000.0,30334400000.0,73130017.0
CRISIL,2024,32597800000.0,6840700000.0,25648200000.0,73130017.0
CRISIL,2023,31395200000.0,6584400000.0,21892600000.0,73130017.0
CRISIL,2022,27687200000.0,5643900000.0,17919800000.0,73130017.0
CRIZAC,2025,8494910000.0,1529330000.0,5052470000.0,174982500.0
CRIZAC,2024,6348660000.0,1189000000.0,3410250000.0,174982500.0
CRIZAC,2023,4729740000.0,1121390000.0,2215980000.0,174982500.0
CRIZAC,2022,2635350000.0,677640000.0,1069690000.0,174982500.0
CROMPTON,2025,78267400000.0,5559500000.0,33901300000.0,653597856.0
CROMPTON,2024,72737200000.0,4399200000.0,29996200000.0,653597856.0
CROMPTON,2023,68325500000.0,4632100000.0,26599900000.0,653597856.0
CROMPTON,2022,53740600000.0,5783800000.0,24529700000.0,653597856.0
CROWN,2025,350345000.0,189801000.0,618242000.0,11223344.0
CROWN,2024,281007000.0,55083000.0,360732000.0,11223344.0
CROWN,2023,192776000.0,38965000.0,211304000.0,11223344.0
CROWN,2022,199240713.0,-16027626.0,174421404.0,11223344.0
CSBBANK,2025,24484881000.0,5937977000.0,44977315000.0,169407293.0
CSBBANK,2024,20608304000.0,5668218000.0,38036468000.0,169407293.0
CSBBANK,2023,16496058000.0,5473614000.0,32036264000.0,169407293.0
CSBBANK,2022,13996037000.0,4584940000.0,26513980000.0,169407293.0
CSLFINANCE,2025,2109119000.0,720927000.0,5416467000.0,22487484.0
CSLFINANCE,2024,1627202000.0,633621000.0,4748272000.0,22487484.0
CSLFINANCE,2023,1145281000.0,456284000.0,3625196000.0,22487484.0
CSLFINANCE,2022,721768000.0,334494000.0,3214948000.0,22487484.0
CTE,2025,1989210650.0,-480621000.0,679465000.0,19250771.0
CTE,2024,2062275000.0,55785600.0,1124664940.0,19250771.0
CTE,2023,1819920700.0,81464290.0,987785610.0,19250771.0
CTE,2022,1122429680.0,97956200.0,853863460.0,19250771.0
CUB,2025,32137263000.0,11236263000.0,94666172000.0,743047262.0
CUB,2024,28650940000.0,10157309000.0,84014315000.0,743047262.0
CUB,2023,29730292000.0,9374795000.0,74572102000.0,743047262.0
CUB,2022,26740308000.0,7601651000.0,65857054000.0,743047262.0
CUBEXTUB,2025,2671203000.0,66586000.0,758543000.0,14318975.0
CUBEXTUB,2024,2207910000.0,39874000.0,691957000.0,14318975.0
CUBEXTUB,2023,1910492000.0,26476000.0,646992000.0,14318975.0
CUBEXTUB,2022,1336483000.0,24175000.0,620515000.0,14318975.0
CUMMINSIND,2025,102192400000.0,19999400000.0,75614000000.0,277200000.0
CUMMINSIND,2024,88599900000.0,17205800000.0,66123200000.0,277200000.0
CUMMINSIND,2023,76414000000.0,12281500000.0,57582400000.0,277200000.0
CUMMINSIND,2022,60569700000.0,9337400000.0,51449700000.0,277200000.0
CUPID,2025,1806204000.0,408872000.0,3421923000.0,1344660700.0
CUPID,2024,1675516000.0,398548000.0,3012854000.0,1344660700.0
CUPID,2023,1555079000.0,315828000.0,1671234000.0,1344660700.0
CUPID,2022,1327346000.0,172794000.0,1421859000.0,1344660700.0
CURAA,2025,0.0,-6629000.0,71184000.0,9900000.0
CURAA,2024,0.0,-9408000.0,7736000.0,9900000.0
CURAA,2023,0.0,-35000.0,-444000.0,9900000.0
CURAA,2022,0.0,-38000.0,-444000.0,9900000.0
CYBERMEDIA,2025,867208000.0,-112121000.0,-163644000.0,20620657.0
CYBERMEDIA,2024,1018031000.0,14112000.0,-46186000.0,20620657.0
CYBERMEDIA,2023,784288000.0,40382000.0,-54182000.0,20620657.0
CYBERMEDIA,2022,715690000.0,9099000.0,-110641000.0,20620657.0
CYBERTECH,2025,2358969000.0,349343000.0,2476670000.0,31130593.0
CYBERTECH,2024,2217352000.0,227403000.0,2178662000.0,31130593.0
CYBERTECH,2023,1761645000.0,216898000.0,1604161000.0,31130593.0
CYBERTECH,2022,1388490000.0,227108000.0,1383040000.0,31130593.0
CYIENT,2025,73604000000.0,6157000000.0,53095000000.0,110414584.0
CYIENT,2024,71472000000.0,6828000000.0,42581000000.0,110414584.0
CYIENT,2023,60159000000.0,5144000000.0,34667000000.0,110414584.0
CYIENT,2022,45344000000.0,5223000000.0,31166000000.0,110414584.0
CYIENTDLM,2025,15196260000.0,680760000.0,9494350000.0,79364396.0
CYIENTDLM,2024,11918710000.0,611960000.0,9089780000.0,79364396.0
CYIENTDLM,2023,8320330000.0,317270000.0,1978720000.0,79364396.0
CYIENTDLM,2022,7205330000.0,397950000.0,771120000.0,79364396.0
DABUR,2025,124000100000.0,17676300000.0,108006900000.0,1773690172.0
DABUR,2024,122616500000.0,18426800000.0,98663000000.0,1773690172.0
DABUR,2023,114265100000.0,17071500000.0,89732600000.0,1773690172.0
DABUR,2022,108080300000.0,17392200000.0,83813000000.0,1773690172.0
DALBHARAT,2025,135680000000.0,6830000000.0,173740000000.0,187565953.0
DALBHARAT,2024,143340000000.0,8270000000.0,163970000000.0,187565953.0
DALBHARAT,2023,132370000000.0,10390000000.0,156280000000.0,187565953.0
DALBHARAT,2022,110600000000.0,8080000000.0,160610000000.0,187565953.0
DALMIASUG,2025,37457800000.0,3867500000.0,32345200000.0,80939303.0
DALMIASUG,2024,28987000000.0,2724700000.0,29321600000.0,80939303.0
DALMIASUG,2023,32454500000.0,2483200000.0,27049500000.0,80939303.0
DALMIASUG,2022,29041100000.0,3078600000.0,23587100000.0,80939303.0
DAMCAPITAL,2025,2362500000.0,1037800000.0,2639400000.0,70686000.0
DAMCAPITAL,2024,1738400000.0,705300000.0,1626400000.0,70686000.0
DAMCAPITAL,2023,814380000.0,86740000.0,951260000.0,70686000.0
DAMCAPITAL,2022,913540000.0,218980000.0,879720000.0,70686000.0
DAMODARIND,2025,4214354000.0,54017000.0,1439785000.0,23300000.0
DAMODARIND,2024,7153826000.0,52196000.0,1198540000.0,23300000.0
DAMODARIND,2023,6827888000.0,7967000.0,1149671000.0,23300000.0
DAMODARIND,2022,9086027000.0,183544000.0,1154206000.0,23300000.0
DANGEE,2025,268215000.0,-5217000.0,158029000.0,153975000.0
DANGEE,2024,249214000.0,-8804000.0,162989000.0,153975000.0
DANGEE,2023,255308000.0,-6291000.0,171493000.0,153975000.0
DANGEE,2022,205539000.0,-12026000.0,177337000.0,153975000.0
DATAMATICS,2025,17233600000.0,2050200000.0,13645900000.0,59106389.0
DATAMATICS,2024,15498900000.0,1981900000.0,12290000000.0,59106389.0
DATAMATICS,2023,14591900000.0,1889200000.0,10493300000.0,59106389.0
DATAMATICS,2022,12010500000.0,1574800000.0,8570100000.0,59106389.0
DATAPATTNS,2025,7083500000.0,2218100000.0,15082200000.0,55983969.0
DATAPATTNS,2024,5198000000.0,1816900000.0,13242100000.0,55983969.0
DATAPATTNS,2023,4534500000.0,1239900000.0,11670800000.0,55983969.0
DATAPATTNS,2022,3108500000.0,939700000.0,5745100000.0,55983969.0
DAVANGERE,2025,2044448000.0,109371000.0,3498197000.0,1429990798.0
DAVANGERE,2024,2107430000.0,122373000.0,3399838000.0,1429990798.0
DAVANGERE,2023,2744600000.0,132200000.0,3120200000.0,1429990798.0
DAVANGERE,2022,1100439000.0,56801000.0,2472525000.0,1429990798.0
DBCORP,2025,22837440000.0,3709830000.0,22246760000.0,178245926.0
DBCORP,2024,23485380000.0,4255230000.0,22209610000.0,178245926.0
DBCORP,2023,20764540000.0,1690850000.0,19478670000.0,178245926.0
DBCORP,2022,17289130000.0,1425590000.0,18824260000.0,178245926.0
DBEIL,2025,5817938000.0,567498000.0,4128531000.0,46580860.0
DBEIL,2024,5114020000.0,604116000.0,1601029000.0,46580860.0
DBEIL,2023,4334550000.0,213950000.0,1005430000.0,46580860.0
DBEIL,2022,3630520000.0,176640000.0,847190000.0,46580860.0
DBL,2025,104307794000.0,6408263000.0,50642238000.0,162444833.0
DBL,2024,117364634000.0,1940348000.0,43696456000.0,162444833.0
DBL,2023,103331303000.0,9349000.0,40016054000.0,162444833.0
DBL,2022,91935240000.0,-5488661000.0,35506688000.0,162444833.0
DBOL,2025,18426900000.0,146900000.0,10117400000.0,65803590.0
DBOL,2024,18394200000.0,464900000.0,10114700000.0,65803590.0
DBOL,2023,23666200000.0,1111000000.0,9887300000.0,65803590.0
DBOL,2022,15268600000.0,1023300000.0,8785000000.0,65803590.0
DBREALTY,2025,11330805000.0,-1255886000.0,48932683000.0,542406761.0
DBREALTY,2024,3574701000.0,13193790000.0,50148901000.0,542406761.0
DBREALTY,2023,6888008000.0,-903837000.0,21372296000.0,542406761.0
DBREALTY,2022,2194342000.0,269274000.0,18887097000.0,542406761.0
DBSTOCKBRO,2025,156330962.0,57874304.0,720229166.0,35000000.0
DBSTOCKBRO,2024,130488649.0,90477561.0,662978016.0,35000000.0
DBSTOCKBRO,2023,93682610.0,63750081.0,572015104.0,35000000.0
DBSTOCKBRO,2022,262413304.0,86374895.0,507370256.0,35000000.0
DCAL,2025,26420800000.0,32400000.0,58315200000.0,156783095.0
DCAL,2024,25436200000.0,-1534500000.0,56275000000.0,156783095.0
DCAL,2023,23150500000.0,-298000000.0,58096700000.0,156783095.0
DCAL,2022,20676400000.0,180100000.0,55489400000.0,156783095.0
DCBBANK,2025,28482314000.0,6153347000.0,56906801000.0,321901777.0
DCBBANK,2024,24000148000.0,5359745000.0,50712696000.0,321901777.0
DCBBANK,2023,21271655000.0,4655589000.0,45661135000.0,321901777.0
DCBBANK,2022,18097748000.0,2875043000.0,40488243000.0,321901777.0
DCI,2025,5557491000.0,144997000.0,722163000.0,16400000.0
DCI,2024,4596319000.0,116097000.0,505876000.0,16400000.0
DCI,2023,3596251000.0,70754000.0,295280000.0,16400000.0
DCI,2022,2325118000.0,40039000.0,224529000.0,16400000.0
DCM,2025,687746000.0,219167000.0,429211000.0,18677749.0
DCM,2024,672679000.0,52054000.0,207707000.0,18677749.0
DCM,2023,694478000.0,23326000.0,149548000.0,18677749.0
DCM,2022,686313000.0,301653000.0,119381000.0,18677749.0
DCMFINSERV,2025,0.0,-11854000.0,-499532000.0,22125054.0
DCMFINSERV,2024,45000.0,-9380000.0,-487451000.0,22125054.0
DCMFINSERV,2023,-1842000.0,-48486000.0,-478037000.0,22125054.0
DCMFINSERV,2022,32000.0,4756000.0,-431646000.0,22125054.0
DCMNVL,2025,9528463000.0,89099000.0,3245536000.0,18677749.0
DCMNVL,2024,9522601000.0,-32637000.0,3155499000.0,18677749.0
DCMNVL,2023,7710573000.0,122881000.0,3188838000.0,18677749.0
DCMNVL,2022,8221510000.0,1225975000.0,3064599000.0,18677749.0
DCMSHRIRAM,2025,119954900000.0,6042700000.0,70041300000.0,154846564.0
DCMSHRIRAM,2024,108651200000.0,4471000000.0,65221000000.0,154846564.0
DCMSHRIRAM,2023,114793300000.0,9108400000.0,61937500000.0,154846564.0
DCMSHRIRAM,2022,95730500000.0,10673500000.0,55018000000.0,154846564.0
DCMSRIND,2025,20237370000.0,1014723000.0,8989506000.0,86992185.0
DCMSRIND,2024,20561818000.0,1154024000.0,8153800000.0,86992185.0
DCMSRIND,2023,23269181000.0,601601000.0,7166674000.0,86992185.0
DCMSRIND,2022,20850615000.0,662432000.0,6719145000.0,86992185.0
DCW,2025,19846288000.0,302841000.0,10326915000.0,348895377.0
DCW,2024,18611713000.0,156596000.0,10317183000.0,348895377.0
DCW,2023,26265482000.0,1919799000.0,10250961000.0,348895377.0
DCW,2022,24490242000.0,1075062000.0,8018174000.0,348895377.0
DCXINDIA,2025,10836710000.0,388760000.0,13752310000.0,111386427.0
DCXINDIA,2024,14235830000.0,757830000.0,11262530000.0,111386427.0
DCXINDIA,2023,12536340000.0,716810000.0,5667210000.0,111386427.0
DCXINDIA,2022,10994120000.0,656080000.0,1175900000.0,111386427.0
DDEVPLSTIK,2025,26033237000.0,1854969000.0,8347059000.0,103476664.0
DDEVPLSTIK,2024,24312437000.0,1816694000.0,6598686000.0,103476664.0
DDEVPLSTIK,2023,25037474000.0,1040961000.0,4942524000.0,103476664.0
DDEVPLSTIK,2022,22269028000.0,547809000.0,3918994000.0,103476664.0
DECCANCE,2025,5269772000.0,75185000.0,7224256000.0,14007500.0
DECCANCE,2024,7984405000.0,372627000.0,7189749000.0,14007500.0
DECCANCE,2023,7801649000.0,492951000.0,6874545000.0,14007500.0
DECCANCE,2022,7898720000.0,875744000.0,6455505000.0,14007500.0
DEEDEV,2025,81766040000.0,4363310000.0,80057240000.0,69263342.0
DEEDEV,2024,77864740000.0,2620650000.0,45111780000.0,69263342.0
DEEDEV,2023,5869770000.0,129720000.0,4236440000.0,69263342.0
DEEDEV,2022,4530860000.0,81970000.0,4119820000.0,69263342.0
DEEPAKFERT,2025,84306000000.0,9335900000.0,62366200000.0,126237825.0
DEEPAKFERT,2024,70984700000.0,4528400000.0,55418700000.0,126237825.0
DEEPAKFERT,2023,87001300000.0,12101000000.0,50670000000.0,126237825.0
DEEPAKFERT,2022,65535800000.0,6782700000.0,38842200000.0,126237825.0
DEEPAKNTR,2025,80914800000.0,6972400000.0,53886700000.0,136393041.0
DEEPAKNTR,2024,76099200000.0,8108900000.0,47966200000.0,136393041.0
DEEPAKNTR,2023,78825800000.0,8520000000.0,40899600000.0,136393041.0
DEEPAKNTR,2022,67733400000.0,10666400000.0,33384400000.0,136393041.0
DEEPINDS,2025,5760987000.0,-901029000.0,18196053000.0,64000000.0
DEEPINDS,2024,4269927000.0,1238532000.0,14432540000.0,64000000.0
DEEPINDS,2023,3413361000.0,1233973000.0,13701521000.0,64000000.0
DEEPINDS,2022,3216290000.0,721280000.0,11300492000.0,64000000.0
DELHIVERY,2025,89319010000.0,1621100000.0,94321510000.0,748608108.0
DELHIVERY,2024,81415380000.0,-2491860000.0,91446460000.0,748608108.0
DELHIVERY,2023,72253010000.0,-10077790000.0,91771370000.0,748608108.0
DELHIVERY,2022,68822860000.0,-10110000000.0,59573690000.0,748608108.0
DELPHIFX,2025,17212150000.0,19550000.0,2235590000.0,245267775.0
DELPHIFX,2024,28696100000.0,151920000.0,2216870000.0,245267775.0
DELPHIFX,2023,26152590000.0,150420000.0,2066980000.0,245267775.0
DELPHIFX,2022,15046970000.0,79210000.0,1920020000.0,245267775.0
DELTACORP,2025,7296300000.0,3174200000.0,26645600000.0,267771097.0
DELTACORP,2024,8482700000.0,2666600000.0,25178100000.0,267771097.0
DELTACORP,2023,9644700000.0,2613700000.0,22189900000.0,267771097.0
DELTACORP,2022,6161300000.0,669900000.0,20215200000.0,267771097.0
DELTAMAGNT,2025,607058000.0,-83051000.0,146016000.0,10851120.0
DELTAMAGNT,2024,673693000.0,-69419000.0,268613000.0,10851120.0
DELTAMAGNT,2023,795185000.0,-169825000.0,375378000.0,10851120.0
DELTAMAGNT,2022,872663330.0,115839710.0,552179580.0,10851120.0
DEN,2025,10054080000.0,2000620000.0,36195650000.0,476765914.0
DEN,2024,10807480000.0,2146500000.0,34201060000.0,476765914.0
DEN,2023,11042900000.0,2428520000.0,32073670000.0,476765914.0
DEN,2022,11826030000.0,1759470000.0,29530800000.0,476765914.0
DENORA,2025,685011000.0,16929000.0,1201501000.0,5308634.0
DENORA,2024,737271000.0,190074000.0,1196891000.0,5308634.0
DENORA,2023,725656000.0,202760000.0,1016761000.0,5308634.0
DENORA,2022,735721000.0,154504000.0,818811000.0,5308634.0
DENTA,2025,2032850000.0,528850000.0,4087660000.0,26700000.0
DENTA,2024,2385980000.0,604680000.0,1642560000.0,26700000.0
DENTA,2023,1738810000.0,501120000.0,1045470000.0,26700000.0
DENTA,2022,1191230000.0,383370000.0,544310000.0,26700000.0
DEVIT,2025,1700743000.0,148729000.0,686216000.0,56363714.0
DEVIT,2024,1633187000.0,92879000.0,554513000.0,56363714.0
DEVIT,2023,1241393000.0,89745000.0,415462000.0,56363714.0
DEVIT,2022,997487000.0,1340000.0,327861000.0,56363714.0
DEVX,2025,1588750000.0,17440000.0,512090000.0,90187515.0
DEVX,2024,1080870000.0,4330000.0,252110000.0,90187515.0
DEVX,2023,699110000.0,-128300000.0,-23560000.0,90187515.0
DEVX,2022,308830000.0,-75130000.0,-57030000.0,90187515.0
DEVYANI,2025,49206380000.0,91490000.0,10944060000.0,1232939791.0
DEVYANI,2024,35316770000.0,472630000.0,10557630000.0,1232939791.0
DEVYANI,2023,29728030000.0,2649970000.0,9703460000.0,1232939791.0
DEVYANI,2022,20641130000.0,1563360000.0,6863030000.0,1232939791.0
DGCONTENT,2025,4421600000.0,243100000.0,273100000.0,58022421.0
DGCONTENT,2024,4143500000.0,57400000.0,11500000.0,58022421.0
DGCONTENT,2023,3492700000.0,-128500000.0,-59300000.0,58022421.0
DGCONTENT,2022,3241300000.0,210500000.0,55900000.0,58022421.0
DHAMPURSUG,2025,19458200000.0,522100000.0,11524600000.0,64306509.0
DHAMPURSUG,2024,21603700000.0,1343200000.0,11003300000.0,64306509.0
DHAMPURSUG,2023,24278400000.0,1575000000.0,10425600000.0,64306509.0
DHAMPURSUG,2022,18779100000.0,1440400000.0,8849800000.0,64306509.0
DHANBANK,2025,6355483000.0,666414000.0,13952857000.0,394698851.0
DHANBANK,2024,5805774000.0,578219000.0,10297622000.0,394698851.0
DHANBANK,2023,5495034000.0,493625000.0,9611506000.0,394698851.0
DHANBANK,2022,5312157000.0,359041000.0,9000027000.0,394698851.0
DHANUKA,2025,20097139000.0,2969603000.0,14027211000.0,45078324.0
DHANUKA,2024,17328895000.0,2390925000.0,12558658000.0,45078324.0
DHANUKA,2023,16824380000.0,2335023000.0,10612961000.0,45078324.0
DHANUKA,2022,14615944000.0,2088948000.0,9604157000.0,45078324.0
DHARAN,2025,179924000.0,-383375000.0,8814838000.0,5228758452.0
DHARAN,2024,224863000.0,-365748000.0,9099161000.0,5228758452.0
DHARAN,2023,1084473000.0,-35424000.0,9334270000.0,5228758452.0
DHARAN,2022,1009275000.0,172534000.0,1396250000.0,5228758452.0
DHARMAJ,2025,9493430000.0,348250000.0,3944100000.0,33797296.0
DHARMAJ,2024,6526600000.0,443760000.0,3593670000.0,33797296.0
DHARMAJ,2023,5224500000.0,268600000.0,3151780000.0,33797296.0
DHARMAJ,2022,3917690000.0,286900000.0,849180000.0,33797296.0
DHRUV,2025,1019647000.0,69503000.0,1035035000.0,18966569.0
DHRUV,2024,817323000.0,58951000.0,662744000.0,18966569.0
DHRUV,2023,811797000.0,48223000.0,570420000.0,18966569.0
DHRUV,2022,750648000.0,57562000.0,458312000.0,18966569.0
DHUNINV,2025,4954658000.0,907778000.0,26821867000.0,6097178.0
DHUNINV,2024,3793476000.0,488611000.0,25584814000.0,6097178.0
DHUNINV,2023,2175019000.0,2927605000.0,22698958000.0,6097178.0
DHUNINV,2022,2543413000.0,1540338000.0,19431963000.0,6097178.0
DIACABS,2025,11153925000.0,344977000.0,-8786602000.0,526971060.0
DIACABS,2024,3352558000.0,170250000.0,-9733444000.0,526971060.0
DIACABS,2023,139637000.0,-428787000.0,-9798886000.0,526971060.0
DIACABS,2022,0.0,-254033861.0,-6215718416.0,526971060.0
DIAMINESQ,2025,693124000.0,27306000.0,1612596000.0,10053392.0
DIAMINESQ,2024,1028273000.0,154705000.0,1481142000.0,10053392.0
DIAMINESQ,2023,1103727000.0,419036000.0,1345255000.0,10053392.0
DIAMINESQ,2022,658898000.0,167136000.0,1001937000.0,10053392.0
DIAMONDYD,2025,16990841000.0,-342745000.0,6902502000.0,23903546.0
DIAMONDYD,2024,16101460000.0,531226000.0,7287588000.0,23903546.0
DIAMONDYD,2023,16417091000.0,203118000.0,6762331000.0,23903546.0
DIAMONDYD,2022,13830977000.0,29090000.0,6242547000.0,23903546.0
DICIND,2025,8883722000.0,173766000.0,4286480000.0,9178977.0
DICIND,2024,8775164000.0,195390000.0,4152516000.0,9178977.0
DICIND,2023,8258460000.0,-226762000.0,3963245000.0,9178977.0
DICIND,2022,8680235000.0,409841000.0,4222476000.0,9178977.0
DIFFNKG,2025,3331460000.0,359090000.0,3688770000.0,37126259.0
DIFFNKG,2024,2758040000.0,306590000.0,1907050000.0,37126259.0
DIFFNKG,2023,2525180000.0,221640000.0,1419970000.0,37126259.0
DIFFNKG,2022,2030490000.0,170240000.0,1206480000.0,37126259.0
DIGIDRIVE,2025,497846000.0,79056000.0,2746892000.0,38469018.0
DIGIDRIVE,2024,476252000.0,40547000.0,2258339000.0,38469018.0
DIGIDRIVE,2023,429300000.0,46480000.0,1355735000.0,38469018.0
DIGISPICE,2025,4484755000.0,-327933000.0,2125289000.0,208403263.0
DIGISPICE,2024,4394256000.0,497825000.0,2454043000.0,208403263.0
DIGISPICE,2023,4315384000.0,-40923000.0,2318540000.0,208403263.0
DIGISPICE,2022,9906062000.0,51267000.0,2472688000.0,208403263.0
DIGJAMLMTD,2025,181983000.0,19791000.0,53960000.0,20000000.0
DIGJAMLMTD,2024,25311000.0,-35066000.0,158435000.0,20000000.0
DIGJAMLMTD,2023,332114000.0,-122079000.0,280688000.0,20000000.0
DIGJAMLMTD,2022,305800000.0,11770000.0,399516000.0,20000000.0
DISHTV,2025,15518700000.0,-4876600000.0,-32429500000.0,1841256154.0
DISHTV,2024,18298300000.0,-19665600000.0,-27562700000.0,1841256154.0
DISHTV,2023,22367400000.0,-16835400000.0,-7887300000.0,1841256154.0
DISHTV,2022,27712900000.0,-18313600000.0,9360300000.0,1841256154.0
DIVGIITTS,2025,2165350000.0,243920000.0,5967720000.0,30582927.0
DIVGIITTS,2024,2504340000.0,397350000.0,5803430000.0,30582927.0
DIVGIITTS,2023,2671490000.0,511620000.0,5512830000.0,30582927.0
DIVGIITTS,2022,2283070000.0,461510000.0,3400150000.0,30582927.0
DIVISLAB,2025,93250000000.0,21910000000.0,149690000000.0,265468580.0
DIVISLAB,2024,77960000000.0,16000000000.0,135710000000.0,265468580.0
DIVISLAB,2023,76650000000.0,18240000000.0,127670000000.0,265468580.0
DIVISLAB,2022,87992300000.0,29604500000.0,117281800000.0,265468580.0
DIXON,2025,385932900000.0,10955400000.0,30102000000.0,60685743.0
DIXON,2024,176139100000.0,3677500000.0,16948500000.0,60685743.0
DIXON,2023,121733500000.0,2555200000.0,12849100000.0,60685743.0
DIXON,2022,106700100000.0,1901700000.0,9967800000.0,60685743.0
DJML,2025,820883000.0,67203000.0,637639000.0,34377851.0
DJML,2024,570410000.0,50395000.0,335458000.0,34377851.0
DJML,2023,505536000.0,33281000.0,286027000.0,34377851.0
DJML,2022,473447000.0,30062000.0,252748000.0,34377851.0
DLF,2025,79466005000.0,43676215000.0,425502201000.0,2475311706.0
DLF,2024,62492095000.0,27271051000.0,394308144000.0,2475311706.0
DLF,2023,56819715000.0,20358252000.0,376875344000.0,2475311706.0
DLF,2022,57089885000.0,15008546000.0,363622805000.0,2475311706.0
DLINKINDIA,2025,13838622000.0,1042607000.0,4754863000.0,35504850.0
DLINKINDIA,2024,12354055000.0,926296000.0,4351749000.0,35504850.0
DLINKINDIA,2023,11804821000.0,863611000.0,3783960000.0,35504850.0
DLINKINDIA,2022,9180262000.0,422875000.0,3026189000.0,35504850.0
DMART,2025,592331500000.0,27080200000.0,214277500000.0,651959123.0
DMART,2024,507006700000.0,25361700000.0,186978200000.0,651959123.0
DMART,2023,427353800000.0,23785100000.0,160787000000.0,651959123.0
DMART,2022,308852100000.0,14925500000.0,136776400000.0,651959123.0
DMCC,2025,4258570000.0,215277000.0,2275830000.0,24939933.0
DMCC,2024,3205854000.0,115888000.0,2095353000.0,24939933.0
DMCC,2023,3816143000.0,69306000.0,1982545000.0,24939933.0
DMCC,2022,3242038000.0,213400000.0,1936244000.0,24939933.0
DNAMEDIA,2025,131919000.0,136185000.0,-2437604000.0,117708018.0
DNAMEDIA,2024,97024000.0,1368184000.0,-2574017000.0,117708018.0
DNAMEDIA,2023,94444000.0,955007000.0,-3942285000.0,117708018.0
DNAMEDIA,2022,64829000.0,-69203000.0,-5549952000.0,117708018.0
DODLA,2025,37182530000.0,2599300000.0,14059500000.0,60327809.0
DODLA,2024,31238620000.0,1667360000.0,11388690000.0,60327809.0
DODLA,2023,28103870000.0,1222840000.0,9722330000.0,60327809.0
DODLA,2022,22422060000.0,1328130000.0,8431610000.0,60327809.0
DOLATALGO,2025,4688470000.0,2154410000.0,10031680000.0,176000000.0
DOLATALGO,2024,3359730000.0,1573290000.0,7920950000.0,176000000.0
DOLATALGO,2023,2450160000.0,1159920000.0,6391940000.0,176000000.0
DOLATALGO,2022,2928030000.0,1674230000.0,5276280000.0,176000000.0
DOLLAR,2025,16813888000.0,910355000.0,8559394000.0,56716120.0
DOLLAR,2024,15477811000.0,901973000.0,7811019000.0,56716120.0
DOLLAR,2023,13665597000.0,525393000.0,7072199000.0,56716120.0
DOLLAR,2022,13184521000.0,1470925000.0,6710073000.0,56716120.0
DOLPHIN,2025,740192000.0,464795000.0,2724047000.0,40004580.0
DOLPHIN,2024,64674000.0,55728000.0,2213267000.0,40004580.0
DOLPHIN,2023,0.0,361082000.0,1773286000.0,40004580.0
DOLPHIN,2022,0.0,-142825000.0,420149000.0,40004580.0
DOMS,2025,19032923000.0,2023367000.0,10028066000.0,60688336.0
DOMS,2024,15306587000.0,1531410000.0,8144040000.0,60688336.0
DOMS,2023,12076595000.0,958115000.0,3374319000.0,60688336.0
DOMS,2022,6804200000.0,143610000.0,2472470000.0,60688336.0
DONEAR,2025,9077880000.0,318679000.0,2346968000.0,52000000.0
DONEAR,2024,7931257000.0,347098000.0,2045456000.0,52000000.0
DONEAR,2023,8227947000.0,362400000.0,1710621000.0,52000000.0
DONEAR,2022,5678266000.0,227716000.0,1358889000.0,52000000.0
DPABHUSHAN,2025,33107248000.0,1126955000.0,4041350000.0,22827920.0
DPABHUSHAN,2024,23399112000.0,618621000.0,2387506000.0,22827920.0
DPABHUSHAN,2023,19751202000.0,453169000.0,1810740000.0,22827920.0
DPABHUSHAN,2022,17313799000.0,404354000.0,1380611000.0,22827920.0
DPSCLTD,2025,6012991000.0,70298000.0,8798365000.0,973789640.0
DPSCLTD,2024,6340780000.0,171824000.0,10163066000.0,973789640.0
DPSCLTD,2023,6121857000.0,158360000.0,10057631000.0,973789640.0
DPSCLTD,2022,5379077000.0,153894000.0,13683669000.0,973789640.0
DPWIRES,2025,6198472000.0,222049000.0,2484207000.0,15500444.0
DPWIRES,2024,9967342000.0,363160000.0,2261904000.0,15500444.0
DPWIRES,2023,12137838000.0,410142000.0,1914718000.0,15500444.0
DPWIRES,2022,6132370000.0,290532000.0,1517864319.0,15500444.0
DRCSYSTEMS,2025,653771000.0,150749000.0,645914000.0,144081330.0
DRCSYSTEMS,2024,476830000.0,116540000.0,478304000.0,144081330.0
DRCSYSTEMS,2023,256252000.0,66941000.0,342750000.0,144081330.0
DRCSYSTEMS,2022,195011000.0,7032000.0,67814000.0,144081330.0
DREAMFOLKS,2025,12918820000.0,654290000.0,3009540000.0,53269862.0
DREAMFOLKS,2024,11350120000.0,690040000.0,2363790000.0,53269862.0
DREAMFOLKS,2023,7732520000.0,725340000.0,1567080000.0,53269862.0
DREAMFOLKS,2022,2824980000.0,162520000.0,821650000.0,53269862.0
DREDGECORP,2025,11411599000.0,-274567000.0,12214900000.0,28000000.0
DREDGECORP,2024,9431453000.0,331808000.0,12552866000.0,28000000.0
DREDGECORP,2023,11583028000.0,-1961993000.0,12292396000.0,28000000.0
DREDGECORP,2022,7863023000.0,35696000.0,14228111000.0,28000000.0
DRREDDY,2025,325535000000.0,56544000000.0,333388000000.0,832594805.0
DRREDDY,2024,279164000000.0,55684000000.0,280550000000.0,832594805.0
DRREDDY,2023,245879000000.0,45067000000.0,230991000000.0,832594805.0
DRREDDY,2022,214391000000.0,23568000000.0,190527000000.0,832594805.0
DSSL,2025,12672196000.0,723949000.0,2309735000.0,12737080.0
DSSL,2024,10244638000.0,538327000.0,1576368000.0,12737080.0
DSSL,2023,8044686000.0,334539000.0,1047616000.0,12737080.0
DSSL,2022,6539761000.0,164287000.0,679715000.0,12737080.0
DTIL,2025,4328505000.0,-200464000.0,5200113000.0,10507427.0
DTIL,2024,3941439000.0,-1410987000.0,5219950000.0,10507427.0
DTIL,2023,3371911000.0,-237856000.0,6970913000.0,10507427.0
DTIL,2022,3485514000.0,-942350000.0,7484816000.0,10507427.0
DUCON,2025,4506307000.0,135487000.0,1753910000.0,324925587.0
DUCON,2024,4187578000.0,76262000.0,1204027000.0,324925587.0
DUCON,2023,3955942000.0,40984000.0,1223723000.0,324925587.0
DUCON,2022,3843602000.0,44327000.0,1501068000.0,324925587.0
DVL,2025,4785174000.0,1441593000.0,31893966000.0,35024754.0
DVL,2024,3514020000.0,1530802000.0,29591976000.0,35024754.0
DVL,2023,2065059000.0,5424691000.0,26372885000.0,35024754.0
DVL,2022,2391155000.0,3590988000.0,20620985000.0,35024754.0
DWARKESH,2025,13532148000.0,233357000.0,8062164000.0,185301470.0
DWARKESH,2024,17093004000.0,835174000.0,8220817000.0,185301470.0
DWARKESH,2023,20914188000.0,1047456000.0,7397940000.0,185301470.0
DWARKESH,2022,19772487000.0,1552155000.0,6732872000.0,185301470.0
DYCL,2025,10250420000.0,648205000.0,3738874000.0,48458638.0
DYCL,2024,7678160000.0,377714000.0,2139518000.0,48458638.0
DYCL,2023,6683804000.0,310135000.0,1774302000.0,48458638.0
DYCL,2022,5635642000.0,308998000.0,1476205000.0,48458638.0
DYNAMATECH,2025,13929900000.0,430400000.0,7175000000.0,6791443.0
DYNAMATECH,2024,14163200000.0,1218100000.0,6677400000.0,6791443.0
DYNAMATECH,2023,13000100000.0,427900000.0,5419700000.0,6791443.0
DYNAMATECH,2022,12403700000.0,320600000.0,3814100000.0,6791443.0
DYNPRO,2025,3608974000.0,150000000.0,2242808000.0,12428387.0
DYNPRO,2024,2797158000.0,36176000.0,2026358000.0,12428387.0
DYNPRO,2023,2885511000.0,-29397000.0,1828977000.0,12428387.0
DYNPRO,2022,2426449000.0,142976000.0,1704780000.0,12428387.0
E2E,2025,1639608000.0,474943000.0,15927737000.0,19976564.0
E2E,2024,944636000.0,218669000.0,708512000.0,19976564.0
E2E,2023,662018000.0,99099000.0,494001000.0,19976564.0
E2E,2022,518734000.0,64510000.0,384587000.0,19976564.0
EASEMYTRIP,2025,5873240000.0,1073480000.0,7203090000.0,3636853188.0
EASEMYTRIP,2024,5905760000.0,1031050000.0,6045240000.0,3636853188.0
EASEMYTRIP,2023,4488260000.0,1341980000.0,3699870000.0,3636853188.0
EASEMYTRIP,2022,2353740000.0,1059220000.0,2358630000.0,3636853188.0
EASTSILK,2025,208776000.0,39642000.0,622710000.0,5000000.0
EASTSILK,2024,188468000.0,-123041000.0,626484000.0,5000000.0
EASTSILK,2023,379862000.0,-144343000.0,-432141000.0,5000000.0
EASTSILK,2022,712999000.0,-68650000.0,-288691000.0,5000000.0
EBGNG,2025,14038690000.0,688310000.0,2264550000.0,114011517.0
EBGNG,2024,11275750000.0,521380000.0,1631410000.0,114011517.0
EBGNG,2023,6452190000.0,323280000.0,1115950000.0,114011517.0
EBGNG,2022,5090210000.0,217130000.0,793570000.0,114011517.0
ECLERX,2025,33658650000.0,5410920000.0,23057620000.0,93190129.0
ECLERX,2024,29255430000.0,5114560000.0,22475010000.0,93190129.0
ECLERX,2023,26487060000.0,4888200000.0,17148710000.0,93190129.0
ECLERX,2022,21603450000.0,4174010000.0,15675920000.0,93190129.0
ECOSMOBLTY,2025,6537410000.0,600967000.0,2217515000.0,60000000.0
ECOSMOBLTY,2024,5533896000.0,625307000.0,1774118000.0,60000000.0
ECOSMOBLTY,2023,4218860000.0,435910000.0,1151250000.0,60000000.0
ECOSMOBLTY,2022,1469140000.0,98720000.0,715640000.0,60000000.0
EDELWEISS,2025,56649400000.0,3988300000.0,44247310000.0,946473324.0
EDELWEISS,2024,56294460000.0,4207000000.0,47623610000.0,946473324.0
EDELWEISS,2023,48453930000.0,3441630000.0,67441120000.0,946473324.0
EDELWEISS,2022,38224030000.0,1887840000.0,65374160000.0,946473324.0
EFCIL,2025,6567426000.0,1128237000.0,5430064000.0,137283376.0
EFCIL,2024,4194598000.0,579817000.0,4267776000.0,137283376.0
EFCIL,2023,1032135000.0,43380000.0,729500000.0,137283376.0
EFCIL,2022,0.0,126000.0,16477000.0,137283376.0
EICHERMOT,2025,185382100000.0,47344400000.0,212964900000.0,274314204.0
EICHERMOT,2024,162340200000.0,40010100000.0,180455300000.0,274314204.0
EICHERMOT,2023,141759000000.0,29139400000.0,149902800000.0,274314204.0
EICHERMOT,2022,101270700000.0,16766000000.0,126080000000.0,274314204.0
EIDPARRY,2025,234192100000.0,8783500000.0,79357300000.0,177872717.0
EIDPARRY,2024,211946000000.0,8996700000.0,70582500000.0,177872717.0
EIDPARRY,2023,206814800000.0,9474800000.0,60848400000.0,177872717.0
EIDPARRY,2022,166532700000.0,9068300000.0,53257400000.0,177872717.0
EIEL,2025,10545009000.0,1763027000.0,9945106000.0,175530000.0
EIEL,2024,7289150000.0,1084310000.0,2921837000.0,175530000.0
EIEL,2023,3381020000.0,549781000.0,1265140000.0,175530000.0
EIEL,2022,2235251000.0,345503000.0,716225000.0,175530000.0
EIFFL,2025,1412600000.0,56000000.0,724200000.0,24800000.0
EIFFL,2024,1072700000.0,21900000.0,667000000.0,24800000.0
EIFFL,2023,1388600000.0,12100000.0,644900000.0,24800000.0
EIFFL,2022,1122900000.0,13900000.0,632900000.0,24800000.0
EIHAHOTELS,2025,4082400000.0,918470000.0,5364960000.0,60936294.0
EIHAHOTELS,2024,3847890000.0,810250000.0,4628400000.0,60936294.0
EIHAHOTELS,2023,3370680000.0,646170000.0,3965860000.0,60936294.0
EIHAHOTELS,2022,1951850000.0,128820000.0,3323400000.0,60936294.0
EIHOTEL,2025,27431460000.0,7394450000.0,46128370000.0,625364182.0
EIHOTEL,2024,25112710000.0,6391080000.0,39395500000.0,625364182.0
EIHOTEL,2023,20188070000.0,3246490000.0,33745700000.0,625364182.0
EIHOTEL,2022,9852580000.0,-864450000.0,30266500000.0,625364182.0
EIMCOELECO,2025,2450327000.0,489068000.0,4319415000.0,5768385.0
EIMCOELECO,2024,2251469000.0,404116000.0,3861706000.0,5768385.0
EIMCOELECO,2023,1710016000.0,195249000.0,3507313000.0,5768385.0
EIMCOELECO,2022,832752000.0,86779000.0,3328403000.0,5768385.0
EKC,2025,14696000000.0,979300000.0,12064000000.0,112207682.0
EKC,2024,12014800000.0,992300000.0,11005700000.0,112207682.0
EKC,2023,12604943000.0,761433000.0,9990713000.0,112207682.0
EKC,2022,16845675000.0,2645746000.0,9026974000.0,112207682.0
ELDEHSG,2025,1329682000.0,215084000.0,3841800000.0,9833000.0
ELDEHSG,2024,1127023000.0,338582000.0,3705734000.0,9833000.0
ELDEHSG,2023,1265199000.0,443662000.0,3445337000.0,9833000.0
ELDEHSG,2022,1223560000.0,507997000.0,3079703000.0,9833000.0
ELECON,2025,21970000000.0,4151000000.0,19986800000.0,224399930.0
ELECON,2024,19065300000.0,3555800000.0,16040200000.0,224399930.0
ELECON,2023,15013800000.0,2375100000.0,12791000000.0,224399930.0
ELECON,2022,11929217000.0,1404925000.0,10502378000.0,224399930.0
ELECTCAST,2025,72928373000.0,7095579000.0,57815936000.0,618184591.0
ELECTCAST,2024,74332160000.0,7398911000.0,51128548000.0,618184591.0
ELECTCAST,2023,72464589000.0,3158022000.0,43826360000.0,618184591.0
ELECTCAST,2022,52647688000.0,3472773000.0,41030786000.0,618184591.0
ELECTHERM,2025,41153700000.0,4421500000.0,-1587800000.0,12742814.0
ELECTHERM,2024,42715000000.0,3173300000.0,-7811200000.0,12742814.0
ELECTHERM,2023,30639200000.0,-118200000.0,-10962100000.0,12742814.0
ELECTHERM,2022,28195900000.0,-403600000.0,-10823600000.0,12742814.0
ELGIEQUIP,2025,34900000000.0,3502000000.0,18656000000.0,315791478.0
ELGIEQUIP,2024,32024000000.0,3121000000.0,16112000000.0,315791478.0
ELGIEQUIP,2023,30219550000.0,3708090000.0,13711550000.0,315791478.0
ELGIEQUIP,2022,25081320000.0,1784280000.0,10325130000.0,315791478.0
ELGIRUBCO,2025,3839217000.0,-43600000.0,1790924000.0,50050000.0
ELGIRUBCO,2024,3864454000.0,116610000.0,1897400000.0,50050000.0
ELGIRUBCO,2023,3927460000.0,67500000.0,1840460000.0,50050000.0
ELGIRUBCO,2022,3871540000.0,-163520000.0,1714570000.0,50050000.0
ELIN,2025,11518280000.0,293220000.0,5341780000.0,49709220.0
ELIN,2024,10170480000.0,138740000.0,5030990000.0,49709220.0
ELIN,2023,10495160000.0,268030000.0,4930980000.0,49709220.0
ELIN,2022,10662310000.0,391810000.0,3031200000.0,49709220.0
EMAMILTD,2025,37650734000.0,8064681000.0,26947929000.0,436500000.0
EMAMILTD,2024,35302681000.0,7235297000.0,24465879000.0,436500000.0
EMAMILTD,2023,33620094000.0,6395720000.0,23027999000.0,436500000.0
EMAMILTD,2022,31527196000.0,8389850000.0,20765937000.0,436500000.0
EMAMIPAP,2025,19173100000.0,260100000.0,5113500000.0,60499050.0
EMAMIPAP,2024,19883100000.0,843000000.0,5305900000.0,60499050.0
EMAMIPAP,2023,23707300000.0,691700000.0,4552000000.0,60499050.0
EMAMIPAP,2022,19388400000.0,1148000000.0,4095000000.0,60499050.0
EMAMIREAL,2025,801300000.0,-1262400000.0,-1617200000.0,43833889.0
EMAMIREAL,2024,601000000.0,-1229300000.0,-356800000.0,43833889.0
EMAMIREAL,2023,934800000.0,-386300000.0,871800000.0,43833889.0
EMAMIREAL,2022,1915900000.0,150400000.0,1274600000.0,43833889.0
EMBDL,2025,21631050000.0,1996040000.0,93210930000.0,1390033433.0
EMBDL,2024,10900500000.0,-4974480000.0,-14464350000.0,1390033433.0
EMBDL,2023,3545600000.0,-6083800000.0,32306700000.0,1390033433.0
EMBDL,2022,14337500000.0,-1367200000.0,29898500000.0,1390033433.0
EMCURE,2025,78082710000.0,6813320000.0,44461860000.0,189589547.0
EMCURE,2024,65819920000.0,4981830000.0,29522830000.0,189589547.0
EMCURE,2023,59310760000.0,5320190000.0,25011260000.0,189589547.0
EMCURE,2022,57662040000.0,6622000000.0,19875480000.0,189589547.0
EMIL,2025,65625820000.0,1600480000.0,15309050000.0,384748762.0
EMIL,2024,59155390000.0,1839470000.0,13696590000.0,384748762.0
EMIL,2023,50899600000.0,1228000000.0,11843100000.0,384748762.0
EMIL,2022,43493160000.0,1038910000.0,5965110000.0,384748762.0
EMKAY,2025,3167276000.0,568306000.0,3031678000.0,26189063.0
EMKAY,2024,2702974000.0,308864000.0,2408835000.0,26189063.0
EMKAY,2023,1953449000.0,141325000.0,2103896000.0,26189063.0
EMKAY,2022,2562750000.0,338374000.0,2006285000.0,26189063.0
EMMBI,2025,4042800000.0,66090000.0,1863500000.0,19240250.0
EMMBI,2024,3774330000.0,99470000.0,1701250000.0,19240250.0
EMMBI,2023,3710820000.0,82660000.0,1606840000.0,19240250.0
EMMBI,2022,4356210000.0,190330000.0,1534000000.0,19240250.0
EMMVEE,2025,23256330000.0,3690140000.0,5367970000.0,692345033.0
EMMVEE,2024,9415390000.0,288990000.0,1687610000.0,692345033.0
EMMVEE,2023,6045770000.0,89390000.0,1404950000.0,692345033.0
EMSLIMITED,2025,9658315000.0,1835410000.0,9756794000.0,55530807.0
EMSLIMITED,2024,7933108000.0,1523831000.0,7981305000.0,55530807.0
EMSLIMITED,2023,5381001000.0,1076874000.0,4907217000.0,55530807.0
EMSLIMITED,2022,3598500000.0,789283000.0,3801799000.0,55530807.0
EMUDHRA,2025,5193850000.0,846380000.0,7453920000.0,81857606.0
EMUDHRA,2024,3731190000.0,750640000.0,6562930000.0,81857606.0
EMUDHRA,2023,2487570000.0,616770000.0,3915960000.0,81857606.0
EMUDHRA,2022,1826370000.0,414040000.0,1442060000.0,81857606.0
ENDURANCE,2025,113713700000.0,8363530000.0,57174160000.0,140662848.0
ENDURANCE,2024,100824970000.0,6804880000.0,49774410000.0,140662848.0
ENDURANCE,2023,86760610000.0,4795750000.0,44121290000.0,140662848.0
ENDURANCE,2022,74243950000.0,4607090000.0,39199930000.0,140662848.0
ENERGYDEV,2025,327621000.0,-972637000.0,39682000.0,47500000.0
ENERGYDEV,2024,300091000.0,-21681000.0,1011962000.0,47500000.0
ENERGYDEV,2023,374444000.0,42137000.0,1033986000.0,47500000.0
ENERGYDEV,2022,429832000.0,95546000.0,991210000.0,47500000.0
ENGINERSIN,2025,30876152000.0,5797713000.0,26692809000.0,562042373.0
ENGINERSIN,2024,32821643000.0,4452578000.0,22553138000.0,562042373.0
ENGINERSIN,2023,33283474000.0,3462666000.0,19615189000.0,562042373.0
ENGINERSIN,2022,29223791000.0,1395197000.0,17700408000.0,562042373.0
ENIL,2025,5397954000.0,115335000.0,7762997000.0,47670415.0
ENIL,2024,5248054000.0,324819000.0,7712583000.0,47670415.0
ENIL,2023,5028163000.0,-1648666000.0,5920351000.0,47670415.0
ENIL,2022,3175379000.0,-331952000.0,7607753000.0,47670415.0
ENRIN,2025,77825000000.0,11001000000.0,43813000000.0,356120505.0
ENRIN,2024,47596000000.0,6000000000.0,32168000000.0,356120505.0
ENTERO,2025,50654840000.0,948200000.0,17241450000.0,43510937.0
ENTERO,2024,38881630000.0,391090000.0,16380560000.0,43510937.0
ENTERO,2023,32931430000.0,-115570000.0,5950270000.0,43510937.0
ENTERO,2022,25152670000.0,-299200000.0,5610410000.0,43510937.0
EPACK,2025,21014313000.0,551401000.0,9518445000.0,96228477.0
EPACK,2024,13652953000.0,353734000.0,8922017000.0,96228477.0
EPACK,2023,14984606000.0,319724000.0,3136178000.0,96228477.0
EPACK,2022,9093120000.0,174340000.0,1218650000.0,96228477.0
EPACKPEB,2025,11231680000.0,593220000.0,3525140000.0,100451997.0
EPACKPEB,2024,8961180000.0,429590000.0,1689570000.0,100451997.0
EPACKPEB,2023,6480740000.0,239720000.0,1260950000.0,100451997.0
EPACKPEB,2022,4412190000.0,195230000.0,1021090000.0,100451997.0
EPIGRAL,2025,25144000000.0,3576900000.0,19045300000.0,43141338.0
EPIGRAL,2024,18938300000.0,1958700000.0,12541000000.0,43141338.0
EPIGRAL,2023,21694416000.0,3532906000.0,10691002000.0,43141338.0
EPIGRAL,2022,15497332000.0,2527868000.0,7259695000.0,43141338.0
EPL,2025,41614000000.0,3590000000.0,23548000000.0,320247843.0
EPL,2024,38762000000.0,2132000000.0,20915000000.0,320247843.0
EPL,2023,36650000000.0,2267000000.0,19892000000.0,320247843.0
EPL,2022,34077000000.0,2144000000.0,18245000000.0,320247843.0
EQUIPPP,2025,71396000.0,-4917000.0,86551000.0,103095225.0
EQUIPPP,2024,18743000.0,-2812000.0,67483000.0,103095225.0
EQUIPPP,2023,15011000.0,2705000.0,70260000.0,103095225.0
EQUIPPP,2022,0.0,-29483000.0,67555000.0,103095225.0
EQUITASBNK,2025,40662897000.0,1470499000.0,60725203000.0,1141285117.0
EQUITASBNK,2024,37515631000.0,7989602000.0,59687019000.0,1141285117.0
EQUITASBNK,2023,30484093000.0,5735905000.0,51579477000.0,1141285117.0
EQUITASBNK,2022,25129046000.0,2807318000.0,42461686000.0,1141285117.0
ERIS,2025,28792600000.0,3518400000.0,28543600000.0,138542887.0
ERIS,2024,19913000000.0,3920500000.0,25861800000.0,138542887.0
ERIS,2023,16618160000.0,3821580000.0,21959880000.0,138542887.0
ERIS,2022,13261680000.0,4061130000.0,19083110000.0,138542887.0
ESABINDIA,2025,13664600000.0,1754200000.0,3612500000.0,15393020.0
ESABINDIA,2024,12387800000.0,1629800000.0,3060600000.0,15393020.0
ESABINDIA,2023,10855100000.0,1356800000.0,2602700000.0,15393020.0
ESABINDIA,2022,8906200000.0,843100000.0,2442200000.0,15393020.0
ESAFSFB,2025,25185244000.0,-5213895000.0,19490488000.0,515662613.0
ESAFSFB,2024,28114281000.0,4255677000.0,24917935000.0,515662613.0
ESAFSFB,2023,20553944000.0,3023331000.0,17150035000.0,515662613.0
ESAFSFB,2022,13547160000.0,547320000.0,14116020000.0,515662613.0
ESCORTS,2025,101096600000.0,11240500000.0,103668000000.0,110024995.0
ESCORTS,2024,96537500000.0,9430600000.0,93885100000.0,110024995.0
ESCORTS,2023,82812100000.0,6367800000.0,81867100000.0,110024995.0
ESCORTS,2022,70828100000.0,7364700000.0,75999000000.0,110024995.0
ESSARSHPNG,2025,1500000.0,6600800000.0,-23796300000.0,206976072.0
ESSARSHPNG,2024,127700000.0,-1181000000.0,-28073100000.0,206976072.0
ESSARSHPNG,2023,606700000.0,16502100000.0,-27420700000.0,206976072.0
ESSARSHPNG,2022,3254500000.0,-784900000.0,-49137900000.0,206976072.0
ESSENTIA,2025,4417280000.0,38391000.0,1696568000.0,1067690544.0
ESSENTIA,2024,2772666000.0,154346000.0,1171183000.0,1067690544.0
ESSENTIA,2023,2414141000.0,66667000.0,754088000.0,1067690544.0
ESSENTIA,2022,685254000.0,10883000.0,-291080000.0,1067690544.0
ESTER,2025,12771308000.0,136982000.0,7725198000.0,97586191.0
ESTER,2024,10573059000.0,-1210469000.0,7175436000.0,97586191.0
ESTER,2023,11078002000.0,116821000.0,7434320000.0,97586191.0
ESTER,2022,11082860000.0,856691000.0,6217112000.0,97586191.0
ETERNAL,2025,202430000000.0,5270000000.0,303170000000.0,9193892179.0
ETERNAL,2024,121140000000.0,3510000000.0,204130000000.0,9193892179.0
ETERNAL,2023,70350000000.0,-9710000000.0,194600000000.0,9193892179.0
ETERNAL,2022,41196000000.0,-12087000000.0,165055000000.0,9193892179.0
ETHOSLTD,2025,12516271000.0,962879000.0,9821969000.0,26757693.0
ETHOSLTD,2024,9989921000.0,832946000.0,8839669000.0,26757693.0
ETHOSLTD,2023,7885337000.0,602982000.0,6314964000.0,26757693.0
ETHOSLTD,2022,5772837000.0,233880000.0,2316849000.0,26757693.0
EUREKAFORB,2025,24223556000.0,1644004000.0,44086874000.0,193491816.0
EUREKAFORB,2024,21836784000.0,956386000.0,42256437000.0,193491816.0
EUREKAFORB,2023,20795733000.0,264724000.0,40976444000.0,193491816.0
EUREKAFORB,2022,3808176000.0,25991000.0,40760699000.0,193491816.0
EUROBOND,2025,4231316000.0,184307000.0,1332302000.0,24500000.0
EUROBOND,2024,3951476000.0,146112000.0,1148702000.0,24500000.0
EUROBOND,2023,3294110000.0,100785000.0,1003788000.0,24500000.0
EUROBOND,2022,2161325000.0,130905000.0,903745000.0,24500000.0
EUROPRATIK,2025,2842270000.0,764400000.0,2341040000.0,102200000.0
EUROPRATIK,2024,2216980000.0,629070000.0,1557330000.0,102200000.0
EUROPRATIK,2023,2635840000.0,595650000.0,1300180000.0,102200000.0
EUROPRATIK,2022,2119150000.0,445230000.0,1197160000.0,102200000.0
EUROTEXIND,2025,11565000.0,-17423000.0,-287590000.0,8749865.0
EUROTEXIND,2024,6345000.0,-65343000.0,-264562000.0,8749865.0
EUROTEXIND,2023,57084000.0,-25678000.0,-195592000.0,8749865.0
EUROTEXIND,2022,20089000.0,-117014000.0,-164936000.0,8749865.0
EVEREADY,2025,13309583000.0,824451000.0,4611070000.0,72687260.0
EVEREADY,2024,13004915000.0,667694000.0,3867126000.0,72687260.0
EVEREADY,2023,13201670000.0,276240000.0,3194380000.0,72687260.0
EVEREADY,2022,11964612000.0,464701000.0,2900589000.0,72687260.0
EVERESTIND,2025,17059904000.0,-36041000.0,5966113000.0,15855754.0
EVERESTIND,2024,15564685000.0,179983000.0,5974138000.0,15855754.0
EVERESTIND,2023,16287420000.0,423595000.0,5814558000.0,15855754.0
EVERESTIND,2022,13647100000.0,440800000.0,5422946000.0,15855754.0
EXCELINDUS,2025,9721747000.0,853134000.0,15887170000.0,12570692.0
EXCELINDUS,2024,8210997000.0,170100000.0,14270581000.0,12570692.0
EXCELINDUS,2023,10836211000.0,799355000.0,12417470000.0,12570692.0
EXCELINDUS,2022,11723393000.0,1612025000.0,11493491000.0,12570692.0
EXCELSOFT,2025,2332910000.0,346910000.0,3712900000.0,115084164.0
EXCELSOFT,2024,1982970000.0,127530000.0,2973030000.0,115084164.0
EXCELSOFT,2023,1951040000.0,224140000.0,2780770000.0,115084164.0
EXICOM,2025,8676063000.0,-1100317000.0,6137846000.0,139079771.0
EXICOM,2024,10195984000.0,639163000.0,7215487000.0,139079771.0
EXICOM,2023,7079305000.0,326735000.0,2319987000.0,139079771.0
EXICOM,2022,8428050000.0,303950000.0,2215720000.0,139079771.0
EXIDEIND,2025,171445200000.0,7950200000.0,139134800000.0,850000000.0
EXIDEIND,2024,166729600000.0,8766800000.0,128863400000.0,850000000.0
EXIDEIND,2023,149807300000.0,8227000000.0,111322800000.0,850000000.0
EXIDEIND,2022,127127500000.0,7044000000.0,105837400000.0,850000000.0
EXPLEOSOL,2025,10247960000.0,1032430000.0,6358440000.0,15519739.0
EXPLEOSOL,2024,9648700000.0,904390000.0,6111510000.0,15519739.0
EXPLEOSOL,2023,9032950000.0,1338880000.0,5302320000.0,15519739.0
EXPLEOSOL,2022,7425350000.0,676780000.0,3945780000.0,15519739.0
EXXARO,2025,3016267000.0,-1217000.0,2767727000.0,447410700.0
EXXARO,2024,3011013000.0,22463000.0,2767351000.0,447410700.0
EXXARO,2023,3148936000.0,72716000.0,2740551000.0,447410700.0
EXXARO,2022,3253385000.0,181013000.0,2667937000.0,447410700.0
FABTECH,2025,3266685000.0,464532000.0,1731139000.0,44450794.0
FABTECH,2024,2261363000.0,272174000.0,1318823000.0,44450794.0
FABTECH,2023,1937975000.0,217337000.0,889628000.0,44450794.0
FACT,2025,24396208000.0,412320000.0,13706968000.0,647071974.0
FACT,2024,29389987000.0,1282749000.0,13578450000.0,647071974.0
FACT,2023,31555366000.0,6128321000.0,12737437000.0,647071974.0
FACT,2022,27190174000.0,3463755000.0,6620264000.0,647071974.0
FAIRCHEMOR,2025,5362926000.0,219743000.0,3020306000.0,12595902.0
FAIRCHEMOR,2024,6183073000.0,405003000.0,2899328000.0,12595902.0
FAIRCHEMOR,2023,6463380000.0,435015000.0,2592601000.0,12595902.0
FAIRCHEMOR,2022,6422798000.0,679064000.0,2321496000.0,12595902.0
FAZE3Q,2025,6899400000.0,406600000.0,4200200000.0,24270922.0
FAZE3Q,2024,5389100000.0,465900000.0,3806400000.0,24270922.0
FAZE3Q,2023,5309600000.0,583000000.0,3346100000.0,24270922.0
FAZE3Q,2022,4772300000.0,510800000.0,2783100000.0,24270922.0
FCL,2025,5318661000.0,1082078000.0,7313191000.0,1164500900.0
FCL,2024,5675694000.0,1198084000.0,4470922000.0,1164500900.0
FCL,2023,5157339000.0,883158000.0,3486641000.0,1164500900.0
FCL,2022,3667253000.0,551744000.0,2621449000.0,1164500900.0
FCSSOFT,2025,281782000.0,37305000.0,4350896000.0,1709553100.0
FCSSOFT,2024,270421000.0,-120453000.0,4285522000.0,1709553100.0
FCSSOFT,2023,267066000.0,14598000.0,3588142000.0,1709553100.0
FCSSOFT,2022,265464000.0,-523000.0,3478885000.0,1709553100.0
FDC,2025,21081204000.0,2667881000.0,22810805000.0,162810084.0
FDC,2024,19429437000.0,3052233000.0,20971690000.0,162810084.0
FDC,2023,17778284000.0,1940374000.0,19820479000.0,162810084.0
FDC,2022,15233376000.0,2164033000.0,19567904000.0,162810084.0
FEDERALBNK,2025,142478850000.0,41588458000.0,345383240000.0,2463673429.0
FEDERALBNK,2024,121300739000.0,38804276000.0,301053546000.0,2463673429.0
FEDERALBNK,2023,102786258000.0,31647191000.0,221224090000.0,2463673429.0
FEDERALBNK,2022,85430900000.0,19697900000.0,192555187000.0,2463673429.0
FEDFINA,2025,19731100000.0,2251800000.0,25473600000.0,374227101.0
FEDFINA,2024,15224800000.0,2447000000.0,22608400000.0,374227101.0
FEDFINA,2023,11512300000.0,1801300000.0,13556800000.0,374227101.0
FEDFINA,2022,8539340000.0,1034590000.0,11535180000.0,374227101.0
FEL,2022,21933700000.0,-28774300000.0,-2777300000.0,454930401.0
FELDVR,2022,21933700000.0,-28774300000.0,-2777300000.0,39374679.0
FIBERWEB,2025,1010414341.0,150045017.0,1763492800.0,28791710.0
FIBERWEB,2024,858666939.0,72695707.0,1613447602.91,28791710.0
FIBERWEB,2023,657672000.0,-2993000.0,1540752000.0,28791710.0
FIBERWEB,2022,952106000.0,113350000.0,1543745000.0,28791710.0
FIEMIND,2025,24053678000.0,2049198000.0,10381905000.0,26319660.0
FIEMIND,2024,20152852000.0,1657051000.0,8869167000.0,26319660.0
FIEMIND,2023,18340426000.0,1398318000.0,7611654000.0,26319660.0
FIEMIND,2022,15577253000.0,941609000.0,6422319000.0,26319660.0
FILATEX,2025,42422482000.0,1338610000.0,13303353000.0,444058375.0
FILATEX,2024,42765651000.0,1106599000.0,12040874000.0,444058375.0
FILATEX,2023,42903343000.0,898956000.0,10990179000.0,444058375.0
FILATEX,2022,38195419000.0,3027271000.0,10854584000.0,444058375.0
FILATFASH,2025,1858078000.0,94195000.0,23116688000.0,8334072725.0
FILATFASH,2024,1764081000.0,88256000.0,23024326000.0,8334072725.0
FILATFASH,2023,1641083000.0,119297000.0,830057000.0,8334072725.0
FILATFASH,2022,1153172000.0,29061000.0,1237752000.0,8334072725.0
FINCABLES,2025,51938400000.0,7007700000.0,54952400000.0,152939345.0
FINCABLES,2024,49368100000.0,6516900000.0,49458600000.0,152939345.0
FINCABLES,2023,44102800000.0,5042800000.0,43703600000.0,152939345.0
FINCABLES,2022,36985700000.0,5991400000.0,39220600000.0,152939345.0
FINEORG,2025,22687868000.0,4104964000.0,22952303000.0,30659976.0
FINEORG,2024,21225459000.0,4118941000.0,19210491000.0,30659976.0
FINEORG,2023,30288815000.0,6181023000.0,15412489000.0,30659976.0
FINEORG,2022,18760133000.0,2596099000.0,9592019000.0,30659976.0
FINKURVE,2025,1387531000.0,174073000.0,2063915000.0,140050488.0
FINKURVE,2024,893286000.0,160713000.0,1887030000.0,140050488.0
FINKURVE,2023,503506000.0,143232000.0,1724986000.0,140050488.0
FINKURVE,2022,226396000.0,216088000.0,1580484000.0,140050488.0
FINOPB,2025,6775178000.0,925347000.0,7468766000.0,83218402.0
FINOPB,2024,5556077000.0,862240000.0,6431688000.0,83218402.0
FINOPB,2023,4470417000.0,650870000.0,5525460000.0,83218402.0
FINOPB,2022,3782282000.0,427408000.0,4798315000.0,83218402.0
FINPIPE,2025,41093300000.0,8000300000.0,60968600000.0,618313905.0
FINPIPE,2024,42741000000.0,4735900000.0,56342700000.0,618313905.0
FINPIPE,2023,43612600000.0,2507000000.0,49030700000.0,618313905.0
FINPIPE,2022,46108700000.0,10513500000.0,39278100000.0,618313905.0
FIRSTCRY,2025,74680710000.0,-1914670000.0,47414240000.0,485170168.0
FIRSTCRY,2024,63255110000.0,-2742770000.0,31636990000.0,485170168.0
FIRSTCRY,2023,52621900000.0,-4414060000.0,34492200000.0,485170168.0
FIRSTCRY,2022,35975040000.0,-949720000.0,35160590000.0,485170168.0
FISCHER,2025,1106987000.0,12079000.0,3375239000.0,648515470.0
FISCHER,2024,209813000.0,18379000.0,811145000.0,648515470.0
FISCHER,2023,1795000.0,-365000.0,-2660000.0,648515470.0
FISCHER,2022,0.0,-2326000.0,-2295000.0,648515470.0
FIVESTAR,2025,27055117000.0,10724899000.0,63046067000.0,295175278.0
FIVESTAR,2024,20780981000.0,8359163000.0,51961547000.0,295175278.0
FIVESTAR,2023,14696193000.0,6034961000.0,43395347000.0,295175278.0
FIVESTAR,2022,12331615000.0,4535445000.0,37103510000.0,295175278.0
FLAIR,2025,10690930000.0,1195752000.0,10184837000.0,105395378.0
FLAIR,2024,9690480000.0,1189583000.0,8989371000.0,105395378.0
FLAIR,2023,9325870000.0,1171510000.0,4349510000.0,105395378.0
FLAIR,2022,5688720000.0,551510000.0,3169790000.0,105395378.0
FLEXITUFF,2025,2614240000.0,2378540000.0,147100000.0,32822806.0
FLEXITUFF,2024,5975300000.0,-1834670000.0,-343120000.0,32822806.0
FLEXITUFF,2023,9135600000.0,-1196650000.0,-602790000.0,32822806.0
FLEXITUFF,2022,10385340000.0,-868300000.0,499280000.0,32822806.0
FLFL,2022,29553000000.0,-25489000000.0,-18812100000.0,0.0
FLUOROCHEM,2025,46146700000.0,5460600000.0,72526000000.0,109850000.0
FLUOROCHEM,2024,41936700000.0,4349500000.0,59363400000.0,109850000.0
FLUOROCHEM,2023,55942403000.0,13288124000.0,55207185000.0,109850000.0
FLUOROCHEM,2022,39535900000.0,7871800000.0,42551314000.0,109850000.0
FMGOETZE,2025,17675136000.0,1620330000.0,12679436000.0,55632130.0
FMGOETZE,2024,16623582000.0,1268821000.0,11103056000.0,55632130.0
FMGOETZE,2023,15976590000.0,1008717000.0,9796287000.0,55632130.0
FMGOETZE,2022,13426197000.0,540408000.0,8758297000.0,55632130.0
FMNL,2025,1010030000.0,660370000.0,1002035000.0,63644381.0
FMNL,2024,930326000.0,-61913000.0,223241000.0,63644381.0
FMNL,2023,924018000.0,-90097000.0,328210000.0,63644381.0
FMNL,2022,852597000.0,-282710000.0,418257000.0,63644381.0
FOCUS,2025,1833312000.0,151916000.0,1402006000.0,67135825.0
FOCUS,2024,2238110000.0,391754000.0,1286713000.0,67135825.0
FOCUS,2023,1685838000.0,231617000.0,899458000.0,67135825.0
FOCUS,2022,1053912000.0,45566000.0,352447000.0,67135825.0
FOODSIN,2025,9574440000.0,419236000.0,5390927000.0,73526283.0
FOODSIN,2024,9803104000.0,367205000.0,3985579000.0,73526283.0
FOODSIN,2023,9931160000.0,474096000.0,3123438000.0,73526283.0
FOODSIN,2022,6309820000.0,152908000.0,1966750000.0,73526283.0
FORCEMOT,2025,80069200000.0,8007400000.0,30334300000.0,13176262.0
FORCEMOT,2024,69322900000.0,3880900000.0,22551400000.0,13176262.0
FORCEMOT,2023,49809600000.0,1336400000.0,18750300000.0,13176262.0
FORCEMOT,2022,32072600000.0,-910800000.0,17478700000.0,13176262.0
FORTIS,2025,77238922000.0,7742152000.0,89165154000.0,754958148.0
FORTIS,2024,68350867000.0,5988755000.0,76628969000.0,754958148.0
FORTIS,2023,62131549000.0,5887308000.0,72422624000.0,754958148.0
FORTIS,2022,56386471000.0,5551185000.0,61782421000.0,754958148.0
FOSECOIND,2025,6434185000.0,748682000.0,10362542000.0,7537259.0
FOSECOIND,2024,5247839000.0,730274000.0,3433964000.0,7537259.0
FOSECOIND,2023,4768274000.0,729831000.0,2866127000.0,7537259.0
FOSECOIND,2022,4058702000.0,459681000.0,2390161000.0,7537259.0
FOSECOIND,2021,,,,7537259.0
FRACTAL,2025,27654000000.0,2230000000.0,17527000000.0,171965112.0
FRACTAL,2024,21963000000.0,-475000000.0,14052000000.0,171965112.0
FRACTAL,2023,19854000000.0,2030000000.0,13426000000.0,171965112.0
FSL,2025,79721000000.0,5944550000.0,40976300000.0,691194679.0
FSL,2024,63325280000.0,5147290000.0,37004030000.0,691194679.0
FSL,2023,59859270000.0,5137200000.0,33668450000.0,691194679.0
FSL,2022,58657400000.0,5373740000.0,30329440000.0,691194679.0
FUSION,2025,21289700000.0,-12245400000.0,16433300000.0,160418503.0
FUSION,2024,20866300000.0,5052900000.0,28481500000.0,160418503.0
FUSION,2023,15899900000.0,3871500000.0,23219200000.0,160418503.0
FUSION,2022,10566310000.0,217550000.0,13379510000.0,160418503.0
GABRIEL,2025,40243970000.0,2449810000.0,11832850000.0,143643940.0
GABRIEL,2024,33765030000.0,1787470000.0,10021520000.0,143643940.0
GABRIEL,2023,29496270000.0,1323530000.0,8702620000.0,143643940.0
GABRIEL,2022,23145070000.0,895150000.0,7667800000.0,143643940.0
GAEL,2025,45829200000.0,2493300000.0,30022700000.0,458670660.0
GAEL,2024,48996400000.0,3458600000.0,27690200000.0,458670660.0
GAEL,2023,48742000000.0,3301000000.0,24339800000.0,458670660.0
GAEL,2022,46338700000.0,4754400000.0,21183300000.0,458670660.0
GAIL,2025,1415614800000.0,124498000000.0,849975500000.0,6575079643.0
GAIL,2024,1328585600000.0,98992200000.0,769971800000.0,6575079643.0
GAIL,2023,1453245700000.0,56160000000.0,649274300000.0,6575079643.0
GAIL,2022,925320500000.0,122560700000.0,641142800000.0,6575079643.0
GALAPREC,2025,2292800000.0,268420000.0,2566110000.0,12797550.0
GALAPREC,2024,1943800000.0,225330000.0,1047830000.0,12797550.0
GALAPREC,2023,1578710000.0,242120000.0,836520000.0,12797550.0
GALAPREC,2022,1391810000.0,66310000.0,593170000.0,12797550.0
GALAXYSURF,2025,41983100000.0,3049100000.0,23625400000.0,35454752.0
GALAXYSURF,2024,37647300000.0,3014700000.0,21792500000.0,35454752.0
GALAXYSURF,2023,44290000000.0,3809800000.0,18825500000.0,35454752.0
GALAXYSURF,2022,36527200000.0,2627800000.0,15743500000.0,35454752.0
GALLANTT,2025,40971634000.0,4007424000.0,28425597000.0,241280945.0
GALLANTT,2024,41483001000.0,2253486000.0,24507268000.0,241280945.0
GALLANTT,2023,40345827000.0,1409109000.0,22250316000.0,241280945.0
GALLANTT,2022,29847211000.0,1758394000.0,20831194000.0,241280945.0
GANDHAR,2025,38930830000.0,800320000.0,12361040000.0,97879530.0
GANDHAR,2024,41106040000.0,1405210000.0,11722110000.0,97879530.0
GANDHAR,2023,40759480000.0,1908770000.0,7434050000.0,97879530.0
GANDHAR,2022,33866150000.0,1680730000.0,5411250000.0,97879530.0
GANDHITUBE,2025,1686247000.0,586741000.0,2657363000.0,12152000.0
GANDHITUBE,2024,1664256000.0,555792000.0,2227780000.0,12152000.0
GANDHITUBE,2023,1627203000.0,473369000.0,1821006000.0,12152000.0
GANDHITUBE,2022,1325072000.0,385658000.0,1471671000.0,12152000.0
GANECOS,2025,14214005000.0,1031197000.0,11506747000.0,26762770.0
GANECOS,2024,10812377000.0,405717000.0,10521155000.0,26762770.0
GANECOS,2023,11638208000.0,694598000.0,6381173000.0,26762770.0
GANECOS,2022,10077066000.0,619693000.0,5736115000.0,26762770.0
GANESHBE,2025,3743110000.0,380860000.0,5383380000.0,71989421.0
GANESHBE,2024,4770770000.0,614410000.0,5009350000.0,71989421.0
GANESHBE,2023,4208480000.0,550790000.0,3568480000.0,71989421.0
GANESHBE,2022,3575100000.0,326890000.0,2805190000.0,71989421.0
GANESHCP,2025,8462240000.0,354320000.0,2268400000.0,40412946.0
GANESHCP,2024,7549700000.0,269920000.0,2213540000.0,40412946.0
GANESHCP,2023,6074570000.0,271040000.0,2043230000.0,40412946.0
GANESHCP,2022,4515090000.0,271050000.0,1772100000.0,40412946.0
GANESHHOU,2025,9581442000.0,5980600000.0,18357904000.0,83387090.0
GANESHHOU,2024,8883667000.0,4607072000.0,13294585000.0,83387090.0
GANESHHOU,2023,6056100000.0,1000771000.0,8887642000.0,83387090.0
GANESHHOU,2022,3703106000.0,706275000.0,7898098000.0,83387090.0
GANGAFORGE,2025,427818680.0,6130590.0,321892980.0,134802230.0
GANGAFORGE,2024,367406050.0,4434070.0,314129080.0,134802230.0
GANGAFORGE,2023,329895900.0,16570610.0,133342600.0,134802230.0
GANGAFORGE,2022,282410900.0,10343760.0,116496120.0,134802230.0
GANGESSECU,2025,379826000.0,50621000.0,6762573000.0,10003687.0
GANGESSECU,2024,348208000.0,34790000.0,5452334000.0,10003687.0
GANGESSECU,2023,412351000.0,97469000.0,4511561000.0,10003687.0
GANGESSECU,2022,342775000.0,79949000.0,6237259000.0,10003687.0
GARFIBRES,2025,15287086000.0,2315475000.0,12415676000.0,99265845.0
GARFIBRES,2024,13182567000.0,2102680000.0,12338622000.0,99265845.0
GARFIBRES,2023,12934822000.0,1721997000.0,10163955000.0,99265845.0
GARFIBRES,2022,11768597000.0,1647806000.0,9705853000.0,99265845.0
GARUDA,2025,2256735000.0,497950000.0,3318105000.0,93041742.0
GARUDA,2024,1541783000.0,364353000.0,1190064000.0,93041742.0
GARUDA,2023,1596697000.0,407953000.0,826119000.0,93041742.0
GARUDA,2022,770208000.0,187822000.0,417903000.0,93041742.0
GATECH,2025,136549800.0,41248420.0,496462750.0,1102742236.0
GATECH,2024,74743120.0,11334970.0,71318040.0,1102742236.0
GATECH,2023,103855420.0,-11767800.0,-66138940.0,1102742236.0
GATECH,2022,63016000.0,-80390900.0,-60209500.0,1102742236.0
GATECHDVR,2025,136549800.0,41248420.0,496462750.0,189665894.0
GATECHDVR,2024,74743120.0,11334970.0,71318040.0,189665894.0
GATECHDVR,2023,103855420.0,-11767800.0,-66138940.0,189665894.0
GATECHDVR,2022,63016000.0,-80390900.0,-60209500.0,189665894.0
GATEWAY,2025,16779676000.0,3708640000.0,22034998000.0,499643836.0
GATEWAY,2024,15341192000.0,2562323000.0,19326061000.0,499643836.0
GATEWAY,2023,14189209000.0,2398988000.0,17765979000.0,499643836.0
GATEWAY,2022,13702872000.0,2237927000.0,16367574000.0,499643836.0
GAUDIUMIVF,2025,707240000.0,191274000.0,462974000.0,72786884.0
GAUDIUMIVF,2024,478901000.0,103169000.0,269862000.0,72786884.0
GAUDIUMIVF,2023,442369000.0,135246000.0,227288000.0,72786884.0
GAUDIUMIVF,2022,365198000.0,88282000.0,92942000.0,72786884.0
GAYAHWS,2025,56902000.0,35356000.0,-6259400000.0,239651900.0
GAYAHWS,2024,17200000.0,-1372146000.0,-17547692000.0,239651900.0
GAYAHWS,2023,76256000.0,1488730000.0,-13136929000.0,239651900.0
GAYAHWS,2022,62992000.0,-160525000.0,-9953894000.0,239651900.0
GCSL,2025,387131000.0,13010000.0,1932768000.0,23109347.0
GCSL,2024,354497000.0,271528000.0,1087214000.0,23109347.0
GCSL,2023,126257000.0,214169000.0,385798000.0,23109347.0
GCSL,2022,41343610.0,35746290.0,229295000.0,23109347.0
GEECEE,2025,1350179000.0,467620000.0,7800494000.0,20911729.0
GEECEE,2024,966791000.0,372489000.0,6451401000.0,20911729.0
GEECEE,2023,400526000.0,116270000.0,5610696000.0,20911729.0
GEECEE,2022,958289000.0,193475000.0,5372330000.0,20911729.0
GEEKAYWIRE,2025,4583149000.0,362260000.0,1447786000.0,104520000.0
GEEKAYWIRE,2024,4115520000.0,385296000.0,1093352000.0,104520000.0
GEEKAYWIRE,2023,3993306000.0,244291000.0,736276000.0,104520000.0
GEEKAYWIRE,2022,2578803000.0,89951000.0,520127000.0,104520000.0
GEMAROMA,2025,4949240000.0,533840000.0,2839810000.0,52237138.0
GEMAROMA,2024,4463880000.0,501040000.0,2305480000.0,52237138.0
GEMAROMA,2023,4186060000.0,446720000.0,1795310000.0,52237138.0
GEMAROMA,2022,3111950000.0,311860000.0,1381590000.0,52237138.0
GENCON,2025,3020204000.0,121329000.0,2844761000.0,56986219.0
GENCON,2024,2893639000.0,111420000.0,2628590000.0,56986219.0
GENCON,2023,2725390000.0,153112000.0,2518596000.0,56986219.0
GENCON,2022,2603677000.0,139222000.0,1982513000.0,56986219.0
GENESYS,2025,3110315000.0,562232000.0,5555389000.0,41790377.0
GENESYS,2024,1982429000.0,220729000.0,4891621000.0,41790377.0
GENESYS,2023,1811285000.0,190778000.0,4054117000.0,41790377.0
GENESYS,2022,1165103000.0,134115000.0,2048084000.0,41790377.0
GENSOL,2024,8341900000.0,595500000.0,3257100000.0,38446368.0
GENSOL,2023,3569700000.0,233600000.0,2069300000.0,38446368.0
GENSOL,2022,1556700000.0,110900000.0,457500000.0,38446368.0
GENUSPAPER,2025,8632472000.0,29328000.0,5153709000.0,257125940.0
GENUSPAPER,2024,7118411000.0,34628000.0,4880008000.0,257125940.0
GENUSPAPER,2023,7216468000.0,-117640000.0,4814666000.0,257125940.0
GENUSPAPER,2022,5823546000.0,257871000.0,4963218000.0,257125940.0
GENUSPOWER,2025,24001769000.0,3062276000.0,18675488000.0,276673885.0
GENUSPOWER,2024,11872181000.0,795774000.0,15708982000.0,276673885.0
GENUSPOWER,2023,8049028000.0,289743000.0,9801990000.0,276673885.0
GENUSPOWER,2022,6769063000.0,574575000.0,9568434000.0,276673885.0
GEOJITFSL,2025,5840968000.0,1675311000.0,11585482000.0,279122119.0
GEOJITFSL,2024,4982541000.0,1448539000.0,8317704000.0,279122119.0
GEOJITFSL,2023,3539674000.0,971771000.0,7227794000.0,279122119.0
GEOJITFSL,2022,4286552000.0,1506113000.0,6969401000.0,279122119.0
GESHIP,2025,52860100000.0,23442600000.0,142591600000.0,142767161.0
GESHIP,2024,51756200000.0,26141800000.0,123974500000.0,142767161.0
GESHIP,2023,56602700000.0,25750100000.0,102753600000.0,142767161.0
GESHIP,2022,34720100000.0,6296800000.0,80513000000.0,142767161.0
GFLLIMITED,2025,22461000.0,-755868000.0,25206693000.0,109850000.0
GFLLIMITED,2024,22543000.0,-75690000.0,25942540000.0,109850000.0
GFLLIMITED,2023,26036000.0,22720683000.0,26017502000.0,109850000.0
GFLLIMITED,2022,14896000.0,1281680000.0,3530139000.0,109850000.0
GHCL,2025,31764000000.0,6241500000.0,34888800000.0,91934155.0
GHCL,2024,34361800000.0,7939000000.0,29785300000.0,91934155.0
GHCL,2023,45394700000.0,11158000000.0,39557900000.0,91934155.0
GHCL,2022,30521400000.0,4459500000.0,29473100000.0,91934155.0
GHCLTEXTIL,2025,11510300000.0,559700000.0,14373800000.0,95585786.0
GHCLTEXTIL,2024,10450600000.0,250500000.0,13857600000.0,95585786.0
GHCLTEXTIL,2023,0.0,-100000.0,0.0,95585786.0
GICHSGFIN,2025,10372600000.0,1604200000.0,19648500000.0,53851066.0
GICHSGFIN,2024,10313500000.0,1513500000.0,18288300000.0,53851066.0
GICHSGFIN,2023,10851700000.0,2132500000.0,16993000000.0,53851066.0
GICHSGFIN,2022,11375000000.0,1735100000.0,15107600000.0,53851066.0
GICL,2024,1144966000.0,25558000.0,540083000.0,111954588.0
GICL,2023,1136834000.0,19245000.0,282529000.0,111954588.0
GICL,2022,1077343000.0,14377000.0,263285000.0,111954588.0
GICRE,2025,507023400000.0,74318500000.0,614997000000.0,1754400000.0
GICRE,2024,465495600000.0,66858300000.0,552565500000.0,1754400000.0
GICRE,2023,483421876000.0,69073065000.0,451847377000.0,1754400000.0
GICRE,2022,514872520000.0,23862785000.0,360078366000.0,1754400000.0
GILLANDERS,2025,4395200000.0,267212000.0,2451818000.0,21342346.0
GILLANDERS,2024,3581963000.0,-486220000.0,2174530000.0,21342346.0
GILLANDERS,2023,4441141000.0,148225000.0,2767854000.0,21342346.0
GILLANDERS,2022,4014899000.0,163400000.0,2698438000.0,21342346.0
GILLETTE,2024,26330800000.0,4117000000.0,9712700000.0,32585217.0
GILLETTE,2023,24770500000.0,3556800000.0,9888600000.0,32585217.0
GILLETTE,2022,22561600000.0,2893300000.0,8612000000.0,32585217.0
GILLETTE,2021,20094200000.0,3103800000.0,7890100000.0,32585217.0
GINNIFILA,2025,3737844000.0,41953000.0,1993659000.0,85650065.0
GINNIFILA,2024,3439189000.0,-262513000.0,1946390000.0,85650065.0
GINNIFILA,2023,3636257000.0,135569000.0,2788899000.0,85650065.0
GINNIFILA,2022,10700025000.0,483631000.0,2927092000.0,85650065.0
GIPCL,2025,12479509000.0,2114341000.0,35238032000.0,155215944.0
GIPCL,2024,13405290000.0,1985107000.0,33055123000.0,155215944.0
GIPCL,2023,13485677000.0,1886937000.0,31542970000.0,155215944.0
GIPCL,2022,11668974000.0,1713109000.0,30444092000.0,155215944.0
GKENERGY,2025,10948270000.0,1332090000.0,2091010000.0,202817266.0
GKENERGY,2024,4110890000.0,360900000.0,559580000.0,202817266.0
GKENERGY,2023,2850260000.0,100800000.0,198680000.0,202817266.0
GKENERGY,2022,704420000.0,15570000.0,91180000.0,202817266.0
GKSL,2025,1199746000.0,147430000.0,386396000.0,78843250.0
GKSL,2024,1034415000.0,96839000.0,222692000.0,78843250.0
GKSL,2023,857919000.0,66359000.0,219587000.0,78843250.0
GKWLIMITED,2025,327800000.0,-184690000.0,25699289000.0,5966500.0
GKWLIMITED,2024,387700000.0,138515000.0,23570069000.0,5966500.0
GKWLIMITED,2023,203267000.0,87739000.0,22068275000.0,5966500.0
GKWLIMITED,2022,239569000.0,134000000.0,22943572000.0,5966500.0
GLAND,2025,55836260000.0,6985260000.0,91507410000.0,164756423.0
GLAND,2024,56417320000.0,7724600000.0,87238430000.0,164756423.0
GLAND,2023,35918590000.0,7810430000.0,79587220000.0,164756423.0
GLAND,2022,43841450000.0,12116640000.0,71576210000.0,164756423.0
GLAXO,2025,37260347000.0,9275829000.0,19513107000.0,169406034.0
GLAXO,2024,34417708000.0,5899610000.0,17776397000.0,169406034.0
GLAXO,2023,32263787000.0,6076422000.0,17412730000.0,169406034.0
GLAXO,2022,32640812000.0,3807689000.0,26629558000.0,169406034.0
GLENMARK,2025,131458360000.0,10470970000.0,88494410000.0,282200809.0
GLENMARK,2024,116354560000.0,-18989960000.0,78479270000.0,282200809.0
GLENMARK,2023,114319380000.0,-1697160000.0,94739230000.0,282200809.0
GLENMARK,2022,121741980000.0,9417110000.0,90866470000.0,282200809.0
GLFL,2025,0.0,586000.0,-40614000.0,27125767.0
GLFL,2024,0.0,868000.0,-41200000.0,27125767.0
GLFL,2023,0.0,1853000.0,-42356000.0,27125767.0
GLFL,2022,0.0,-822000.0,-44199000.0,27125767.0
GLOBAL,2025,722805000.0,281933000.0,1100210000.0,50901500.0
GLOBAL,2024,743109000.0,338269000.0,889647000.0,50901500.0
GLOBAL,2023,619821000.0,225941000.0,653193000.0,50901500.0
GLOBAL,2022,394019000.0,108523000.0,467110000.0,50901500.0
GLOBALE,2025,461099000.0,-7692000.0,110045000.0,10620275.0
GLOBALE,2024,542726000.0,4999000.0,117361000.0,10620275.0
GLOBALE,2023,677372000.0,-12881000.0,112393000.0,10620275.0
GLOBALVECT,2025,5385371000.0,-6503000.0,212623000.0,14000000.0
GLOBALVECT,2024,5018652000.0,12061000.0,218074000.0,14000000.0
GLOBALVECT,2023,4108332000.0,-166269000.0,280961000.0,14000000.0
GLOBALVECT,2022,3341705000.0,-49353000.0,409348000.0,14000000.0
GLOBE,2025,5468264000.0,94997000.0,1458997000.0,450418788.0
GLOBE,2024,4469104000.0,88607000.0,1168678000.0,450418788.0
GLOBE,2023,3836425000.0,45053000.0,544101000.0,450418788.0
GLOBE,2022,3779640000.0,51355000.0,497393000.0,450418788.0
GLOBECIVIL,2024,3321620000.0,153780000.0,776690000.0,59718999.0
GLOBECIVIL,2023,2333450000.0,48510000.0,624410000.0,59718999.0
GLOBECIVIL,2022,2857090000.0,52010000.0,574530000.0,59718999.0
GLOBUSSPR,2025,25370664000.0,233345000.0,9927826000.0,28972134.0
GLOBUSSPR,2024,24131636000.0,964763000.0,9713679000.0,28972134.0
GLOBUSSPR,2023,21079340000.0,1221981000.0,8866323000.0,28972134.0
GLOBUSSPR,2022,15786128000.0,1872543000.0,7723059000.0,28972134.0
GLOSTERLTD,2025,7284057000.0,-133470000.0,10834386000.0,10943260.0
GLOSTERLTD,2024,6411088000.0,243517000.0,11101607000.0,10943260.0
GLOSTERLTD,2023,6979558000.0,543877000.0,10789641000.0,10943260.0
GLOSTERLTD,2022,7338205000.0,652843000.0,10705917000.0,10943260.0
GLOTTIS,2025,9411730000.0,561440000.0,985290000.0,92403000.0
GLOTTIS,2024,4971770000.0,309580000.0,423510000.0,92403000.0
GLOTTIS,2023,4782730000.0,224370000.0,115170000.0,92403000.0
GMBREW,2025,6358732000.0,1290388000.0,9385649000.0,22846923.0
GMBREW,2024,6145945000.0,1515213000.0,8223204000.0,22846923.0
GMBREW,2023,5927741000.0,998648000.0,6817656000.0,22846923.0
GMBREW,2022,4578155000.0,933559000.0,5910396000.0,22846923.0
GMDCLTD,2025,28508400000.0,6857900000.0,64117400000.0,318000000.0
GMDCLTD,2024,24628800000.0,5973600000.0,60997400000.0,318000000.0
GMDCLTD,2023,34978799000.0,12044468000.0,57851691000.0,318000000.0
GMDCLTD,2022,27320794000.0,4459017000.0,48215903000.0,318000000.0
GMMPFAUDLR,2025,31744800000.0,529700000.0,10227900000.0,44957224.0
GMMPFAUDLR,2024,34245600000.0,1754700000.0,9643600000.0,44957224.0
GMMPFAUDLR,2023,31396400000.0,1635000000.0,8006900000.0,44957224.0
GMMPFAUDLR,2022,25203100000.0,850500000.0,5271100000.0,44957224.0
GMRAIRPORT,2025,89743500000.0,-3928500000.0,-27710300000.0,10558975952.0
GMRAIRPORT,2024,75481200000.0,-5606600000.0,-21641600000.0,10558975952.0
GMRAIRPORT,2023,58318100000.0,-1877000000.0,-7927800000.0,10558975952.0
GMRAIRPORT,2022,37721700000.0,-6442100000.0,-8178200000.0,10558975952.0
GMRP&UI,2025,62849900000.0,16031800000.0,5869100000.0,781017529.0
GMRP&UI,2024,42532800000.0,-577400000.0,-29172200000.0,781017529.0
GMRP&UI,2023,52191900000.0,12145700000.0,-26213600000.0,781017529.0
GMRP&UI,2022,41018100000.0,-6475100000.0,-21644400000.0,781017529.0
GNA,2025,15124115000.0,1070949000.0,8999200000.0,42930800.0
GNA,2024,14905388000.0,999640000.0,8014763000.0,42930800.0
GNA,2023,15595731000.0,1302079000.0,7145311000.0,42930800.0
GNA,2022,12427866000.0,887604000.0,5952064000.0,42930800.0
GNFC,2025,78584000000.0,5977700000.0,85756400000.0,146940683.0
GNFC,2024,78947000000.0,4970600000.0,83087600000.0,146940683.0
GNFC,2023,102072300000.0,14715400000.0,91051100000.0,146940683.0
GNFC,2022,86234600000.0,17104100000.0,79900300000.0,146940683.0
GOACARBON,2025,5080118000.0,-220263000.0,2176106000.0,9151052.0
GOACARBON,2024,10567938000.0,855022000.0,2475526000.0,9151052.0
GOACARBON,2023,13638595000.0,807520000.0,1860267000.0,9151052.0
GOACARBON,2022,7656707000.0,377793000.0,1145920000.0,9151052.0
GOCLCORP,2025,5477851000.0,927558000.0,15763994000.0,49572490.0
GOCLCORP,2024,6005863000.0,448490000.0,14190205000.0,49572490.0
GOCLCORP,2023,9118609000.0,2111532000.0,14095011000.0,49572490.0
GOCLCORP,2022,4924779000.0,1760962000.0,11517135000.0,49572490.0
GOCOLORS,2025,8466819000.0,934987000.0,6973742000.0,52595984.0
GOCOLORS,2024,7615379000.0,827761000.0,6038966000.0,52595984.0
GOCOLORS,2023,6633742000.0,827982000.0,5204492000.0,52595984.0
GOCOLORS,2022,3997752000.0,356008000.0,4384075000.0,52595984.0
GODAVARIB,2025,18702512000.0,-234147000.0,7819640000.0,51175977.0
GODAVARIB,2024,16866653000.0,122983000.0,5006788000.0,51175977.0
GODAVARIB,2023,20146940000.0,196370000.0,4894480000.0,51175977.0
GODAVARIB,2022,17023290000.0,190970000.0,4730040000.0,51175977.0
GODFRYPHLP,2025,55784569000.0,11526104000.0,52458160000.0,155981760.0
GODFRYPHLP,2024,39690236000.0,9254224000.0,42321142000.0,155981760.0
GODFRYPHLP,2023,35304302000.0,6904669000.0,35479321000.0,155981760.0
GODFRYPHLP,2022,26523416000.0,4380692000.0,29275790000.0,155981760.0
GODIGIT,2025,97155500000.0,4249400000.0,46124000000.0,924287149.0
GODIGIT,2024,86655800000.0,1816800000.0,25679900000.0,924287149.0
GODIGIT,2023,59977400000.0,355470000.0,33467540000.0,924287149.0
GODIGIT,2022,38709830000.0,-2958510000.0,29190070000.0,924287149.0
GODREJAGRO,2025,93561500000.0,4297200000.0,23809000000.0,192328994.0
GODREJAGRO,2024,95264500000.0,3596700000.0,25166500000.0,192328994.0
GODREJAGRO,2023,93003500000.0,3019100000.0,23375300000.0,192328994.0
GODREJAGRO,2022,82454000000.0,4025900000.0,22684200000.0,192328994.0
GODREJCP,2025,142848100000.0,18523000000.0,119992100000.0,1023244581.0
GODREJCP,2024,139740600000.0,-5605500000.0,125985700000.0,1023244581.0
GODREJCP,2023,131986800000.0,17024600000.0,137942300000.0,1023244581.0
GODREJCP,2022,121742200000.0,17833900000.0,115559300000.0,1023244581.0
GODREJIND,2025,195928700000.0,9813800000.0,101515400000.0,336804842.0
GODREJIND,2024,165454600000.0,599700000.0,80013100000.0,336804842.0
GODREJIND,2023,167086500000.0,9747800000.0,79842800000.0,336804842.0
GODREJIND,2022,140974600000.0,6537300000.0,71265600000.0,336804842.0
GODREJPROP,2025,47989100000.0,13998900000.0,173124600000.0,301207741.0
GODREJPROP,2024,29213600000.0,7252700000.0,99925000000.0,301207741.0
GODREJPROP,2023,21664200000.0,5713900000.0,92641900000.0,301207741.0
GODREJPROP,2022,17246000000.0,3523700000.0,86753900000.0,301207741.0
GOKEX,2025,35780499000.0,1585409000.0,20806791000.0,73247228.0
GOKEX,2024,21927437000.0,1309720000.0,12913400000.0,73247228.0
GOKEX,2023,20660615000.0,1729664000.0,8862512000.0,73247228.0
GOKEX,2022,17903157000.0,1170813000.0,7081755000.0,73247228.0
GOKUL,2025,35065536000.0,148085000.0,3445707000.0,98995000.0
GOKUL,2024,30143031000.0,18134000.0,3299441000.0,98995000.0
GOKUL,2023,31228931000.0,241381000.0,3281786000.0,98995000.0
GOKUL,2022,30453010000.0,265240000.0,3039366000.0,98995000.0
GOKULAGRO,2025,195139130000.0,2455843000.0,10359428000.0,295086716.0
GOKULAGRO,2024,137783404000.0,1357622000.0,7862947000.0,295086716.0
GOKULAGRO,2023,106966450000.0,1324069000.0,6506085000.0,295086716.0
GOKULAGRO,2022,103054003000.0,1229064000.0,4702803000.0,295086716.0
GOLDIAM,2025,7809782000.0,1170269000.0,7400560000.0,112917844.0
GOLDIAM,2024,6028698000.0,908123000.0,6304608000.0,112917844.0
GOLDIAM,2023,5331843000.0,844246000.0,5856590000.0,112917844.0
GOLDIAM,2022,6877432000.0,1051837000.0,5198998000.0,112917844.0
GOLDTECH,2025,889000000.0,99020000.0,958481000.0,52261836.0
GOLDTECH,2024,932760000.0,-21810000.0,670730000.0,52261836.0
GOLDTECH,2023,929610000.0,4560000.0,691010000.0,52261836.0
GOLDTECH,2022,609210000.0,5080000.0,675110000.0,52261836.0
GOODLUCK,2025,38970982000.0,1656281000.0,13110114000.0,33238509.0
GOODLUCK,2024,34838512000.0,1322679000.0,11193640000.0,33238509.0
GOODLUCK,2023,30479806000.0,878009000.0,6200113000.0,33238509.0
GOODLUCK,2022,25777203000.0,750108000.0,4659192000.0,33238509.0
GOPAL,2025,14586390000.0,189980000.0,4047910000.0,124648419.0
GOPAL,2024,13928140000.0,995680000.0,3903640000.0,124648419.0
GOPAL,2023,13918310000.0,1123690000.0,2908780000.0,124648419.0
GOPAL,2022,13519440000.0,415380000.0,1776610000.0,124648419.0
GOYALALUM,2025,765130750.0,22864170.0,222829030.0,142732780.0
GOYALALUM,2024,684647100.0,25590670.0,199930680.0,142732780.0
GOYALALUM,2023,659901150.0,21702010.0,174341260.0,142732780.0
GOYALALUM,2022,824260700.0,10251430.0,153014280.0,142732780.0
GPIL,2025,53713442000.0,8116675000.0,49059846000.0,648864910.0
GPIL,2024,54464581000.0,9353421000.0,44958846000.0,648864910.0
GPIL,2023,57450074000.0,7934019000.0,39054524000.0,648864910.0
GPIL,2022,53490377000.0,14812743000.0,33123243000.0,648864910.0
GPPL,2025,9142170000.0,3968960000.0,23371990000.0,483439910.0
GPPL,2024,9206790000.0,3420000000.0,23133220000.0,483439910.0
GPPL,2023,8462540000.0,3131420000.0,23107470000.0,483439910.0
GPPL,2022,6882970000.0,1973290000.0,22434870000.0,483439910.0
GPTHEALTH,2025,4064470000.0,499217000.0,2478506000.0,82054823.0
GPTHEALTH,2024,3995485000.0,477690000.0,2184903000.0,82054823.0
GPTHEALTH,2023,3603926000.0,390076000.0,1653625000.0,82054823.0
GPTHEALTH,2022,3367700000.0,416630000.0,1581820000.0,82054823.0
GPTINFRA,2025,11808220000.0,800683000.0,5235321000.0,126364600.0
GPTINFRA,2024,10105703000.0,578439000.0,3026459000.0,126364600.0
GPTINFRA,2023,8030678000.0,313969000.0,2771230000.0,126364600.0
GPTINFRA,2022,6709664000.0,243401000.0,2561001000.0,126364600.0
GRANULES,2025,44559720000.0,5015160000.0,37155780000.0,247796921.0
GRANULES,2024,44901600000.0,4053100000.0,32255440000.0,247796921.0
GRANULES,2023,44963380000.0,5165970000.0,28349090000.0,247796921.0
GRANULES,2022,37271720000.0,4127610000.0,25865370000.0,247796921.0
GRAPHITE,2025,24835100000.0,4621100000.0,58659000000.0,195375594.0
GRAPHITE,2024,29237300000.0,8081000000.0,56107700000.0,195375594.0
GRAPHITE,2023,31605700000.0,1993500000.0,49638400000.0,195375594.0
GRAPHITE,2022,29629700000.0,5045600000.0,49468000000.0,195375594.0
GRASIM,2025,1471782700000.0,37056800000.0,975092300000.0,678114605.0
GRASIM,2024,1295790000000.0,56244900000.0,886524000000.0,678114605.0
GRASIM,2023,1164666500000.0,68272600000.0,787419900000.0,678114605.0
GRASIM,2022,945887400000.0,70340400000.0,756982300000.0,678114605.0
GRAVITA,2025,38385800000.0,3123900000.0,20699100000.0,72832753.0
GRAVITA,2024,31426400000.0,2391900000.0,8374000000.0,72832753.0
GRAVITA,2023,27871800000.0,2011000000.0,5889300000.0,72832753.0
GRAVITA,2022,22061000000.0,1393900000.0,3868500000.0,72832753.0
GREAVESCOT,2025,28424900000.0,584000000.0,14055800000.0,232906261.0
GREAVESCOT,2024,25858600000.0,-1352700000.0,14402300000.0,232906261.0
GREAVESCOT,2023,26683200000.0,780300000.0,15865400000.0,232906261.0
GREAVESCOT,2022,16967700000.0,-353000000.0,7493000000.0,232906261.0
GREENLAM,2025,25038700000.0,696900000.0,11268800000.0,255147702.0
GREENLAM,2024,22472700000.0,1383900000.0,10771600000.0,255147702.0
GREENLAM,2023,19737562000.0,1287021000.0,9581583000.0,255147702.0
GREENLAM,2022,16481660000.0,907327000.0,6543533000.0,255147702.0
GREENPANEL,2025,13938789000.0,721089000.0,13851601000.0,122627395.0
GREENPANEL,2024,15639281000.0,1352423000.0,13171252000.0,122627395.0
GREENPANEL,2023,17785503000.0,2565148000.0,11939082000.0,122627395.0
GREENPANEL,2022,16250387000.0,2404671000.0,9516457000.0,122627395.0
GREENPLY,2025,24821390000.0,916321000.0,8086381000.0,124887795.0
GREENPLY,2024,21746173000.0,852472000.0,7094197000.0,124887795.0
GREENPLY,2023,16587882000.0,1060084000.0,6438177000.0,124887795.0
GREENPLY,2022,15573675000.0,947257000.0,5381650000.0,124887795.0
GREENPOWER,2025,2545600000.0,317600000.0,10754700000.0,1173031669.0
GREENPOWER,2024,2578800000.0,365300000.0,7881300000.0,1173031669.0
GREENPOWER,2023,2390300000.0,355800000.0,5236200000.0,1173031669.0
GREENPOWER,2022,2570900000.0,457500000.0,4894600000.0,1173031669.0
GRINDWELL,2025,27989493000.0,3687213000.0,22554973000.0,110720000.0
GRINDWELL,2024,26686404000.0,3836363000.0,20552748000.0,110720000.0
GRINDWELL,2023,25251977000.0,3619041000.0,18058088000.0,110720000.0
GRINDWELL,2022,20021272000.0,2956454000.0,15684570000.0,110720000.0
GRINFRA,2025,65914293000.0,10143356000.0,84915369000.0,96760529.0
GRINFRA,2024,79430587000.0,13236486000.0,75917906000.0,96760529.0
GRINFRA,2023,81798625000.0,14544268000.0,62651336000.0,96760529.0
GRINFRA,2022,84583476000.0,8319135000.0,48108667000.0,96760529.0
GRMOVER,2025,13449776000.0,605956000.0,4256359000.0,207210000.0
GRMOVER,2024,12877810000.0,597811000.0,3306707000.0,207210000.0
GRMOVER,2023,13536067000.0,626769000.0,2739962000.0,207210000.0
GRMOVER,2022,11102641000.0,838390000.0,2056579000.0,207210000.0
GROBTEA,2025,1180985000.0,100563000.0,877574000.0,1162330.0
GROBTEA,2024,994625000.0,-73000.0,786768000.0,1162330.0
GROBTEA,2023,1020212000.0,6042000.0,777569000.0,1162330.0
GROBTEA,2022,926159000.0,41515000.0,784147000.0,1162330.0
GROWW,2025,,,,6273596631.0
GROWW,2024,,,,6273596631.0
GROWW,2023,,,,6273596631.0
GRPLTD,2025,4969886000.0,307015000.0,1916332000.0,5333332.0
GRPLTD,2024,4383495000.0,226372000.0,1667380000.0,5333332.0
GRPLTD,2023,4449398000.0,139483000.0,1474173000.0,5333332.0
GRPLTD,2022,3834376000.0,57605000.0,1362228000.0,5333332.0
GRSE,2025,50709831000.0,5274038000.0,20792624000.0,114552000.0
GRSE,2024,35884631000.0,3572677000.0,16734389000.0,114552000.0
GRSE,2023,25478372000.0,2281240000.0,14138175000.0,114552000.0
GRSE,2022,17452802000.0,1895268000.0,12578907000.0,114552000.0
GRWRHITECH,2025,20771300000.0,3312200000.0,23717900000.0,23232394.0
GRWRHITECH,2024,16518200000.0,2032900000.0,20448000000.0,23232394.0
GRWRHITECH,2023,14118483000.0,1661424000.0,18558186000.0,23232394.0
GRWRHITECH,2022,12750481000.0,1671801000.0,17108785000.0,23232394.0
GSFC,2025,57945620000.0,5910555000.0,121384800000.0,398477530.0
GSFC,2024,56141570000.0,5640451000.0,127269871000.0,398477530.0
GSFC,2023,55449500000.0,12658866000.0,120398679000.0,398477530.0
GSFC,2022,90710904000.0,8986043000.0,117722289000.0,398477530.0
GSLSU,2025,2052520000.0,-285350000.0,3023400000.0,42381818.0
GSLSU,2024,2226470000.0,187000000.0,3305070000.0,42381818.0
GSLSU,2023,1772910000.0,242340000.0,2613300000.0,42381818.0
GSLSU,2022,1891460000.0,356340000.0,1340340000.0,42381818.0
GSPCROP,2025,12826760000.0,827230000.0,4500430000.0,46518750.0
GSPCROP,2024,11501840000.0,555820000.0,3704680000.0,46518750.0
GSPCROP,2023,12003550000.0,174100000.0,3634820000.0,46518750.0
GSPL,2025,172756257000.0,11110844000.0,116457753000.0,564211376.0
GSPL,2024,172074573000.0,16595250000.0,108248684000.0,564211376.0
GSPL,2023,180256387000.0,16414953000.0,94489043000.0,564211376.0
GSPL,2022,179182583000.0,16382763000.0,79187431000.0,564211376.0
GSS,2025,1251683000.0,-13695000.0,3497388000.0,25806843.0
GSS,2024,1708204000.0,74532000.0,3494784000.0,25806843.0
GSS,2023,1143860000.0,148529000.0,2058942000.0,25806843.0
GSS,2022,1167936079.0,303489993.0,1777483637.0,25806843.0
GTECJAINX,2025,77298000.0,-33786000.0,13642000.0,10189098.0
GTECJAINX,2024,83188000.0,-1172000.0,47428000.0,10189098.0
GTECJAINX,2023,83024000.0,13029000.0,51279000.0,10189098.0
GTECJAINX,2022,49100000.0,-41234000.0,38250000.0,10189098.0
GTL,2025,2538800000.0,-83800000.0,-60293200000.0,157296781.0
GTL,2024,2019200000.0,2108000000.0,-60213600000.0,157296781.0
GTL,2023,1863300000.0,572100000.0,-62319900000.0,157296781.0
GTL,2022,1934300000.0,4318700000.0,-62890800000.0,157296781.0
GTLINFRA,2025,13440700000.0,-8751500000.0,-59613100000.0,12809111895.0
GTLINFRA,2024,13720100000.0,-6813600000.0,-50865600000.0,12809111895.0
GTLINFRA,2023,14578600000.0,-18169100000.0,-45407400000.0,12809111895.0
GTLINFRA,2022,14627300000.0,-14746700000.0,-27455400000.0,12809111895.0
GTPL,2025,34705830000.0,478920000.0,11639080000.0,112463038.0
GTPL,2024,32065790000.0,1069980000.0,11598390000.0,112463038.0
GTPL,2023,26516600000.0,1139440000.0,11032060000.0,112463038.0
GTPL,2022,23325450000.0,1996620000.0,10318750000.0,112463038.0
GUFICBIO,2025,7455532000.0,696496000.0,6010768000.0,100282506.0
GUFICBIO,2024,7696562000.0,861356000.0,5325605000.0,100282506.0
GUFICBIO,2023,6797546000.0,797048000.0,3478082000.0,100282506.0
GUFICBIO,2022,7130224000.0,958401000.0,2691180000.0,100282506.0
GUJALKALI,2025,39595021000.0,-651186000.0,56695770000.0,73436928.0
GUJALKALI,2024,37027704000.0,-2368425000.0,60755368000.0,73436928.0
GUJALKALI,2023,44018566000.0,4096172000.0,61392199000.0,73436928.0
GUJALKALI,2022,36834023000.0,5597633000.0,58992976000.0,73436928.0
GUJAPOLLO,2025,415495000.0,14707000.0,4907734000.0,12970000.0
GUJAPOLLO,2024,570684000.0,113258000.0,4824904000.0,12970000.0
GUJAPOLLO,2023,718744000.0,124719000.0,4786962000.0,12970000.0
GUJAPOLLO,2022,556844000.0,81801000.0,5234856000.0,12970000.0
GUJGASLTD,2025,163815000000.0,11483200000.0,84896400000.0,688390125.0
GUJGASLTD,2024,155968500000.0,11437000000.0,77224800000.0,688390125.0
GUJGASLTD,2023,166652100000.0,15283800000.0,70279500000.0,688390125.0
GUJGASLTD,2022,163791900000.0,12873700000.0,56299300000.0,688390125.0
GUJTHEM,2025,1507999000.0,487717000.0,2483819000.0,108965265.0
GUJTHEM,2024,1698219000.0,591632000.0,2013761000.0,108965265.0
GUJTHEM,2023,1481297000.0,579688000.0,1491460000.0,108965265.0
GUJTHEM,2022,1141917000.0,436242000.0,1033215000.0,108965265.0
GULFOILLUB,2025,36229444000.0,3598512000.0,14617194000.0,49400074.0
GULFOILLUB,2024,32926140000.0,3079611000.0,12946063000.0,49400074.0
GULFOILLUB,2023,29914649000.0,2323039000.0,11784328000.0,49400074.0
GULFOILLUB,2022,21847845000.0,2110564000.0,10426834000.0,49400074.0
GULFPETRO,2025,6089986000.0,263242000.0,3289750000.0,50984383.0
GULFPETRO,2024,6548019000.0,277106000.0,3033105000.0,50984383.0
GULFPETRO,2023,7901272000.0,251892000.0,2761759000.0,50984383.0
GULFPETRO,2022,7172584000.0,189370000.0,2513570000.0,50984383.0
GULPOLY,2025,19979270000.0,246663000.0,6131771000.0,62183424.0
GULPOLY,2024,13578861000.0,177577000.0,5903189000.0,62183424.0
GULPOLY,2023,11618720000.0,451818000.0,5748709000.0,62183424.0
GULPOLY,2022,10814555000.0,852489000.0,5353898000.0,62183424.0
GVKPIL,2025,8021600000.0,5651500000.0,-6173700000.0,1579210400.0
GVKPIL,2024,10801400000.0,204000000.0,-11824900000.0,1579210400.0
GVKPIL,2023,21203600000.0,24389400000.0,-11513200000.0,1579210400.0
GVKPIL,2022,8582600000.0,2059300000.0,-38395000000.0,1579210400.0
GVPIL,2025,10457700000.0,-594600000.0,3166200000.0,67227471.0
GVPIL,2024,10351100000.0,-1366200000.0,688100000.0,67227471.0
GVPIL,2023,17881500000.0,-4405800000.0,2325200000.0,67227471.0
GVPIL,2022,26154200000.0,-2888200000.0,6758200000.0,67227471.0
GVPTECH,2025,56901830.0,-26432320.0,1653038250.0,164878778.0
GVPTECH,2024,332511050.0,28382780.0,1695756730.0,164878778.0
GVPTECH,2023,176759630.0,44937770.0,1667896460.0,164878778.0
GVPTECH,2022,15306000.0,629557000.0,1622959000.0,164878778.0
GVT&D,2025,42900000000.0,6083300000.0,17731100000.0,256046535.0
GVT&D,2024,31624100000.0,1810500000.0,12429400000.0,256046535.0
GVT&D,2023,27490300000.0,-14900000.0,10727100000.0,256046535.0
GVT&D,2022,30659500000.0,-496200000.0,10802900000.0,256046535.0
HAL,2025,301046900000.0,83641300000.0,349816100000.0,668775000.0
HAL,2024,281619000000.0,76210500000.0,291381700000.0,668775000.0
HAL,2023,263605600000.0,58277400000.0,235721500000.0,668775000.0
HAL,2022,243614700000.0,50800400000.0,193131300000.0,668775000.0
HALDER,2025,8442820000.0,210630000.0,1531161000.0,12438135.0
HALDER,2024,6431594000.0,116660000.0,1352933000.0,12438135.0
HALDER,2023,3589180000.0,59275000.0,522952000.0,12438135.0
HALDER,2022,8798210000.0,225603000.0,502196000.0,12438135.0
HALEOSLABS,2025,3367823000.0,201090000.0,1965603000.0,3023287.0
HALEOSLABS,2024,2995605000.0,90928000.0,1768142000.0,3023287.0
HALEOSLABS,2023,3125480000.0,114628000.0,1686123000.0,3023287.0
HALEOSLABS,2022,3473019000.0,253221000.0,1522323000.0,3023287.0
HAPPSTMNDS,2025,20608500000.0,1846600000.0,15745800000.0,150231117.0
HAPPSTMNDS,2024,16246600000.0,2483900000.0,14802400000.0,150231117.0
HAPPSTMNDS,2023,14292900000.0,2309900000.0,8388200000.0,150231117.0
HAPPSTMNDS,2022,10936500000.0,1812000000.0,6658000000.0,150231117.0
HAPPYFORGE,2025,12964046000.0,2674363000.0,18495461000.0,94350461.0
HAPPYFORGE,2024,12430820000.0,2429837000.0,16124921000.0,94350461.0
HAPPYFORGE,2023,10735141000.0,2086992000.0,9882966000.0,94350461.0
HAPPYFORGE,2022,7937020000.0,1422890000.0,7876240000.0,94350461.0
HARDWYN,2025,1846018000.0,112312000.0,3934142000.0,488434054.0
HARDWYN,2024,1528454000.0,102361000.0,3824842000.0,488434054.0
HARDWYN,2023,1646577000.0,92806000.0,3725633000.0,488434054.0
HARDWYN,2022,845577280.0,34071990.0,153469000.0,488434054.0
HARIOMPIPE,2025,13570488000.0,617260000.0,5726741000.0,30967289.0
HARIOMPIPE,2024,11531876000.0,567995000.0,4641175000.0,30967289.0
HARIOMPIPE,2023,6437121000.0,462080000.0,3751667000.0,30967289.0
HARIOMPIPE,2022,4305665000.0,319572000.0,1010167000.0,30967289.0
HARRMALAYA,2025,4859388000.0,148876000.0,1541329000.0,18455405.0
HARRMALAYA,2024,4588514000.0,-73030000.0,1438851000.0,18455405.0
HARRMALAYA,2023,4588446000.0,177664000.0,1561684000.0,18455405.0
HARRMALAYA,2022,4484067000.0,230895000.0,1379871000.0,18455405.0
HARSHA,2025,13990000000.0,893100000.0,12541400000.0,91044105.0
HARSHA,2024,13819900000.0,1114300000.0,11752800000.0,91044105.0
HARSHA,2023,13640200000.0,1232800000.0,10717700000.0,91044105.0
HARSHA,2022,13101500000.0,919500000.0,5218600000.0,91044105.0
HATHWAY,2025,19729200000.0,925100000.0,43824200000.0,1770104500.0
HATHWAY,2024,19705200000.0,993100000.0,42895500000.0,1770104500.0
HATHWAY,2023,18566600000.0,652900000.0,41830500000.0,1770104500.0
HATHWAY,2022,17906200000.0,1299900000.0,41250500000.0,1770104500.0
HATSUN,2025,86835900000.0,2788100000.0,17175600000.0,222748268.0
HATSUN,2024,79749300000.0,2672700000.0,15722500000.0,222748268.0
HATSUN,2023,72282738000.0,1658562000.0,14406764000.0,222748268.0
HATSUN,2022,63535115000.0,2482479000.0,11087651000.0,222748268.0
HAVELLS,2025,216000800000.0,14722600000.0,83237900000.0,627256842.0
HAVELLS,2024,184733100000.0,12707600000.0,74467600000.0,627256842.0
HAVELLS,2023,168057200000.0,10717300000.0,66254500000.0,627256842.0
HAVELLS,2022,138354500000.0,11964700000.0,60028900000.0,627256842.0
HAVISHA,2025,145816000.0,-42658000.0,255142000.0,153535800.0
HAVISHA,2024,144038000.0,-41491000.0,297803000.0,153535800.0
HAVISHA,2023,162055000.0,14974000.0,339578000.0,153535800.0
HAVISHA,2022,73462000.0,5783000.0,324604000.0,153535800.0
HBLENGINE,2025,19536757000.0,2769201000.0,14827481000.0,277194946.0
HBLENGINE,2024,22214540000.0,2808863000.0,12205413000.0,277194946.0
HBLENGINE,2023,13576439000.0,986528000.0,9514471000.0,277194946.0
HBLENGINE,2022,12125709000.0,939025000.0,8657631000.0,277194946.0
HBSL,2025,84716000.0,-120138000.0,900040000.0,7137665.0
HBSL,2024,203531000.0,375351000.0,1031116000.0,7137665.0
HBSL,2023,55350000.0,-20129000.0,659978000.0,7137665.0
HBSL,2022,68963000.0,151859000.0,687698000.0,7137665.0
HCC,2025,54051300000.0,1126300000.0,9057000000.0,2619468062.0
HCC,2024,66282100000.0,5294200000.0,-1684800000.0,2619468062.0
HCC,2023,77150800000.0,-525100000.0,-7143800000.0,2619468062.0
HCC,2022,102177100000.0,5717400000.0,-6591300000.0,2619468062.0
HCG,2025,22008440000.0,444100000.0,9224440000.0,149302203.0
HCG,2024,18899080000.0,481550000.0,8257800000.0,149302203.0
HCG,2023,16760470000.0,293490000.0,8605220000.0,149302203.0
HCG,2022,13831380000.0,537330000.0,8702870000.0,149302203.0
HCL-INSYS,2025,246127000.0,-211092000.0,-2909776000.0,329209928.0
HCL-INSYS,2024,321734000.0,-158735000.0,-2693195000.0,329209928.0
HCL-INSYS,2023,314098000.0,-387941000.0,-2534950000.0,329209928.0
HCL-INSYS,2022,694400000.0,245200000.0,-2151100000.0,329209928.0
HCLTECH,2025,1170550000000.0,173900000000.0,696550000000.0,2705652444.0
HCLTECH,2024,1099130000000.0,157020000000.0,682630000000.0,2705652444.0
HCLTECH,2023,1014560000000.0,148510000000.0,654050000000.0,2705652444.0
HCLTECH,2022,856510000000.0,134990000000.0,619140000000.0,2705652444.0
HDBFS,2025,160796300000.0,21759200000.0,158197500000.0,828405154.0
HDBFS,2024,139462600000.0,24608400000.0,137427100000.0,828405154.0
HDBFS,2023,122439200000.0,19593500000.0,114369600000.0,828405154.0
HDFCAMC,2025,34984400000.0,24601900000.0,81299800000.0,428400181.0
HDFCAMC,2024,25843700000.0,19426900000.0,70750100000.0,428400181.0
HDFCAMC,2023,21668100000.0,14233700000.0,61078200000.0,428400181.0
HDFCAMC,2022,21153600000.0,13931300000.0,55300400000.0,428400181.0
HDFCBANK,2025,2371508200000.0,673508300000.0,7676891400000.0,15393260762.0
HDFCBANK,2024,1986934300000.0,622656600000.0,6947327400000.0,15393260762.0
HDFCBANK,2023,1205375000000.0,495446900000.0,2912200700000.0,15393260762.0
HDFCBANK,2022,1019413700000.0,386000400000.0,2504838400000.0,15393260762.0
HDFCLIFE,2025,900685300000.0,18108200000.0,161546200000.0,2157279702.0
HDFCLIFE,2024,958232700000.0,15740800000.0,146663400000.0,2157279702.0
HDFCLIFE,2023,702463154000.0,13682771000.0,129931414000.0,2157279702.0
HDFCLIFE,2022,674427348000.0,13269331000.0,156133311000.0,2157279702.0
HDIL,2025,16221000.0,-113000.0,-22949350000.0,474003986.0
HDIL,2024,16146000.0,-103165000.0,-22949237000.0,474003986.0
HDIL,2023,13113000.0,-198039000.0,-22846071000.0,474003986.0
HDIL,2022,6355000.0,-124924000.0,-22648033000.0,474003986.0
HEADSUP,2025,14196000.0,13938000.0,153346000.0,22082609.0
HEADSUP,2024,6280000.0,-43179000.0,139410000.0,22082609.0
HEADSUP,2023,7321000.0,-96553000.0,181569000.0,22082609.0
HEADSUP,2022,9731000.0,-53605000.0,277769000.0,22082609.0
HECPROJECT,2025,1120991000.0,92435000.0,531354000.0,10838160.0
HECPROJECT,2024,737895000.0,47164000.0,348619000.0,10838160.0
HECPROJECT,2023,517339000.0,7883000.0,301445000.0,10838160.0
HECPROJECT,2022,437248000.0,5145000.0,293663000.0,10838160.0
HEG,2025,21443207000.0,1150554000.0,44537683000.0,192977530.0
HEG,2024,23798198000.0,3116791000.0,44259412000.0,192977530.0
HEG,2023,24353158000.0,5324084000.0,42809385000.0,192977530.0
HEG,2022,21732274000.0,4310435000.0,39136295000.0,192977530.0
HEIDELBERG,2025,21388800000.0,1067500000.0,13951800000.0,226613116.0
HEIDELBERG,2024,23579100000.0,1677500000.0,14698300000.0,226613116.0
HEIDELBERG,2023,22091100000.0,991700000.0,14613900000.0,226613116.0
HEIDELBERG,2022,22426300000.0,2522600000.0,15652400000.0,226613116.0
HEMIPROP,2025,9064000.0,-75185000.0,3985227000.0,285000000.0
HEMIPROP,2024,5228000.0,-98185000.0,3560530000.0,285000000.0
HEMIPROP,2023,20020000.0,-64731000.0,3658715000.0,285000000.0
HEMIPROP,2022,0.0,-148605000.0,3723328000.0,285000000.0
HERANBA,2025,14022800000.0,30700000.0,8408000000.0,40013467.0
HERANBA,2024,12485700000.0,348900000.0,8430600000.0,40013467.0
HERANBA,2023,13112500000.0,1043700000.0,8103700000.0,40013467.0
HERANBA,2022,14349210000.0,1890630000.0,7144580000.0,40013467.0
HERITGFOOD,2025,41322820000.0,1882800000.0,9719600000.0,92796000.0
HERITGFOOD,2024,37918200000.0,1065490000.0,8081590000.0,92796000.0
HERITGFOOD,2023,32390600000.0,579800000.0,7258670000.0,92796000.0
HERITGFOOD,2022,26786070000.0,970040000.0,6575500000.0,92796000.0
HEROMOTOCO,2025,407124900000.0,43784800000.0,192720400000.0,200089777.0
HEROMOTOCO,2024,375990300000.0,37448300000.0,176989200000.0,200089777.0
HEROMOTOCO,2023,337377200000.0,28099600000.0,166555700000.0,200089777.0
HEROMOTOCO,2022,289776400000.0,23168800000.0,158466500000.0,200089777.0
HESTERBIO,2025,3111020000.0,274880000.0,3142550000.0,8506865.0
HESTERBIO,2024,3045460000.0,188890000.0,2917930000.0,8506865.0
HESTERBIO,2023,2660910000.0,266270000.0,2797300000.0,8506865.0
HESTERBIO,2022,2350060000.0,393200000.0,2599850000.0,8506865.0
HEXATRADEX,2025,45614000.0,-249471000.0,44787251000.0,55244704.0
HEXATRADEX,2024,950395000.0,922870000.0,38320659000.0,55244704.0
HEXATRADEX,2023,10635000.0,-256092000.0,22505979000.0,55244704.0
HEXATRADEX,2022,4193000.0,-250545000.0,23508403000.0,55244704.0
HEXT,2025,134304000000.0,13692000000.0,63158000000.0,609345995.0
HEXT,2024,119744000000.0,11764000000.0,53569000000.0,609345995.0
HEXT,2023,103803000000.0,9976000000.0,46352000000.0,609345995.0
HEXT,2022,91996000000.0,8842000000.0,41230000000.0,609345995.0
HEXT,2021,,,,609345995.0
HFCL,2025,40566500000.0,1774100000.0,40791600000.0,1530187363.0
HFCL,2024,44576200000.0,3298100000.0,39555400000.0,1530187363.0
HFCL,2023,47347800000.0,3009700000.0,31075400000.0,1530187363.0
HFCL,2022,47179800000.0,3131200000.0,27984000000.0,1530187363.0
HGINFRA,2025,47996190000.0,5054660000.0,29496650000.0,65171111.0
HGINFRA,2024,51246120000.0,5385860000.0,24550310000.0,65171111.0
HGINFRA,2023,44664180000.0,4931910000.0,19218750000.0,65171111.0
HGINFRA,2022,36420240000.0,3800360000.0,14359750000.0,65171111.0
HGM,2025,224683000.0,42232000.0,240575000.0,12594972.0
HGM,2024,161236000.0,26485000.0,228421000.0,12594972.0
HGM,2023,120551000.0,44832000.0,225896000.0,12594972.0
HGM,2022,100581000.0,21418000.0,299510000.0,12594972.0
HGS,2025,43419100000.0,-971200000.0,77081200000.0,46520285.0
HGS,2024,45871700000.0,1331900000.0,74877200000.0,46520285.0
HGS,2023,44857425000.0,2858310000.0,85465233000.0,46520285.0
HGS,2022,42434532000.0,-535868000.0,80753284000.0,46520285.0
HIKAL,2025,18435000000.0,908000000.0,12623000000.0,123300750.0
HIKAL,2024,17687000000.0,696020000.0,11877000000.0,123300750.0
HIKAL,2023,20047050000.0,783820000.0,11334700000.0,123300750.0
HIKAL,2022,19260300000.0,1604990000.0,10679810000.0,123300750.0
HILINFRA,2025,4957150000.0,196700000.0,1128360000.0,71720632.0
HILINFRA,2024,5734540000.0,189620000.0,931700000.0,71720632.0
HILINFRA,2023,4551330000.0,117120000.0,741230000.0,71720632.0
HILINFRA,2022,3550270000.0,83340000.0,624700000.0,71720632.0
HILTON,2025,1629490000.0,61763000.0,1155963000.0,36477628.0
HILTON,2024,1379438000.0,66858000.0,995197000.0,36477628.0
HILTON,2023,1046357000.0,58597000.0,891214000.0,36477628.0
HILTON,2022,837680000.0,17621000.0,448769000.0,36477628.0
HIMATSEIDE,2025,25544705000.0,760403000.0,20327344000.0,125742289.0
HIMATSEIDE,2024,25770476000.0,1128222000.0,15589498000.0,125742289.0
HIMATSEIDE,2023,24682863000.0,-640797000.0,14490146000.0,125742289.0
HIMATSEIDE,2022,28813762000.0,1408163000.0,14697135000.0,125742289.0
HINDALCO,2025,2370220000000.0,160010000000.0,1237090000000.0,2235875391.0
HINDALCO,2024,2148070000000.0,101550000000.0,1061460000000.0,2235875391.0
HINDALCO,2023,2219370000000.0,100970000000.0,948060000000.0,2235875391.0
HINDALCO,2022,1938880000000.0,142010000000.0,781910000000.0,2235875391.0
HINDCOMPOS,2025,3243761000.0,349973000.0,10845247000.0,14769000.0
HINDCOMPOS,2024,2971574000.0,344115000.0,9866601000.0,14769000.0
HINDCOMPOS,2023,2820147000.0,274727000.0,9208484000.0,14769000.0
HINDCOMPOS,2022,2318298000.0,216016000.0,9172638000.0,14769000.0
HINDCON,2025,563783000.0,38009000.0,540262000.0,51190625.0
HINDCON,2024,642405000.0,61806000.0,499543000.0,51190625.0
HINDCON,2023,855943000.0,43190000.0,423481000.0,51190625.0
HINDCON,2022,666198000.0,42308000.0,391381000.0,51190625.0
HINDCOPPER,2025,20589500000.0,4674291000.0,26609104000.0,967024020.0
HINDCOPPER,2024,17045653000.0,2957282000.0,22851078000.0,967024020.0
HINDCOPPER,2023,16651354000.0,2953563000.0,20821743000.0,967024020.0
HINDCOPPER,2022,18038653000.0,3741110000.0,19112306000.0,967024020.0
HINDOILEXP,2025,4208699000.0,1472077000.0,13212605000.0,132243289.0
HINDOILEXP,2024,7491313000.0,2264298000.0,11744163000.0,132243289.0
HINDOILEXP,2023,5589153000.0,1940482000.0,9472026000.0,132243289.0
HINDOILEXP,2022,1557252000.0,199937000.0,7531227000.0,132243289.0
HINDPETRO,2025,4319944700000.0,67357000000.0,511442900000.0,2127822517.0
HINDPETRO,2024,4319943900000.0,160146100000.0,469213500000.0,2127822517.0
HINDPETRO,2023,4334983300000.0,-69802300000.0,322632700000.0,2127822517.0
HINDPETRO,2022,3485885500000.0,72942300000.0,414042100000.0,2127822517.0
HINDUNILVR,2025,622880000000.0,106490000000.0,494020000000.0,2349591262.0
HINDUNILVR,2024,609660000000.0,102770000000.0,512180000000.0,2349591262.0
HINDUNILVR,2023,595490000000.0,101200000000.0,503040000000.0,2349591262.0
HINDUNILVR,2022,515480000000.0,88740000000.0,490610000000.0,2349591262.0
HINDWAREAP,2025,24857754000.0,-511519000.0,7770738000.0,83646357.0
HINDWAREAP,2024,27186782000.0,562168000.0,5978306000.0,83646357.0
HINDWAREAP,2023,28004016000.0,659980000.0,5757430000.0,83646357.0
HINDWAREAP,2022,22529495000.0,2034915000.0,5263649000.0,83646357.0
HINDZINC,2025,330410000000.0,103530000000.0,133260000000.0,4225319000.0
HINDZINC,2024,280820000000.0,77590000000.0,151950000000.0,4225319000.0
HINDZINC,2023,332720000000.0,105110000000.0,129320000000.0,4225319000.0
HINDZINC,2022,287900000000.0,96290000000.0,342810000000.0,4225319000.0
HIRECT,2025,6542446000.0,371125000.0,1598702000.0,34367614.0
HIRECT,2024,5170422000.0,125103000.0,1245295000.0,34367614.0
HIRECT,2023,3577073000.0,-63629000.0,1117144000.0,34367614.0
HIRECT,2022,3720203000.0,77985000.0,1074395000.0,34367614.0
HISARMETAL,2025,2440826000.0,31776000.0,628126000.0,5400000.0
HISARMETAL,2024,2414300000.0,64658000.0,601750000.0,5400000.0
HISARMETAL,2023,2756890000.0,109516000.0,542493000.0,5400000.0
HISARMETAL,2022,2358157000.0,120579000.0,438377000.0,5400000.0
HITECH,2025,29810981000.0,729491000.0,12573547000.0,202710234.0
HITECH,2024,26274276000.0,439308000.0,5763741000.0,202710234.0
HITECH,2023,23216263000.0,376814000.0,4181086000.0,202710234.0
HITECH,2022,18290269000.0,403262000.0,2586190000.0,202710234.0
HITECHCORP,2025,5597156000.0,89367000.0,2706953000.0,17175700.0
HITECHCORP,2024,5598908000.0,220029000.0,2634190000.0,17175700.0
HITECHCORP,2023,5565358000.0,283292000.0,2432101000.0,17175700.0
HITECHCORP,2022,5858486000.0,373966000.0,2169516000.0,17175700.0
HITECHGEAR,2025,9068070000.0,403630000.0,4835750000.0,18813547.0
HITECHGEAR,2024,10837720000.0,1142530000.0,4661530000.0,18813547.0
HITECHGEAR,2023,11403170000.0,231140000.0,3544260000.0,18813547.0
HITECHGEAR,2022,9449360000.0,-11020000.0,3307430000.0,18813547.0
HLEGLAS,2025,10222889000.0,467138000.0,4593072000.0,69454739.0
HLEGLAS,2024,9618430000.0,296871000.0,4164262000.0,69454739.0
HLEGLAS,2023,9237707000.0,698137000.0,3259461000.0,69454739.0
HLEGLAS,2022,6462902000.0,581685000.0,2524032000.0,69454739.0
HLVLTD,2025,2033109000.0,261249000.0,4678611000.0,659259899.0
HLVLTD,2024,1990945000.0,238029000.0,4434258000.0,659259899.0
HLVLTD,2023,1728832000.0,76469000.0,4188005000.0,659259899.0
HLVLTD,2022,729971000.0,-425096000.0,4122489000.0,659259899.0
HMAAGRO,2025,51330170000.0,867800000.0,7889070000.0,500769770.0
HMAAGRO,2024,48132900000.0,1006380000.0,7171640000.0,500769770.0
HMAAGRO,2023,32092190000.0,1204120000.0,4742550000.0,500769770.0
HMAAGRO,2022,30831910000.0,1176210000.0,3746600000.0,500769770.0
HMT,2025,1423100000.0,-1430600000.0,-18979000000.0,1204091640.0
HMT,2024,1633869000.0,-1300800000.0,-17520293000.0,1204091640.0
HMT,2023,2038086000.0,-1247574000.0,-43031357000.0,1204091640.0
HMT,2022,1757385000.0,-1456048000.0,-41801582000.0,1204091640.0
HMVL,2025,6855000000.0,777800000.0,15343100000.0,73514821.0
HMVL,2024,6777400000.0,99500000.0,14790700000.0,73514821.0
HMVL,2023,6677300000.0,-380900000.0,14756300000.0,73514821.0
HMVL,2022,6188100000.0,405900000.0,15898200000.0,73514821.0
HNDFDS,2025,35547300000.0,1096400000.0,8910200000.0,119481762.0
HNDFDS,2024,27452000000.0,930200000.0,6461300000.0,119481762.0
HNDFDS,2023,25921497000.0,711171000.0,3749303000.0,119481762.0
HNDFDS,2022,20353648000.0,446632000.0,3041297000.0,119481762.0
HOMEFIRST,2025,13254580000.0,3820680000.0,25212820000.0,104328017.0
HOMEFIRST,2024,9795470000.0,3057170000.0,21214850000.0,104328017.0
HOMEFIRST,2023,6929050000.0,2282920000.0,18173390000.0,104328017.0
HOMEFIRST,2022,4783620000.0,1860980000.0,15736850000.0,104328017.0
HONASA,2025,20669490000.0,726870000.0,11798300000.0,325369794.0
HONASA,2024,19199040000.0,1118200000.0,10952710000.0,325369794.0
HONASA,2023,14927480000.0,-1428090000.0,-11870350000.0,325369794.0
HONASA,2022,9434650000.0,157150000.0,-10873120000.0,325369794.0
HONAUT,2025,41817000000.0,5236000000.0,40382000000.0,8841523.0
HONAUT,2024,40548000000.0,5014000000.0,36062000000.0,8841523.0
HONAUT,2023,34319000000.0,4380000000.0,31885000000.0,8841523.0
HONAUT,2022,29374100000.0,3391300000.0,28367700000.0,8841523.0
HONDAPOWER,2025,7887800000.0,799400000.0,8635300000.0,10143071.0
HONDAPOWER,2024,9779800000.0,922100000.0,8121100000.0,10143071.0
HONDAPOWER,2023,12280800000.0,850900000.0,7367400000.0,10143071.0
HONDAPOWER,2022,11385300000.0,745300000.0,6698800000.0,10143071.0
HPAL,2025,2528716000.0,182436000.0,1842796000.0,91874735.0
HPAL,2024,2359060000.0,205681000.0,1688892000.0,91874735.0
HPAL,2023,2329960000.0,108581000.0,1482882000.0,91874735.0
HPAL,2022,1645989000.0,60065000.0,1373393000.0,91874735.0
HPIL,2025,1018052000.0,16443000.0,516853000.0,11424110.0
HPIL,2024,994676000.0,15344000.0,501836000.0,11424110.0
HPIL,2023,1007392000.0,24651000.0,426143000.0,11424110.0
HPIL,2022,1035562000.0,27306000.0,382989000.0,11424110.0
HPL,2025,17002440000.0,937693000.0,9151345000.0,64300486.0
HPL,2024,14608581000.0,435643000.0,8282339000.0,64300486.0
HPL,2023,12622087000.0,301779000.0,7935227000.0,64300486.0
HPL,2022,10139547000.0,77731000.0,7644888000.0,64300486.0
HSCL,2025,45992155000.0,5556336000.0,37217390000.0,504541599.0
HSCL,2024,41846080000.0,4107716000.0,30455752000.0,504541599.0
HSCL,2023,41718260000.0,2159773000.0,22805056000.0,504541599.0
HSCL,2022,27907272000.0,409465000.0,18676374000.0,504541599.0
HTMEDIA,2025,17329400000.0,19500000.0,16662900000.0,231320042.0
HTMEDIA,2024,16569800000.0,-805800000.0,17141700000.0,231320042.0
HTMEDIA,2023,16164000000.0,-2272900000.0,17995100000.0,231320042.0
HTMEDIA,2022,14212500000.0,177900000.0,20836500000.0,231320042.0
HUBTOWN,2025,3966760000.0,459126000.0,24082475000.0,142100657.0
HUBTOWN,2024,2109920000.0,-861711000.0,12580024000.0,142100657.0
HUBTOWN,2023,2918089000.0,310971000.0,13056504000.0,142100657.0
HUBTOWN,2022,1711591000.0,-1284117000.0,12891552000.0,142100657.0
HUDCO,2025,35975500000.0,27091400000.0,179684900000.0,2001900000.0
HUDCO,2024,29764900000.0,21166900000.0,166130000000.0,2001900000.0
HUDCO,2023,25767100000.0,17014300000.0,154435600000.0,2001900000.0
HUDCO,2022,24628300000.0,17164100000.0,144668100000.0,2001900000.0
HUHTAMAKI,2025,23890400000.0,1181600000.0,12935300000.0,75521934.0
HUHTAMAKI,2024,24505300000.0,879700000.0,11935500000.0,75521934.0
HUHTAMAKI,2023,24813200000.0,4096300000.0,11504600000.0,75521934.0
HUHTAMAKI,2022,29165000000.0,496400000.0,7569600000.0,75521934.0
HUHTAMAKI,2021,,,,75521934.0
HYBRIDFIN,2025,40975000.0,38369000.0,391932000.0,29436275.0
HYBRIDFIN,2024,34363000.0,19399000.0,300145000.0,29436275.0
HYBRIDFIN,2023,24657000.0,5066000.0,228089000.0,29436275.0
HYBRIDFIN,2022,34142000.0,16333000.0,242109000.0,29436275.0
HYUNDAI,2025,679423780000.0,56402140000.0,162964650000.0,812541100.0
HYUNDAI,2024,685897860000.0,60600440000.0,106656570000.0,812541100.0
HYUNDAI,2023,591027880000.0,47092500000.0,200548180000.0,812541100.0
HYUNDAI,2022,464608600000.0,29015910000.0,168562550000.0,812541100.0
IBULLSLTD,2025,0.0,-682000000.0,-2764200000.0,2233380052.0
IBULLSLTD,2024,200000.0,-216100000.0,-2337600000.0,2233380052.0
IBULLSLTD,2023,1100000.0,948500000.0,-2230500000.0,2233380052.0
IBULLSLTD,2022,12700000.0,-1457700000.0,-2941100000.0,2233380052.0
ICDSLTD,2025,22576000.0,14028000.0,289432000.0,13026700.0
ICDSLTD,2024,35119000.0,20352000.0,275391000.0,13026700.0
ICDSLTD,2023,22593000.0,3805000.0,255132000.0,13026700.0
ICDSLTD,2022,12747000.0,58356000.0,252138000.0,13026700.0
ICEMAKE,2025,4793686000.0,231102000.0,1240250000.0,15779735.0
ICEMAKE,2024,3782467000.0,262529000.0,1041930000.0,15779735.0
ICEMAKE,2023,3121130000.0,208012000.0,811258000.0,15779735.0
ICEMAKE,2022,2060048000.0,73203000.0,616809000.0,15779735.0
ICICIAMC,2025,46827800000.0,26506600000.0,35169400000.0,494258520.0
ICICIAMC,2024,33759000000.0,20497300000.0,28828400000.0,494258520.0
ICICIAMC,2023,26891800000.0,15157800000.0,23130600000.0,494258520.0
ICICIBANK,2025,2047152637000.0,510291955000.0,3139059061000.0,7161160213.0
ICICIBANK,2024,1612101952000.0,442563735000.0,2561438346000.0,7161160213.0
ICICIBANK,2023,1355811552000.0,340366408000.0,2144977893000.0,7161160213.0
ICICIBANK,2022,1163639822000.0,251100960000.0,1820524873000.0,7161160213.0
ICICIGI,2025,249005800000.0,25082900000.0,144851700000.0,498503799.0
ICICIGI,2024,217681400000.0,19185900000.0,122050000000.0,498503799.0
ICICIGI,2023,185704485000.0,17290519000.0,104439435000.0,498503799.0
ICICIGI,2022,165590896000.0,12710088000.0,91927109000.0,498503799.0
ICICIPRULI,2025,698860700000.0,11855200000.0,119337800000.0,1448640883.0
ICICIPRULI,2024,891363800000.0,8506600000.0,110046000000.0,1448640883.0
ICICIPRULI,2023,486835391000.0,8134940000.0,100895247000.0,1448640883.0
ICICIPRULI,2022,618941574000.0,7592020000.0,91579765000.0,1448640883.0
ICIL,2025,38168233000.0,2460040000.0,22775749000.0,198054340.0
ICIL,2024,32714535000.0,3379250000.0,20890657000.0,198054340.0
ICIL,2023,27821650000.0,2767767000.0,17926959000.0,198054340.0
ICIL,2022,28420200000.0,3586100000.0,15868322000.0,198054340.0
ICRA,2025,4970007000.0,1700093000.0,10532292000.0,9623700.0
ICRA,2024,4442326000.0,1510945000.0,9764891000.0,9623700.0
ICRA,2023,4005970000.0,1352359000.0,9502811000.0,9623700.0
ICRA,2022,3399339000.0,1122907000.0,8436103000.0,9623700.0
IDBI,2025,179937321000.0,76306827000.0,616200515000.0,10752402175.0
IDBI,2024,172190776000.0,57881117000.0,510730591000.0,10752402175.0
IDBI,2023,149981096000.0,37060593000.0,463192440000.0,10752402175.0
IDBI,2022,129618353000.0,25336670000.0,425717077000.0,10752402175.0
IDEA,2025,434557000000.0,-273834000000.0,-703202000000.0,108343035001.0
IDEA,2024,425727000000.0,-312384000000.0,-1041668000000.0,108343035001.0
IDEA,2023,421426000000.0,-293011000000.0,-743591000000.0,108343035001.0
IDEA,2022,384984000000.0,-282454000000.0,-619648000000.0,108343035001.0
IDEAFORGE,2025,1611480000.0,-622780000.0,6086770000.0,43275928.0
IDEAFORGE,2024,3013730000.0,452680000.0,6605920000.0,43275928.0
IDEAFORGE,2023,1685760000.0,319880000.0,3247210000.0,43275928.0
IDEAFORGE,2022,1594280000.0,440060000.0,1633030000.0,43275928.0
IDFCFIRSTB,2025,264015000000.0,14903500000.0,381557800000.0,8601699248.0
IDFCFIRSTB,2024,224796900000.0,29423500000.0,322735800000.0,8601699248.0
IDFCFIRSTB,2023,171927766000.0,24849294000.0,258475509000.0,8601699248.0
IDFCFIRSTB,2022,132972419000.0,1323070000.0,210821196000.0,8601699248.0
IEX,2025,5368045000.0,4291691000.0,11363031000.0,889300290.0
IEX,2024,4488288000.0,3507826000.0,9721713000.0,889300290.0
IEX,2023,4006015000.0,3058863000.0,7990960000.0,889300290.0
IEX,2022,4308238000.0,3092555000.0,7034099000.0,889300290.0
IFBAGRO,2025,10429600000.0,223400000.0,6093600000.0,9367111.0
IFBAGRO,2024,9208600000.0,-80800000.0,5527900000.0,9367111.0
IFBAGRO,2023,12284200000.0,491300000.0,5484100000.0,9367111.0
IFBAGRO,2022,9975700000.0,585400000.0,5012000000.0,9367111.0
IFBIND,2025,50844700000.0,1189100000.0,8419900000.0,40518796.0
IFBIND,2024,44341900000.0,503600000.0,7176100000.0,40518796.0
IFBIND,2023,41903200000.0,149400000.0,6674700000.0,40518796.0
IFBIND,2022,34116900000.0,-481600000.0,6482600000.0,40518796.0
IFCI,2025,14211400000.0,1710400000.0,86907500000.0,2694314331.0
IFCI,2024,14453000000.0,1036600000.0,45347400000.0,2694314331.0
IFCI,2023,9749700000.0,-2078000000.0,37671900000.0,2694314331.0
IFCI,2022,8543500000.0,-18313400000.0,28180700000.0,2694314331.0
IFGLEXPOR,2025,16421066000.0,429774000.0,11070137000.0,72078624.0
IFGLEXPOR,2024,16309787000.0,816744000.0,10720533000.0,72078624.0
IFGLEXPOR,2023,13721944000.0,792057000.0,10050459000.0,72078624.0
IFGLEXPOR,2022,12391846000.0,774814000.0,9340296000.0,72078624.0
IGARASHI,2025,8175748000.0,241683000.0,4655512000.0,31475048.0
IGARASHI,2024,7063934000.0,95731000.0,4469874000.0,31475048.0
IGARASHI,2023,6359418000.0,52377000.0,4395333000.0,31475048.0
IGARASHI,2022,5403694000.0,11900000.0,4382819000.0,31475048.0
IGCL,2024,5506890000.0,282330000.0,2315260000.0,63223997.0
IGCL,2023,5489830000.0,224230000.0,2031230000.0,63223997.0
IGCL,2022,4863290000.0,263630000.0,1803880000.0,63223997.0
IGIL,2025,12290980000.0,5316010000.0,14097210000.0,432159696.0
IGIL,2024,10531600000.0,4272900000.0,10627490000.0,432159696.0
IGIL,2023,8880100000.0,3308440000.0,-6044100000.0,432159696.0
IGIL,2022,4840410000.0,2417580000.0,3390730000.0,432159696.0
IGIL,2021,,,,432159696.0
IGL,2025,148607700000.0,17177600000.0,106157700000.0,1400001600.0
IGL,2024,139466200000.0,19850700000.0,96333700000.0,1400001600.0
IGL,2023,140865000000.0,16396500000.0,79312400000.0,1400001600.0
IGL,2022,76680600000.0,15022700000.0,75860400000.0,1400001600.0
IGPL,2025,22013939000.0,1086966000.0,13387996000.0,30794850.0
IGPL,2024,20943300000.0,395127000.0,12469146000.0,30794850.0
IGPL,2023,23493816000.0,2000177000.0,12348958000.0,30794850.0
IGPL,2022,18803170000.0,2645032000.0,10621131000.0,30794850.0
IIFL,2025,57631800000.0,3787700000.0,124121900000.0,425227927.0
IIFL,2024,62699000000.0,17635400000.0,106369900000.0,425227927.0
IIFL,2023,52051400000.0,15003000000.0,89920600000.0,425227927.0
IIFL,2022,40219700000.0,11878900000.0,64638300000.0,425227927.0
IIFLCAPS,2025,19858070000.0,7123380000.0,25072280000.0,311434713.0
IIFLCAPS,2024,18324530000.0,5123440000.0,17864160000.0,311434713.0
IIFLCAPS,2023,11495920000.0,2501570000.0,13502790000.0,311434713.0
IIFLCAPS,2022,10529140000.0,3060570000.0,11819760000.0,311434713.0
IITL,2025,312558000.0,40051000.0,4430449000.0,22547550.0
IITL,2024,275929000.0,648616000.0,4389226000.0,22547550.0
IITL,2023,70914490.0,449447690.0,3740671240.0,22547550.0
IITL,2022,30870910.0,324409410.0,3291517380.0,22547550.0
IKIO,2025,4858790000.0,309110000.0,5605260000.0,77280701.0
IKIO,2024,4379530000.0,605710000.0,5528060000.0,77280701.0
IKIO,2023,3587650000.0,500380000.0,1421610000.0,77280701.0
IKIO,2022,3318400000.0,505160000.0,1088580000.0,77280701.0
IKS,2025,26639940000.0,4860590000.0,17896930000.0,167511932.0
IKS,2024,18169090000.0,3704860000.0,11578580000.0,167511932.0
IKS,2023,10313000000.0,3052280000.0,8286390000.0,167511932.0
IKS,2022,7636340000.0,2329690000.0,6470690000.0,167511932.0
IL&FSENGG,2025,3201500000.0,-48800000.0,-31892800000.0,131121078.0
IL&FSENGG,2024,2564600000.0,-774400000.0,-31842800000.0,131121078.0
IL&FSENGG,2023,1713400000.0,-1239800000.0,-31065500000.0,131121078.0
IL&FSENGG,2022,2333500000.0,-3861300000.0,-28743800000.0,131121078.0
IMAGICAA,2025,3700389000.0,771733000.0,12527876000.0,565861447.0
IMAGICAA,2024,2418349000.0,5411178000.0,7396624000.0,565861447.0
IMAGICAA,2023,2385321000.0,3571435000.0,2351639000.0,565861447.0
IMAGICAA,2022,684440000.0,-2440701000.0,-8610458000.0,565861447.0
IMFA,2025,25346300000.0,3787200000.0,23482500000.0,53954106.0
IMFA,2024,27433500000.0,3435700000.0,21046600000.0,53954106.0
IMFA,2023,26393900000.0,2252600000.0,18728800000.0,53954106.0
IMFA,2022,25649200000.0,5072400000.0,17153600000.0,53954106.0
IMPAL,2025,7857100000.0,836700000.0,22459800000.0,12480000.0
IMPAL,2024,7381700000.0,739200000.0,20701700000.0,12480000.0
IMPAL,2023,7259200000.0,751400000.0,13681200000.0,12480000.0
IMPAL,2022,6445600000.0,607500000.0,12340300000.0,12480000.0
IMPEXFERRO,2025,2079000.0,-70659000.0,-3152083000.0,87931604.0
IMPEXFERRO,2024,388070000.0,-298285000.0,-3081424000.0,87931604.0
IMPEXFERRO,2023,1433817000.0,-335978000.0,-2782613000.0,87931604.0
IMPEXFERRO,2022,2984717000.0,-167621000.0,-2445854000.0,87931604.0
INA,2025,13310781000.0,1261993000.0,6164973000.0,
INA,2024,7353651000.0,554725000.0,1083364000.0,
INA,2023,2780448000.0,106819000.0,528840000.0,
INA,2022,2143909000.0,69459000.0,221425000.0,
INCREDIBLE,2025,7208762000.0,124872000.0,1452504000.0,46763750.0
INCREDIBLE,2024,7818032000.0,59680000.0,1326063000.0,46763750.0
INCREDIBLE,2023,7058213000.0,49073000.0,1266295000.0,46763750.0
INCREDIBLE,2022,5079037000.0,35611000.0,1217252000.0,46763750.0
INDBANK,2025,209528000.0,84633000.0,916517000.0,44378200.0
INDBANK,2024,195661000.0,80387000.0,833691000.0,44378200.0
INDBANK,2023,159059000.0,27322000.0,745054000.0,44378200.0
INDBANK,2022,176308000.0,69636000.0,711324000.0,44378200.0
INDGN,2025,28393000000.0,4067000000.0,26156000000.0,240317117.0
INDGN,2024,25896000000.0,3367000000.0,14291000000.0,240317117.0
INDGN,2023,23061000000.0,2661000000.0,10637220000.0,240317117.0
INDGN,2022,16646090000.0,1647620000.0,7639000000.0,240317117.0
INDHOTEL,2025,80411800000.0,19075900000.0,111607100000.0,1423432227.0
INDHOTEL,2024,65042100000.0,12590700000.0,94566500000.0,1423432227.0
INDHOTEL,2023,55820500000.0,10025900000.0,79819600000.0,1423432227.0
INDHOTEL,2022,29175700000.0,-2477200000.0,70622500000.0,1423432227.0
INDIACEM,2025,41487761000.0,-1243620000.0,101941312000.0,309896036.0
INDIACEM,2024,49978546000.0,-2311720000.0,55747181000.0,309896036.0
INDIACEM,2023,56000460000.0,-1717040000.0,57763025000.0,309896036.0
INDIACEM,2022,48583013000.0,784626000.0,59470388000.0,309896036.0
INDIAGLYCO,2025,37682600000.0,2309245000.0,22558766000.0,67026765.0
INDIAGLYCO,2024,32939700000.0,1729931000.0,20510167000.0,67026765.0
INDIAGLYCO,2023,25770184000.0,1250844000.0,19014190000.0,67026765.0
INDIAGLYCO,2022,28132772000.0,3295845000.0,17918995000.0,67026765.0
INDIAMART,2025,13883440000.0,5506980000.0,21852900000.0,60056269.0
INDIAMART,2024,11967750000.0,3339530000.0,17361140000.0,60056269.0
INDIAMART,2023,9853990000.0,2838270000.0,20584920000.0,60056269.0
INDIAMART,2022,7534850000.0,2976180000.0,18740530000.0,60056269.0
INDIANB,2025,352229300000.0,112614700000.0,715129100000.0,1346963981.0
INDIANB,2024,318928300000.0,84194100000.0,602482000000.0,1346963981.0
INDIANB,2023,280722000000.0,55723100000.0,495068200000.0,1346963981.0
INDIANB,2022,241358500000.0,41418100000.0,449519300000.0,1346963981.0
INDIANCARD,2025,397220000.0,918688000.0,3382547000.0,5941120.0
INDIANCARD,2024,468847000.0,79659000.0,2462492000.0,5941120.0
INDIANCARD,2023,597995000.0,36620000.0,2384753000.0,5941120.0
INDIANCARD,2022,619351000.0,1909261000.0,2624549000.0,5941120.0
INDIANHUME,2025,14877782000.0,5580524000.0,13766673000.0,52681770.0
INDIANHUME,2024,13828779000.0,776278000.0,8292580000.0,52681770.0
INDIANHUME,2023,15406477000.0,557031000.0,6953197000.0,52681770.0
INDIANHUME,2022,15162388000.0,577901000.0,6502169000.0,52681770.0
INDIASHLTR,2025,9992872000.0,3778734000.0,27087354000.0,108778699.0
INDIASHLTR,2024,6819552000.0,2475976000.0,22986657000.0,108778699.0
INDIASHLTR,2023,4966287000.0,1553421000.0,12405267000.0,108778699.0
INDIASHLTR,2022,3713740000.0,1284470000.0,10761270000.0,108778699.0
INDIGO,2025,776186000000.0,72584000000.0,93682000000.0,386646998.0
INDIGO,2024,673868000000.0,81725000000.0,19965000000.0,386646998.0
INDIGO,2023,536076670000.0,-3057890000.0,-62465160000.0,386646998.0
INDIGO,2022,259309270000.0,-61618450000.0,-59880620000.0,386646998.0
INDIGOPNTS,2025,13344572000.0,1417589000.0,10305794000.0,47675662.0
INDIGOPNTS,2024,13003816000.0,1473189000.0,9021363000.0,47675662.0
INDIGOPNTS,2023,10683276000.0,1319394000.0,7761275000.0,47675662.0
INDIGOPNTS,2022,9012695000.0,840480000.0,6498584000.0,47675662.0
INDIQUBE,2025,10592860000.0,-1396170000.0,-102800000.0,211997634.0
INDIQUBE,2024,8305730000.0,-3415080000.0,1296230000.0,211997634.0
INDIQUBE,2023,5797380000.0,-1981090000.0,-3081010000.0,211997634.0
INDIQUBE,2022,3441110000.0,-1883790000.0,-1385350000.0,211997634.0
INDNIPPON,2025,8319400000.0,822800000.0,7111800000.0,22621424.0
INDNIPPON,2024,7167000000.0,593000000.0,6232500000.0,22621424.0
INDNIPPON,2023,6462100000.0,482300000.0,5603300000.0,22621424.0
INDNIPPON,2022,5572800000.0,502500000.0,5051700000.0,22621424.0
INDOAMIN,2025,10786786000.0,552489000.0,3169892000.0,72587560.0
INDOAMIN,2024,9434575000.0,427458000.0,2646765000.0,72587560.0
INDOAMIN,2023,9412422000.0,408766000.0,2253700000.0,72587560.0
INDOAMIN,2022,7790952000.0,230475000.0,1874949000.0,72587560.0
INDOBORAX,2025,1752611000.0,425053000.0,3354331000.0,32090000.0
INDOBORAX,2024,1913030000.0,389776000.0,2934098000.0,32090000.0
INDOBORAX,2023,2250793000.0,506940000.0,2550519000.0,32090000.0
INDOBORAX,2022,1757189000.0,363715000.0,2071537000.0,32090000.0
INDOCO,2025,16412869000.0,-737369000.0,10219964000.0,92161805.0
INDOCO,2024,17882155000.0,984601000.0,11099001000.0,92161805.0
INDOCO,2023,16400480000.0,1422515000.0,10282516000.0,92161805.0
INDOCO,2022,15037374000.0,1547995000.0,9046401000.0,92161805.0
INDOFARM,2025,3865742000.0,235468000.0,5313471000.0,48051600.0
INDOFARM,2024,3746875000.0,154028000.0,3170624000.0,48051600.0
INDOFARM,2023,3702300000.0,153720000.0,2903740000.0,48051600.0
INDOFARM,2022,3516130000.0,137190000.0,2748030000.0,48051600.0
INDORAMA,2025,40530900000.0,14000000.0,3682100000.0,261113151.0
INDORAMA,2024,36961000000.0,-2034400000.0,3681000000.0,261113151.0
INDORAMA,2023,39073100000.0,-245600000.0,5726600000.0,261113151.0
INDORAMA,2022,39061900000.0,2690600000.0,6002100000.0,261113151.0
INDOSTAR,2025,12723961000.0,524834000.0,36354232000.0,161537266.0
INDOSTAR,2024,9255823000.0,702018000.0,32352180000.0,161537266.0
INDOSTAR,2023,10857339000.0,2251466000.0,31115871000.0,161537266.0
INDOSTAR,2022,10937709000.0,-7365123000.0,29290807000.0,161537266.0
INDOTECH,2025,6055201000.0,638816000.0,2807525000.0,10620000.0
INDOTECH,2024,4979104000.0,468602000.0,2171592000.0,10620000.0
INDOTECH,2023,3677023000.0,257018000.0,1709037000.0,10620000.0
INDOTECH,2022,2777451000.0,121895000.0,1451220000.0,10620000.0
INDOTHAI,2025,149155000.0,82454000.0,1792905000.0,128018190.0
INDOTHAI,2024,239677000.0,159797000.0,729880000.0,128018190.0
INDOTHAI,2023,55823000.0,-64838000.0,585425000.0,128018190.0
INDOTHAI,2022,50555000.0,99281000.0,642564000.0,128018190.0
INDOUS,2025,1038384012.0,162674252.0,785184751.0,20052000.0
INDOUS,2024,728362968.0,82405520.0,627471898.0,20052000.0
INDOUS,2023,617447518.0,72403580.0,544958082.0,20052000.0
INDOUS,2022,500586025.0,50632540.0,385068009.0,20052000.0
INDOWIND,2025,335125000.0,12662000.0,2789059000.0,161002170.0
INDOWIND,2024,388091000.0,72689000.0,2371642000.0,161002170.0
INDOWIND,2023,339559000.0,-192594000.0,2301050000.0,161002170.0
INDOWIND,2022,245556000.0,1274000.0,2303326000.0,161002170.0
INDRAMEDCO,2025,13069500000.0,1609900000.0,5966800000.0,91673000.0
INDRAMEDCO,2024,12040600000.0,1239600000.0,4777600000.0,91673000.0
INDRAMEDCO,2023,10649500000.0,861500000.0,3794500000.0,91673000.0
INDRAMEDCO,2022,8621400000.0,586200000.0,3254400000.0,91673000.0
INDSWFTLAB,2025,5617125000.0,2504766000.0,11729997000.0,86711558.0
INDSWFTLAB,2024,17091499000.0,5387502000.0,8120840000.0,86711558.0
INDSWFTLAB,2023,12073100000.0,475966000.0,6819307000.0,86711558.0
INDSWFTLAB,2022,10387336000.0,-21490000.0,6009723000.0,86711558.0
INDTERRAIN,2025,3406000000.0,-426600000.0,1828200000.0,50668427.0
INDTERRAIN,2024,4560100000.0,-149300000.0,1968800000.0,50668427.0
INDTERRAIN,2023,5008000000.0,70900000.0,2115400000.0,50668427.0
INDTERRAIN,2022,3363000000.0,-22000000.0,1965300000.0,50668427.0
INDUSINDBK,2025,264968474000.0,25755400000.0,648356868000.0,779106092.0
INDUSINDBK,2024,294653778000.0,89773000000.0,632075634000.0,779106092.0
INDUSINDBK,2023,254676829000.0,74434978000.0,550046134000.0,779106092.0
INDUSINDBK,2022,220432085000.0,48050380000.0,480263842000.0,779106092.0
INDUSTOWER,2025,301228000000.0,99317000000.0,324983000000.0,2637153391.0
INDUSTOWER,2024,286006000000.0,60362000000.0,270388000000.0,2637153391.0
INDUSTOWER,2023,283818000000.0,20400000000.0,211095000000.0,2637153391.0
INDUSTOWER,2022,277172000000.0,63731000000.0,221505000000.0,2637153391.0
INFOBEAN,2025,3947800000.0,379700000.0,3322300000.0,96959440.0
INFOBEAN,2024,3685200000.0,224700000.0,2957900000.0,96959440.0
INFOBEAN,2023,3853200000.0,359600000.0,2715400000.0,96959440.0
INFOBEAN,2022,2714100000.0,549800000.0,2317700000.0,96959440.0
INFOMEDIA,2025,0.0,-29157000.0,-582177000.0,50194172.0
INFOMEDIA,2024,0.0,-28048000.0,-544847000.0,50194172.0
INFOMEDIA,2023,0.0,-24623000.0,-506109000.0,50194172.0
INFOMEDIA,2022,0.0,-23484000.0,-471468000.0,50194172.0
INFY,2025,19277000000.0,3158000000.0,11205000000.0,4046638943.0
INFY,2024,18562000000.0,3167000000.0,10559000000.0,4046638943.0
INFY,2023,18212000000.0,2981000000.0,9172000000.0,4046638943.0
INFY,2022,16311000000.0,2963000000.0,9941000000.0,4046638943.0
INGERRAND,2025,13180448000.0,2675224000.0,6093405000.0,31568000.0
INGERRAND,2024,11796593000.0,2223871000.0,5802720000.0,31568000.0
INGERRAND,2023,11307824000.0,1826380000.0,5780332000.0,31568000.0
INGERRAND,2022,8969054000.0,1101443000.0,5518864000.0,31568000.0
INNOVACAP,2025,12344230000.0,1282580000.0,9594170000.0,57224929.0
INNOVACAP,2024,10769590000.0,943450000.0,8308940000.0,57224929.0
INNOVACAP,2023,9253980000.0,679540000.0,2765060000.0,57224929.0
INNOVACAP,2022,7997740000.0,639530000.0,2086060000.0,57224929.0
INNOVANA,2025,1034797000.0,441403000.0,2054504000.0,20660000.0
INNOVANA,2024,1008055000.0,409568000.0,1633120000.0,20660000.0
INNOVANA,2023,791855000.0,269010000.0,1112043000.0,20660000.0
INNOVANA,2022,575830950.0,207865870.0,861301560.0,20660000.0
INNOVISION,2025,8931310000.0,293320000.0,822850000.0,23813294.0
INNOVISION,2024,5103260000.0,103720000.0,524480000.0,23813294.0
INNOVISION,2023,2555650000.0,88810000.0,402550000.0,23813294.0
INOXGREEN,2025,2286661000.0,172356000.0,19671412000.0,401492045.0
INOXGREEN,2024,1923544000.0,300343000.0,13450282000.0,401492045.0
INOXGREEN,2023,1975755000.0,-454564000.0,10856355000.0,401492045.0
INOXGREEN,2022,1577328000.0,-49510000.0,8066246000.0,401492045.0
INOXINDIA,2025,12798281000.0,2260286000.0,8736926000.0,90763500.0
INOXINDIA,2024,11060295000.0,1960013000.0,6490677000.0,90763500.0
INOXINDIA,2023,9385748000.0,1547381000.0,5494828000.0,90763500.0
INOXINDIA,2022,7580440000.0,1304980000.0,5022840000.0,90763500.0
INOXWIND,2025,35071075000.0,4456475000.0,50467440000.0,1728237822.0
INOXWIND,2024,16594531000.0,-335217000.0,28084161000.0,1728237822.0
INOXWIND,2023,7307814000.0,-6512854000.0,17130583000.0,1728237822.0
INOXWIND,2022,6246200000.0,-4802000000.0,18284950000.0,1728237822.0
INSECTICID,2025,19943348000.0,1420186000.0,10845941000.0,29097837.0
INSECTICID,2024,19563839000.0,1020745000.0,10117167000.0,29097837.0
INSECTICID,2023,17973018000.0,632112000.0,9182897000.0,29097837.0
INSECTICID,2022,14982422000.0,1074282000.0,8696112000.0,29097837.0
INSPIRISYS,2025,3878500000.0,264300000.0,585300000.0,39616873.0
INSPIRISYS,2024,4901600000.0,163700000.0,292900000.0,39616873.0
INSPIRISYS,2023,3702200000.0,163500000.0,-83700000.0,39616873.0
INSPIRISYS,2022,3414800000.0,-133400000.0,7900000.0,39616873.0
INTELLECT,2025,25000040000.0,3327720000.0,27858310000.0,138734732.0
INTELLECT,2024,25064430000.0,3211880000.0,24388530000.0,138734732.0
INTELLECT,2023,22312520000.0,2672270000.0,20577040000.0,138734732.0
INTELLECT,2022,18781860000.0,3490820000.0,18087470000.0,138734732.0
INTENTECH,2025,1497964000.0,163231000.0,1412198000.0,23376353.0
INTENTECH,2024,1144873000.0,156363000.0,1289294000.0,23376353.0
INTENTECH,2023,905967000.0,137488000.0,1125397000.0,23376353.0
INTENTECH,2022,829999000.0,190716000.0,972482000.0,23376353.0
INTERARCH,2025,14360841000.0,1078289000.0,7514193000.0,16771853.0
INTERARCH,2024,12760831000.0,862620000.0,4446246000.0,16771853.0
INTERARCH,2023,11065710000.0,814630000.0,3992790000.0,16771853.0
INTERARCH,2022,8150980000.0,171330000.0,3183190000.0,16771853.0
INTLCONV,2025,1512628000.0,917048000.0,3618000000.0,63781000.0
INTLCONV,2024,1335153000.0,623930000.0,2729536000.0,63781000.0
INTLCONV,2023,2143413000.0,287252000.0,2149793000.0,63781000.0
INTLCONV,2022,2006571000.0,161776000.0,2162807000.0,63781000.0
INVENTURE,2025,442837000.0,20696000.0,2726743000.0,1050000000.0
INVENTURE,2024,511971000.0,119745000.0,2215560000.0,1050000000.0
INVENTURE,2023,292765000.0,92625000.0,2087639000.0,1050000000.0
INVENTURE,2022,375795000.0,139529000.0,1994497000.0,1050000000.0
IOB,2025,165040363000.0,33955037000.0,322333481000.0,19256589795.0
IOB,2024,155022553000.0,26656601000.0,275614491000.0,19256589795.0
IOB,2023,123755456000.0,21039896000.0,248760396000.0,19256589795.0
IOB,2022,112204886000.0,17092745000.0,225977516000.0,19256589795.0
IOC,2025,7545679400000.0,135978400000.0,1864873200000.0,14121238383.0
IOC,2024,7728420600000.0,417296900000.0,1834162700000.0,14121238383.0
IOC,2023,8275473300000.0,97921200000.0,1397202400000.0,14121238383.0
IOC,2022,5860328500000.0,251022300000.0,1335351800000.0,14121238383.0
IOLCP,2025,20681900000.0,1010700000.0,16876600000.0,293527510.0
IOLCP,2024,21189600000.0,1344300000.0,16115100000.0,293527510.0
IOLCP,2023,22016900000.0,1391400000.0,15077200000.0,293527510.0
IOLCP,2022,21683700000.0,1676700000.0,13924800000.0,293527510.0
IONEXCHANG,2025,27159979000.0,2078166000.0,12078748000.0,122930450.0
IONEXCHANG,2024,23378702000.0,1960182000.0,10179067000.0,122930450.0
IONEXCHANG,2023,19785984000.0,1967418000.0,8334911000.0,122930450.0
IONEXCHANG,2022,15650127000.0,1627746000.0,6556609000.0,122930450.0
IPCALAB,2025,88546000000.0,7376800000.0,69484500000.0,253704218.0
IPCALAB,2024,76224100000.0,5473500000.0,63321900000.0,253704218.0
IPCALAB,2023,62068500000.0,4713200000.0,58420200000.0,253704218.0
IPCALAB,2022,57664600000.0,8840800000.0,54638100000.0,253704218.0
IPL,2025,8267700000.0,821800000.0,8984000000.0,115163508.0
IPL,2024,6785500000.0,601700000.0,8249100000.0,115163508.0
IPL,2023,8818500000.0,1432400000.0,7731700000.0,115163508.0
IPL,2022,7091660000.0,1579520000.0,6379230000.0,115163508.0
IRB,2025,70518040000.0,64806840000.0,198265790000.0,12078000000.0
IRB,2024,73624540000.0,6058160000.0,137445050000.0,12078000000.0
IRB,2023,63246440000.0,7200110000.0,133788990000.0,12078000000.0
IRB,2022,56891120000.0,3613970000.0,125656410000.0,12078000000.0
IRCON,2025,105398000000.0,7274100000.0,63263500000.0,940515740.0
IRCON,2024,123011000000.0,9295700000.0,58709200000.0,940515740.0
IRCON,2023,103472800000.0,7652300000.0,52114900000.0,940515740.0
IRCON,2022,73574500000.0,5923400000.0,46656200000.0,940515740.0
IRCTC,2025,46742742000.0,13149023000.0,36633649000.0,800000000.0
IRCTC,2024,42597961000.0,11110773000.0,32297884000.0,800000000.0
IRCTC,2023,35407641000.0,10058811000.0,24784041000.0,800000000.0
IRCTC,2022,18782402000.0,6595529000.0,18703136000.0,800000000.0
IREDA,2025,66186200000.0,16983400000.0,102665400000.0,2809231268.0
IREDA,2024,48381000000.0,12522400000.0,85594200000.0,2809231268.0
IREDA,2023,33428679000.0,8646283000.0,59351694000.0,2809231268.0
IREDA,2022,27796810000.0,6335280000.0,52681140000.0,2809231268.0
IRFC,2025,270645500000.0,65020000000.0,526678500000.0,13068506000.0
IRFC,2024,265304200000.0,64121100000.0,491785700000.0,13068506000.0
IRFC,2023,236506980000.0,61671560000.0,446801810000.0,13068506000.0
IRFC,2022,202802790000.0,60898360000.0,403760610000.0,13068506000.0
IRIS,2025,1259678000.0,130264000.0,756892000.0,20568247.0
IRIS,2024,1022966000.0,86935000.0,409561000.0,20568247.0
IRIS,2023,735712000.0,42720000.0,315414000.0,20568247.0
IRIS,2022,612723000.0,9980000.0,272619000.0,20568247.0
IRISDOREME,2025,1453400000.0,131223000.0,822839000.0,170678410.0
IRISDOREME,2024,1210628000.0,122119000.0,691616000.0,170678410.0
IRISDOREME,2023,1125699000.0,82589000.0,569497000.0,170678410.0
IRISDOREME,2022,1109314000.0,101470000.0,486907000.0,170678410.0
IRMENERGY,2025,9718510000.0,452040000.0,9404870000.0,41059677.0
IRMENERGY,2024,8897130000.0,856670000.0,9106560000.0,41059677.0
IRMENERGY,2023,9793720000.0,631460000.0,3253170000.0,41059677.0
IRMENERGY,2022,5062780000.0,1280280000.0,2226150000.0,41059677.0
ISFT,2025,5071937000.0,126850000.0,2284948000.0,16311678.0
ISFT,2024,4854654000.0,98000000.0,2113600000.0,16311678.0
ISFT,2023,4569404000.0,84120000.0,1785141000.0,16311678.0
ISFT,2022,4216601000.0,128228000.0,1666489000.0,16311678.0
ISGEC,2025,63697844000.0,3409725000.0,27387741000.0,73529510.0
ISGEC,2024,61659677000.0,2731581000.0,25225628000.0,73529510.0
ISGEC,2023,63055585000.0,1964905000.0,23043161000.0,73529510.0
ISGEC,2022,54993400000.0,1088200000.0,21209290000.0,73529510.0
ISHANCH,2025,1014696000.0,10850000.0,1038685000.0,27304397.0
ISHANCH,2024,766689000.0,1173000.0,1028109000.0,27304397.0
ISHANCH,2023,647081000.0,-12018000.0,1027705000.0,27304397.0
ISHANCH,2022,874049000.0,101107000.0,856388000.0,27304397.0
ITC,2025,746533200000.0,197306200000.0,700300500000.0,12529468231.0
ITC,2024,673910400000.0,198982400000.0,745070000000.0,12529468231.0
ITC,2023,702452200000.0,191916600000.0,691552600000.0,12529468231.0
ITC,2022,600813600000.0,152426600000.0,624555700000.0,12529468231.0
ITCHOTELS,2025,35258600000.0,6345700000.0,106921700000.0,2082976309.0
ITDC,2025,5703973000.0,813516000.0,3637839000.0,85769400.0
ITDC,2024,5044238000.0,654845000.0,3059405000.0,85769400.0
ITDC,2023,4608200000.0,552552000.0,3380021000.0,85769400.0
ITDC,2022,2943241000.0,44761000.0,2833173000.0,85769400.0
ITI,2025,36164200000.0,-2148900000.0,16245800000.0,962851967.0
ITI,2024,12636300000.0,-5689200000.0,17843767000.0,962851967.0
ITI,2023,13954253000.0,-3598537000.0,23744674000.0,962851967.0
ITI,2022,18607313000.0,1187115000.0,26079774000.0,962851967.0
IVALUE,2025,9226800000.0,855790000.0,4625620000.0,54630380.0
IVALUE,2024,7802300000.0,710280000.0,3704360000.0,54630380.0
IVALUE,2023,7968250000.0,599910000.0,2994250000.0,54630380.0
IVALUE,2022,5010640000.0,372330000.0,1109610000.0,54630380.0
IVC,2025,290757000.0,131464000.0,2051220000.0,314032740.0
IVC,2024,519239000.0,101095000.0,2023917000.0,314032740.0
IVC,2023,644457000.0,119780000.0,2164176000.0,314032740.0
IVC,2022,416542000.0,77898000.0,2107248000.0,314032740.0
IVP,2025,5383200000.0,113100000.0,1393300000.0,10326263.0
IVP,2024,5452600000.0,122800000.0,1296200000.0,10326263.0
IVP,2023,6595700000.0,280200000.0,1186800000.0,10326263.0
IVP,2022,5556400000.0,176300000.0,917100000.0,10326263.0
IXIGO,2025,9142460000.0,601820000.0,6336220000.0,438183527.0
IXIGO,2024,6558730000.0,757970000.0,4460010000.0,438183527.0
IXIGO,2023,5012500000.0,216380000.0,3737640000.0,438183527.0
IXIGO,2022,3795800000.0,-243820000.0,3426860000.0,438183527.0
IZMO,2025,2246101000.0,488803000.0,3591472000.0,14962576.0
IZMO,2024,1867483000.0,260506000.0,3064525000.0,14962576.0
IZMO,2023,1538270000.0,200164000.0,2729104000.0,14962576.0
IZMO,2022,1324311806.0,160378281.0,2523106394.0,14962576.0
J&KBANK,2025,70360383000.0,20817862000.0,142083107000.0,1101182463.0
J&KBANK,2024,59659983000.0,17712245000.0,121927260000.0,1101182463.0
J&KBANK,2023,54263786000.0,11805170000.0,98963252000.0,1101182463.0
J&KBANK,2022,46650400000.0,4948500000.0,80771162000.0,1101182463.0
JAGRAN,2025,18554093000.0,1309269000.0,19471271000.0,217654272.0
JAGRAN,2024,18977106000.0,1837371000.0,19281729000.0,217654272.0
JAGRAN,2023,18215542000.0,1998401000.0,17472990000.0,217654272.0
JAGRAN,2022,16159511000.0,2224772000.0,21374244000.0,217654272.0
JAGSNPHARM,2025,2687160000.0,553611000.0,2399500000.0,66962250.0
JAGSNPHARM,2024,2087020000.0,224630000.0,1874020000.0,66962250.0
JAGSNPHARM,2023,2367140000.0,267210000.0,1588900000.0,66962250.0
JAGSNPHARM,2022,2175840000.0,188550000.0,1327590000.0,66962250.0
JAIBALAJI,2025,63508000000.0,5578800000.0,21248400000.0,912251430.0
JAIBALAJI,2024,62888700000.0,8795600000.0,15041200000.0,912251430.0
JAIBALAJI,2023,60383100000.0,578244000.0,5560775000.0,912251430.0
JAIBALAJI,2022,45977072000.0,480655000.0,-16628365000.0,912251430.0
JAICORPLTD,2025,5176956000.0,668961000.0,14055551000.0,175504995.0
JAICORPLTD,2024,4629953000.0,528998000.0,14861402000.0,175504995.0
JAICORPLTD,2023,5943262000.0,-135930000.0,14318207000.0,175504995.0
JAICORPLTD,2022,7200871000.0,515828000.0,14506499000.0,175504995.0
JAINREC,2025,70653460000.0,2243360000.0,7260650000.0,345085814.0
JAINREC,2024,44139670000.0,1638270000.0,3691600000.0,345085814.0
JAINREC,2023,30602410000.0,918190000.0,1990880000.0,345085814.0
JAINREC,2022,28320280000.0,868000000.0,1072750000.0,345085814.0
JAIPURKURT,2025,696413000.0,37109000.0,522749000.0,17261606.0
JAIPURKURT,2024,451132000.0,5555000.0,298670000.0,17261606.0
JAIPURKURT,2023,488819000.0,1098000.0,289927000.0,17261606.0
JAIPURKURT,2022,626788000.0,4978000.0,157930000.0,17261606.0
JAMNAAUTO,2025,22239518000.0,1803195000.0,9931652000.0,399786635.0
JAMNAAUTO,2024,23717633000.0,2054144000.0,9031837000.0,399786635.0
JAMNAAUTO,2023,22718712000.0,1683678000.0,7842734000.0,399786635.0
JAMNAAUTO,2022,16823496000.0,1408042000.0,6846807000.0,399786635.0
JARO,2025,2522630000.0,516660000.0,1715470000.0,22178691.0
JARO,2024,1990450000.0,380230000.0,1174320000.0,22178691.0
JARO,2023,1221450000.0,114220000.0,778450000.0,22178691.0
JARO,2022,846080000.0,331800000.0,626030000.0,22178691.0
JASH,2025,7252170000.0,876952000.0,4330140000.0,63193720.0
JASH,2024,5083512000.0,667692000.0,3512106000.0,63193720.0
JASH,2023,3949516000.0,517012000.0,2387254000.0,63193720.0
JASH,2022,3567592000.0,321782000.0,1866694000.0,63193720.0
JAYAGROGN,2025,24972019000.0,549138000.0,5768657000.0,30000000.0
JAYAGROGN,2024,21181761000.0,513440000.0,5420107000.0,30000000.0
JAYAGROGN,2023,27412196000.0,493461000.0,5073080000.0,30000000.0
JAYAGROGN,2022,25449121000.0,885815000.0,4663690000.0,30000000.0
JAYBARMARU,2025,21044807000.0,329127000.0,5626167000.0,108250000.0
JAYBARMARU,2024,21118579000.0,322124000.0,5386996000.0,108250000.0
JAYBARMARU,2023,21461463000.0,379042000.0,5080917000.0,108250000.0
JAYBARMARU,2022,19202971000.0,281448000.0,4742715000.0,108250000.0
JAYKAY,2025,806398000.0,70162000.0,4588594000.0,130287066.0
JAYKAY,2024,526619000.0,85946000.0,1792213000.0,130287066.0
JAYKAY,2023,469553000.0,70839000.0,1459554000.0,130287066.0
JAYKAY,2022,107015000.0,170026000.0,1173234000.0,130287066.0
JAYNECOIND,2025,59849517000.0,1126786000.0,23755695000.0,970998244.0
JAYNECOIND,2024,59260652000.0,2099828000.0,22632917000.0,970998244.0
JAYNECOIND,2023,63319874000.0,2268737000.0,20578163000.0,970998244.0
JAYNECOIND,2022,59550478000.0,22472856000.0,18333932000.0,970998244.0
JAYSREETEA,2025,8098052000.0,781306000.0,4191018000.0,28877488.0
JAYSREETEA,2024,7047951000.0,142030000.0,2907391000.0,28877488.0
JAYSREETEA,2023,8125900000.0,-447200000.0,2214285000.0,28877488.0
JAYSREETEA,2022,6502126000.0,237642000.0,2747262000.0,28877488.0
JBCHEPHARM,2025,38620423000.0,6595818000.0,34333151000.0,160558706.0
JBCHEPHARM,2024,34476710000.0,5526278000.0,29233293000.0,160558706.0
JBCHEPHARM,2023,31165056000.0,4098355000.0,24803522000.0,160558706.0
JBCHEPHARM,2022,24242400000.0,3853600000.0,21341230000.0,160558706.0
JBMA,2025,51959271000.0,2019115000.0,13506432000.0,236494264.0
JBMA,2024,47231860000.0,1788265000.0,11676715000.0,236494264.0
JBMA,2023,35288614000.0,1243834000.0,10297596000.0,236494264.0
JBMA,2022,29461965000.0,1561908000.0,8962139000.0,236494264.0
JETFREIGHT,2025,4437557000.0,37505000.0,644548000.0,46403784.0
JETFREIGHT,2024,4012522000.0,1690000.0,608464000.0,46403784.0
JETFREIGHT,2023,4266433000.0,-4126000.0,640948000.0,46403784.0
JETFREIGHT,2022,4615053000.0,29743000.0,264705000.0,46403784.0
JGCHEM,2025,8476610000.0,640150000.0,4647510000.0,39186063.0
JGCHEM,2024,6676710000.0,308560000.0,3983940000.0,39186063.0
JGCHEM,2023,7845520000.0,549430000.0,2076550000.0,39186063.0
JGCHEM,2022,6120820000.0,400050000.0,1526180000.0,39186063.0
JHS,2025,912638000.0,-197443000.0,1727272000.0,87405767.0
JHS,2024,698058000.0,-40577000.0,1698840000.0,87405767.0
JHS,2023,840824000.0,-175171000.0,1738406000.0,87405767.0
JHS,2022,854914000.0,-40520000.0,1859021000.0,87405767.0
JINDALPHOT,2025,4950000.0,2259447000.0,9682968000.0,10258326.0
JINDALPHOT,2024,174000.0,2655490000.0,22605796000.0,10258326.0
JINDALPHOT,2023,100000.0,1671648000.0,19924681000.0,10258326.0
JINDALPHOT,2022,472000.0,6337142000.0,18247323000.0,10258326.0
JINDALPOLY,2025,52377007000.0,1150105000.0,41182462000.0,43786413.0
JINDALPOLY,2024,38219310000.0,714967000.0,39944543000.0,43786413.0
JINDALPOLY,2023,46327417000.0,3189898000.0,42075091000.0,43786413.0
JINDALPOLY,2022,58612558000.0,11962342000.0,38332446000.0,43786413.0
JINDALSAW,2025,200396241000.0,17383664000.0,114109594000.0,637165587.0
JINDALSAW,2024,200922097000.0,16770326000.0,100933292000.0,637165587.0
JINDALSAW,2023,170929070000.0,6439469000.0,79209176000.0,637165587.0
JINDALSAW,2022,126919977000.0,4117491000.0,73641829000.0,637165587.0
JINDALSTEL,2025,412827800000.0,28121300000.0,471848800000.0,1017488097.0
JINDALSTEL,2024,419230000000.0,59384200000.0,443160100000.0,1017488097.0
JINDALSTEL,2023,663203900000.0,31932100000.0,387065500000.0,1017488097.0
JINDALSTEL,2022,639713500000.0,82483100000.0,356246800000.0,1017488097.0
JINDRILL,2025,8279545000.0,2159014000.0,15882035000.0,28981104.0
JINDRILL,2024,6170061000.0,511407000.0,13622079000.0,28981104.0
JINDRILL,2023,5121729000.0,968849000.0,13092741000.0,28981104.0
JINDRILL,2022,4198588000.0,644658000.0,11941445000.0,28981104.0
JINDWORLD,2025,22689977000.0,758691000.0,7901411000.0,1002602000.0
JINDWORLD,2024,18043224000.0,756479000.0,7190725000.0,1002602000.0
JINDWORLD,2023,20407646000.0,1157167000.0,6499779000.0,1002602000.0
JINDWORLD,2022,25334939000.0,1091976000.0,5356825000.0,1002602000.0
JIOFIN,2025,13473900000.0,16125900000.0,1234964700000.0,6353141623.0
JIOFIN,2024,11706000000.0,16045500000.0,1391476600000.0,6353141623.0
JIOFIN,2023,211900000.0,312500000.0,1141203400000.0,6353141623.0
JIOFIN,2022,15438000.0,16804000.0,222803000.0,6353141623.0
JISLDVREQS,2025,56770440000.0,335340000.0,56201680000.0,19294304.0
JISLDVREQS,2024,60497340000.0,934530000.0,54416290000.0,19294304.0
JISLDVREQS,2023,56645520000.0,-1250140000.0,51811430000.0,19294304.0
JISLDVREQS,2022,46514460000.0,1300990000.0,36559800000.0,19294304.0
JISLJALEQS,2025,56770440000.0,335340000.0,56201680000.0,714206247.0
JISLJALEQS,2024,60497340000.0,934530000.0,54416290000.0,714206247.0
JISLJALEQS,2023,56645520000.0,-1250140000.0,51811430000.0,714206247.0
JISLJALEQS,2022,46514460000.0,1300990000.0,36559800000.0,714206247.0
JITFINFRA,2025,22418392000.0,-1168233000.0,-5107830000.0,25703706.0
JITFINFRA,2024,25143266000.0,-83837000.0,-5554921000.0,25703706.0
JITFINFRA,2023,15791271000.0,-1276632000.0,-8911806000.0,25703706.0
JITFINFRA,2022,12219676000.0,-1438537000.0,-7662215000.0,25703706.0
JKCEMENT,2025,114934100000.0,8611200000.0,60889800000.0,77268251.0
JKCEMENT,2024,112025500000.0,7908300000.0,53671400000.0,77268251.0
JKCEMENT,2023,95037300000.0,4235700000.0,46840000000.0,77268251.0
JKCEMENT,2022,78402394000.0,6871193000.0,43248914000.0,77268251.0
JKIL,2025,56934878000.0,3912072000.0,30076858000.0,75665506.0
JKIL,2024,48792046000.0,3307693000.0,26440929000.0,75665506.0
JKIL,2023,42031434000.0,2743914000.0,23397284000.0,75665506.0
JKIL,2022,35272000000.0,2058765000.0,20866496000.0,75665506.0
JKIPL,2025,3795000000.0,182912000.0,861896000.0,38386000.0
JKIPL,2024,2370822000.0,186445000.0,430694000.0,38386000.0
JKIPL,2023,2298097000.0,101174000.0,245012000.0,38386000.0
JKLAKSHMI,2025,61562400000.0,2768300000.0,35535800000.0,124144426.0
JKLAKSHMI,2024,67879800000.0,4879200000.0,32848000000.0,124144426.0
JKLAKSHMI,2023,64512000000.0,3586200000.0,28038600000.0,124144426.0
JKLAKSHMI,2022,54176300000.0,4635600000.0,25051500000.0,124144426.0
JKPAPER,2025,65761600000.0,4098200000.0,54073000000.0,181318771.0
JKPAPER,2024,65948900000.0,11217700000.0,50695000000.0,181318771.0
JKPAPER,2023,64096600000.0,11957900000.0,40340000000.0,181318771.0
JKPAPER,2022,38777000000.0,5426000000.0,29960400000.0,181318771.0
JKTYRE,2025,145429700000.0,4950400000.0,48503800000.0,288289511.0
JKTYRE,2024,148694200000.0,7862300000.0,44867100000.0,288289511.0
JKTYRE,2023,145200300000.0,2624800000.0,33961600000.0,288289511.0
JKTYRE,2022,118529000000.0,2100200000.0,28483100000.0,288289511.0
JLHL,2025,12557870000.0,1935000000.0,13562420000.0,65566022.0
JLHL,2024,10695000000.0,1766120000.0,11690380000.0,65566022.0
JLHL,2023,8925430000.0,729050000.0,3656850000.0,65566022.0
JLHL,2022,7331230000.0,511280000.0,2935540000.0,65566022.0
JMA,2025,5552660000.0,257474000.0,2487170000.0,22841054.0
JMA,2024,5320890000.0,255966000.0,2275371000.0,22841054.0
JMA,2023,5016913000.0,270123000.0,2049690000.0,22841054.0
JMA,2022,4364932000.0,242384000.0,1821587000.0,22841054.0
JMFINANCIL,2025,27223500000.0,8213100000.0,97278000000.0,956370552.0
JMFINANCIL,2024,26926900000.0,4098400000.0,84905000000.0,956370552.0
JMFINANCIL,2023,20685800000.0,5972900000.0,81362600000.0,956370552.0
JMFINANCIL,2022,26715600000.0,7731600000.0,76862100000.0,956370552.0
JNKINDIA,2025,4766450000.0,302040000.0,5043720000.0,55953915.0
JNKINDIA,2024,4804590000.0,626490000.0,1953560000.0,55953915.0
JNKINDIA,2023,4073020000.0,463620000.0,1221700000.0,55953915.0
JNKINDIA,2022,2963960000.0,359830000.0,721800000.0,55953915.0
JOCIL,2025,8648721000.0,10200000.0,2060815000.0,8881150.0
JOCIL,2024,7525538000.0,17273000.0,2105793000.0,8881150.0
JOCIL,2023,9191092000.0,99954000.0,2063974000.0,8881150.0
JOCIL,2022,7534434000.0,71267000.0,2036465000.0,8881150.0
JPOLYINVST,2025,6699000.0,2958424000.0,15244964000.0,10511929.0
JPOLYINVST,2024,2316000.0,2955738000.0,26523852000.0,10511929.0
JPOLYINVST,2023,30500049000.0,2810886000.0,23569936000.0,10511929.0
JPOLYINVST,2022,18887052000.0,7953979000.0,24558217000.0,10511929.0
JPPOWER,2025,54621600000.0,8135500000.0,84756700000.0,6853458827.0
JPPOWER,2024,67581100000.0,10219500000.0,76621000000.0,6853458827.0
JPPOWER,2023,57792500000.0,554200000.0,66400000000.0,6853458827.0
JPPOWER,2022,45963200000.0,1074800000.0,65838100000.0,6853458827.0
JSFB,2025,30498824000.0,5014187000.0,41183457000.0,105324557.0
JSFB,2024,26248622000.0,6695403000.0,35770988000.0,105324557.0
JSFB,2023,22152196000.0,2559713000.0,15272552000.0,105324557.0
JSFB,2022,16683960000.0,174710000.0,12007000000.0,105324557.0
JSL,2025,391905200000.0,25052000000.0,166879400000.0,823718921.0
JSL,2024,384143000000.0,27132100000.0,143579000000.0,823718921.0
JSL,2023,355740900000.0,21145000000.0,119311800000.0,823718921.0
JSL,2022,323793500000.0,30788200000.0,98230900000.0,823718921.0
JSLL,2025,4690719000.0,907289000.0,2730153000.0,124300730.0
JSLL,2024,3244089000.0,692063000.0,1922479000.0,124300730.0
JSLL,2023,2038963000.0,337444000.0,1257996000.0,124300730.0
JSLL,2022,1465544000.0,112324000.0,365152000.0,124300730.0
JSWCEMENT,2025,56950310000.0,-1140940000.0,23525540000.0,1338574738.0
JSWCEMENT,2024,58393560000.0,898070000.0,24646810000.0,1338574738.0
JSWCEMENT,2023,56803900000.0,1367800000.0,22921000000.0,1338574738.0
JSWENERGY,2025,114837900000.0,19508900000.0,273614300000.0,1756126626.0
JSWENERGY,2024,112651100000.0,17227100000.0,208317400000.0,1756126626.0
JSWENERGY,2023,99104700000.0,14777600000.0,186288100000.0,1756126626.0
JSWENERGY,2022,80023100000.0,17286200000.0,174149000000.0,1756126626.0
JSWHL,2025,2480899000.0,1958265000.0,313104493000.0,11098588.0
JSWHL,2024,1695608000.0,1555589000.0,254347837000.0,11098588.0
JSWHL,2023,4067648000.0,3314951000.0,194098997000.0,11098588.0
JSWHL,2022,1861421000.0,1516161000.0,199543418000.0,11098588.0
JSWINFRA,2025,44713200000.0,15030800000.0,96969000000.0,2084309264.0
JSWINFRA,2024,37629000000.0,11559100000.0,80263600000.0,2084309264.0
JSWINFRA,2023,31552300000.0,7398400000.0,39946200000.0,2084309264.0
JSWINFRA,2022,22473010000.0,3279460000.0,32721180000.0,2084309264.0
JSWSTEEL,2025,1665750000000.0,35040000000.0,794960000000.0,2440633358.0
JSWSTEEL,2024,1725880000000.0,88120000000.0,776690000000.0,2440633358.0
JSWSTEEL,2023,1636460000000.0,41440000000.0,656950000000.0,2440633358.0
JSWSTEEL,2022,1438290000000.0,206650000000.0,672970000000.0,2440633358.0
JTEKTINDIA,2025,23806911000.0,752631000.0,8798783000.0,277396890.0
JTEKTINDIA,2024,22280695000.0,1068643000.0,8216807000.0,277396890.0
JTEKTINDIA,2023,20251288000.0,871167000.0,7337190000.0,277396890.0
JTEKTINDIA,2022,15745386000.0,369053000.0,6318310000.0,277396890.0
JTLIND,2025,19163111000.0,988252000.0,12183067000.0,393081630.0
JTLIND,2024,20407481000.0,1130114000.0,7747581000.0,393081630.0
JTLIND,2023,15499188000.0,901278000.0,4071125000.0,393081630.0
JTLIND,2022,13539182000.0,610627000.0,1976726000.0,393081630.0
JUBLCPL,2025,15561590000.0,883060000.0,3255100000.0,15152493.0
JUBLCPL,2024,12508730000.0,306780000.0,2352720000.0,15152493.0
JUBLFOOD,2025,77061210000.0,2257170000.0,21027480000.0,657679950.0
JUBLFOOD,2024,55881490000.0,4000230000.0,21706420000.0,657679950.0
JUBLFOOD,2023,51382680000.0,3532010000.0,20377900000.0,657679950.0
JUBLFOOD,2022,43787250000.0,4203920000.0,19449690000.0,657679950.0
JUBLINGREA,2025,41236730000.0,2511820000.0,29270760000.0,158010885.0
JUBLINGREA,2024,41004450000.0,1828880000.0,27374740000.0,158010885.0
JUBLINGREA,2023,47404830000.0,3074970000.0,26662320000.0,158010885.0
JUBLINGREA,2022,49144320000.0,4767110000.0,24331220000.0,158010885.0
JUBLPHARMA,2025,71921000000.0,8394000000.0,62549000000.0,158369748.0
JUBLPHARMA,2024,66448000000.0,771000000.0,54339000000.0,158369748.0
JUBLPHARMA,2023,62193000000.0,-610000000.0,53993000000.0,158369748.0
JUBLPHARMA,2022,60591650000.0,4139360000.0,53185630000.0,158369748.0
JUNIPER,2025,9442725000.0,712856000.0,27266988000.0,222502384.0
JUNIPER,2024,8176628000.0,237957000.0,26552662000.0,222502384.0
JUNIPER,2023,6646127000.0,-14976000.0,3545070000.0,222502384.0
JUNIPER,2022,3010550000.0,-1880310000.0,3563670000.0,222502384.0
JUSTDIAL,2025,11419300000.0,5842000000.0,46065000000.0,85044657.0
JUSTDIAL,2024,10429100000.0,3628500000.0,40235800000.0,85044657.0
JUSTDIAL,2023,8447600000.0,1627200000.0,36670900000.0,85044657.0
JUSTDIAL,2022,6469500000.0,708300000.0,34861900000.0,85044657.0
JWL,2025,39336925000.0,3822590000.0,27543044000.0,427370389.0
JWL,2024,36237757000.0,3315582000.0,16161557000.0,427370389.0
JWL,2023,20506957000.0,1207873000.0,8033836000.0,427370389.0
JWL,2022,11652945000.0,496758000.0,6826930000.0,427370389.0
JYOTHYLAB,2025,28450700000.0,3704300000.0,20495100000.0,367214511.0
JYOTHYLAB,2024,27549700000.0,3694500000.0,18083100000.0,367214511.0
JYOTHYLAB,2023,24841800000.0,2397300000.0,15489900000.0,367214511.0
JYOTHYLAB,2022,21950990000.0,1619735000.0,14435654000.0,367214511.0
JYOTICNC,2025,18145600000.0,3160100000.0,16861500000.0,227423096.0
JYOTICNC,2024,13338600000.0,1508600000.0,13646300000.0,227423096.0
JYOTICNC,2023,9258820000.0,-54640000.0,820440000.0,227423096.0
JYOTICNC,2022,7453650000.0,-483000000.0,411540000.0,227423096.0
JYOTISTRUC,2025,4931400000.0,356100000.0,5623700000.0,1193659937.0
JYOTISTRUC,2024,4377700000.0,288600000.0,-255500000.0,1193659937.0
JYOTISTRUC,2023,2278331000.0,-40723000.0,253538000.0,1193659937.0
JYOTISTRUC,2022,43887000.0,-425274000.0,1518773000.0,1193659937.0
KABRAEXTRU,2025,4718540000.0,322020000.0,4623815000.0,34972836.0
KABRAEXTRU,2024,6015063000.0,338170000.0,4518778000.0,34972836.0
KABRAEXTRU,2023,6625989000.0,374981000.0,3834926000.0,34972836.0
KABRAEXTRU,2022,3989949000.0,302737000.0,3289194000.0,34972836.0
KAJARIACER,2025,46282600000.0,3426400000.0,27443400000.0,159272290.0
KAJARIACER,2024,44642500000.0,4334500000.0,26165400000.0,159272290.0
KAJARIACER,2023,43715100000.0,3445000000.0,23267800000.0,159272290.0
KAJARIACER,2022,36966500000.0,3769800000.0,21223800000.0,159272290.0
KAKATCEM,2025,892229000.0,-133053000.0,2090301000.0,7773858.0
KAKATCEM,2024,1559525000.0,-13445000.0,2252459000.0,7773858.0
KAKATCEM,2023,1541505000.0,-44647000.0,2287792000.0,7773858.0
KAKATCEM,2022,1544031000.0,193621000.0,2357054000.0,7773858.0
KALAMANDIR,2025,14620100000.0,853900000.0,11317700000.0,147349967.0
KALAMANDIR,2024,13735500000.0,1008700000.0,10629400000.0,147349967.0
KALAMANDIR,2023,13514700000.0,975900000.0,3973300000.0,147349967.0
KALAMANDIR,2022,11361190000.0,544100000.0,3160410000.0,147349967.0
KALPATARU,2024,16725740000.0,-1034450000.0,10188640000.0,205913993.0
KALPATARU,2023,34267900000.0,-2033760000.0,12152320000.0,205913993.0
KALPATARU,2022,8209940000.0,-1245560000.0,14249960000.0,205913993.0
KALYANI,2025,3862423587.84,23325379.31,199430297.76,1000000.0
KALYANI,2024,2769491041.56,23633244.76,175367434.45,1000000.0
KALYANI,2023,3300175000.0,31528000.0,153333000.0,1000000.0
KALYANI,2022,2286331286.63,24878445.67,121669358.78,1000000.0
KALYANIFRG,2025,2358291000.0,83148000.0,896872000.0,3638000.0
KALYANIFRG,2024,2360099000.0,45501000.0,820072000.0,3638000.0
KALYANIFRG,2023,2648123000.0,-1837000.0,777021000.0,3638000.0
KALYANIFRG,2022,2458617000.0,31326000.0,1029384000.0,3638000.0
KALYANKJIL,2025,249455110000.0,7148000000.0,48035780000.0,1032740207.0
KALYANKJIL,2024,184725650000.0,5973460000.0,41890570000.0,1032740207.0
KALYANKJIL,2023,140250100000.0,4331050000.0,36347110000.0,1032740207.0
KALYANKJIL,2022,107808270000.0,2242090000.0,31370270000.0,1032740207.0
KAMATHOTEL,2025,3218682000.0,465842000.0,2784590000.0,29480072.0
KAMATHOTEL,2024,2875122000.0,448472000.0,2056321000.0,29480072.0
KAMATHOTEL,2023,2790561000.0,3128827000.0,1540889000.0,29480072.0
KAMATHOTEL,2022,1337088000.0,-226718000.0,-1811671000.0,29480072.0
KAMDHENU,2025,7474887000.0,608674000.0,3163463000.0,281883000.0
KAMDHENU,2024,7247069000.0,501335000.0,2373876000.0,281883000.0
KAMDHENU,2023,7320826000.0,410238000.0,1666775000.0,281883000.0
KAMDHENU,2022,5995899000.0,394550000.0,2181040000.0,281883000.0
KAMOPAINTS,2025,2661048000.0,66615000.0,1658179000.0,329000000.0
KAMOPAINTS,2024,2917090000.0,138549000.0,1593509000.0,329000000.0
KAMOPAINTS,2023,2595036000.0,-112685000.0,804836000.0,329000000.0
KAMOPAINTS,2022,0.0,-69000.0,-48000.0,329000000.0
KANANIIND,2025,1684713000.0,7787000.0,648482000.0,197868000.0
KANANIIND,2024,2228139000.0,6173000.0,632586000.0,197868000.0
KANANIIND,2023,2704970000.0,21730000.0,626639000.0,197868000.0
KANANIIND,2022,2907252000.0,18053000.0,588029000.0,197868000.0
KANORICHEM,2025,15146310000.0,-844950000.0,5208220000.0,43693333.0
KANORICHEM,2024,14537610000.0,-348270000.0,6012740000.0,43693333.0
KANORICHEM,2023,15689950000.0,-87660000.0,6054210000.0,43693333.0
KANORICHEM,2022,13603650000.0,68260000.0,5990170000.0,43693333.0
KANPRPLA,2025,6262402000.0,111053000.0,2055599000.0,24478958.0
KANPRPLA,2024,4946829000.0,8070000.0,1799938000.0,24478958.0
KANPRPLA,2023,4744195000.0,36067000.0,1800296000.0,24478958.0
KANPRPLA,2022,6227908000.0,261985000.0,1789979000.0,24478958.0
KANSAINER,2025,77870400000.0,11429500000.0,64231600000.0,808658273.0
KANSAINER,2024,77684600000.0,11854400000.0,55825600000.0,808658273.0
KANSAINER,2023,75052200000.0,4735800000.0,45337000000.0,808658273.0
KANSAINER,2022,62823800000.0,3588600000.0,41322200000.0,808658273.0
KAPSTON,2025,6885141000.0,178365000.0,888783000.0,30432183.0
KAPSTON,2024,5191540000.0,125707000.0,715759000.0,30432183.0
KAPSTON,2023,3968518000.0,50703000.0,586624000.0,30432183.0
KAPSTON,2022,2705119000.0,24734000.0,535440000.0,30432183.0
KARMAENG,2025,87027000.0,15596000.0,399793900.0,11569918.0
KARMAENG,2024,123519000.0,1241000.0,384424900.0,11569918.0
KARMAENG,2023,128080000.0,58903000.0,384732000.0,11569918.0
KARMAENG,2022,275348000.0,-21262000.0,302132000.0,11569918.0
KARURVYSYA,2025,55336055000.0,19416367000.0,119295432000.0,966395347.0
KARURVYSYA,2024,49708478000.0,16048078000.0,100400732000.0,966395347.0
KARURVYSYA,2023,41959304000.0,11060918000.0,85840536000.0,966395347.0
KARURVYSYA,2022,34844300000.0,6732700000.0,75961993000.0,966395347.0
KAUSHALYA,2025,1319000.0,53315000.0,772421000.0,346306.0
KAUSHALYA,2024,1443000.0,151037000.0,719509000.0,346306.0
KAUSHALYA,2023,1244000.0,154585000.0,559839000.0,346306.0
KAUSHALYA,2022,1375000.0,4277000.0,400414000.0,346306.0
KAVDEFENCE,2025,171200000.0,64069000.0,868369000.0,60124260.0
KAVDEFENCE,2024,15857000.0,-13349800.0,470344000.0,60124260.0
KAVDEFENCE,2023,28242000.0,314876000.0,522516000.0,60124260.0
KAVDEFENCE,2022,56082000.0,-180910000.0,123742000.0,60124260.0
KAYA,2025,2164053000.0,-333677000.0,-1394502000.0,15187609.0
KAYA,2024,2040155000.0,-932877000.0,-2267786000.0,15187609.0
KAYA,2023,3765480000.0,-1164675000.0,-1037435000.0,15187609.0
KAYA,2022,3239230000.0,-688374000.0,-15541000.0,15187609.0
KAYNES,2025,27217520000.0,2934330000.0,28402600000.0,67034654.0
KAYNES,2024,18046190000.0,1832890000.0,24868890000.0,67034654.0
KAYNES,2023,11261140000.0,951960000.0,9590420000.0,67034654.0
KAYNES,2022,7062490000.0,414480000.0,2025850000.0,67034654.0
KCP,2025,25198600000.0,1470900000.0,15326100000.0,128921160.0
KCP,2024,28403200000.0,1885500000.0,14102900000.0,128921160.0
KCP,2023,22462000000.0,417400000.0,12245900000.0,128921160.0
KCP,2022,21029649000.0,1881106000.0,11770673000.0,128921160.0
KCPSUGIND,2025,3103485000.0,143873000.0,4502790000.0,113385050.0
KCPSUGIND,2024,3454967000.0,661595000.0,4386789000.0,113385050.0
KCPSUGIND,2023,2891570000.0,581740000.0,3728481000.0,113385050.0
KCPSUGIND,2022,3192588000.0,35774000.0,3152763000.0,113385050.0
KDDL,2025,16286197000.0,946086000.0,9150026000.0,12299280.0
KDDL,2024,13777097000.0,1026791000.0,7339552000.0,12299280.0
KDDL,2023,11079869000.0,535892000.0,4562874000.0,12299280.0
KDDL,2022,8068636000.0,319533000.0,2525011000.0,12299280.0
KEC,2025,215365900000.0,5707400000.0,53474500000.0,266200000.0
KEC,2024,195953400000.0,3467800000.0,40957000000.0,266200000.0
KEC,2023,169968000000.0,1760300000.0,37714300000.0,266200000.0
KEC,2022,135137900000.0,3320800000.0,36199300000.0,266200000.0
KECL,2025,5438239000.0,37306000.0,1147528000.0,66414071.0
KECL,2024,5573508000.0,140787000.0,823482000.0,66414071.0
KECL,2023,4735479000.0,310743000.0,918342000.0,66414071.0
KECL,2022,3346706000.0,673891000.0,759769000.0,66414071.0
KEEPLEARN,2025,99760000.0,3288000.0,71471000.0,155712083.0
KEEPLEARN,2024,63166000.0,3215000.0,2391000.0,155712083.0
KEEPLEARN,2023,57473000.0,623000.0,476000.0,155712083.0
KEEPLEARN,2022,48206000.0,12740000.0,-4504000.0,155712083.0
KEI,2025,96080250000.0,6964140000.0,57857500000.0,95600595.0
KEI,2024,80379490000.0,5808590000.0,31482640000.0,95600595.0
KEI,2023,68532490000.0,4773460000.0,25891840000.0,95600595.0
KEI,2022,56812460000.0,3760210000.0,21355330000.0,95600595.0
KELLTONTEC,2025,10978212182.0,797237265.0,5352983024.0,531404670.0
KELLTONTEC,2024,9828943631.0,640109601.0,4433796409.0,531404670.0
KELLTONTEC,2023,9173258067.0,-1268088401.0,3730222312.0,531404670.0
KELLTONTEC,2022,8426712473.0,704451151.0,4786772578.0,531404670.0
KERNEX,2025,1897739000.0,502369000.0,1579105000.0,16802422.0
KERNEX,2024,195980000.0,-264120000.0,1066121000.0,16802422.0
KERNEX,2023,40396000.0,-198153000.0,821447000.0,16802422.0
KERNEX,2022,66515000.0,-171985000.0,482326000.0,16802422.0
KESORAMIND,2025,2575600000.0,-1104700000.0,4515400000.0,310663663.0
KESORAMIND,2024,2463200000.0,-799500000.0,948200000.0,310663663.0
KESORAMIND,2023,37617300000.0,-1942700000.0,4731800000.0,310663663.0
KESORAMIND,2022,35994300000.0,-773400000.0,5106000000.0,310663663.0
KEYFINSERV,2025,227173000.0,145699000.0,1383869000.0,5566637.0
KEYFINSERV,2024,338725000.0,267853000.0,1242835000.0,5566637.0
KEYFINSERV,2023,146258000.0,-16301000.0,981174000.0,5566637.0
KEYFINSERV,2022,174468000.0,160832000.0,1011491000.0,5566637.0
KFINTECH,2025,10663100000.0,3326250000.0,14078300000.0,172524054.0
KFINTECH,2024,8106160000.0,2460480000.0,11409900000.0,172524054.0
KFINTECH,2023,6934190000.0,1957360000.0,8702220000.0,172524054.0
KFINTECH,2022,6165230000.0,1485490000.0,6443430000.0,172524054.0
KHADIM,2025,4136330000.0,192620000.0,2513490000.0,18378382.0
KHADIM,2024,4220550000.0,232900000.0,2396070000.0,18378382.0
KHADIM,2023,6494380000.0,174780000.0,2252220000.0,18378382.0
KHADIM,2022,5816650000.0,64380000.0,2075340000.0,18378382.0
KHAICHEM,2025,7193017000.0,13991000.0,2226384000.0,96989200.0
KHAICHEM,2024,5346994000.0,-704899000.0,2204891000.0,96989200.0
KHAICHEM,2023,8864836000.0,373578000.0,2937599000.0,96989200.0
KHAICHEM,2022,8237779000.0,801686000.0,2522555000.0,96989200.0
KHAITANLTD,2025,776086822.0,69792760.0,273850130.0,4750000.0
KHAITANLTD,2024,583699118.0,13399920.0,202446956.0,4750000.0
KHAITANLTD,2023,594556256.0,6787299.0,186319584.0,4750000.0
KHAITANLTD,2022,522609627.0,-32854554.0,174865036.0,4750000.0
KHANDSE,2025,95571620.0,-8004130.0,288894530.0,15253805.0
KHANDSE,2024,85271000.0,1738990.0,296812930.0,15253805.0
KHANDSE,2023,62766970.0,4432240.0,294923670.0,15253805.0
KHANDSE,2022,61108380.0,1189630.0,201017770.0,15253805.0
KICL,2025,599800000.0,715440000.0,87158620000.0,4365306.0
KICL,2024,536320000.0,700530000.0,83044920000.0,4365306.0
KICL,2023,471760000.0,580820000.0,58512600000.0,4365306.0
KICL,2022,273350000.0,571740000.0,53508310000.0,4365306.0
KILITCH,2025,1972398000.0,267006000.0,2023291000.0,34961564.0
KILITCH,2024,1536062000.0,146014000.0,1762912000.0,34961564.0
KILITCH,2023,1388582000.0,104481000.0,1515972000.0,34961564.0
KILITCH,2022,1129584000.0,73672000.0,1390864000.0,34961564.0
KIMS,2025,30035000000.0,3845000000.0,21378000000.0,400138935.0
KIMS,2024,24740000000.0,3100000000.0,18282000000.0,400138935.0
KIMS,2023,21676640000.0,3363220000.0,16695380000.0,400138935.0
KIMS,2022,16508250000.0,3326850000.0,13873090000.0,400138935.0
KINGFA,2025,17432670000.0,1528552000.0,7286089000.0,13551381.0
KINGFA,2024,14877156000.0,1225225000.0,5885759000.0,13551381.0
KINGFA,2023,14014174000.0,814103000.0,4659923000.0,13551381.0
KINGFA,2022,10477130000.0,306334000.0,3845874000.0,13551381.0
KIOCL,2025,5904563000.0,-2045800000.0,17115036000.0,607751096.0
KIOCL,2024,18540708000.0,-833052000.0,19185034000.0,607751096.0
KIOCL,2023,15432035000.0,-976670000.0,20020367000.0,607751096.0
KIOCL,2022,30062060000.0,3134065000.0,21436385000.0,607751096.0
KIRIINDUS,2025,7289878000.0,2647360000.0,32466330000.0,60022554.0
KIRIINDUS,2024,6943367000.0,1662295000.0,27837218000.0,60022554.0
KIRIINDUS,2023,9161503000.0,1066591000.0,26792863000.0,60022554.0
KIRIINDUS,2022,14733834000.0,3887734000.0,25726406000.0,60022554.0
KIRLOSBROS,2025,44227602000.0,4152277000.0,20928540000.0,79408926.0
KIRLOSBROS,2024,39381997000.0,3481345000.0,17189483000.0,79408926.0
KIRLOSBROS,2023,36721506000.0,2349390000.0,14038781000.0,79408926.0
KIRLOSBROS,2022,29942675000.0,943357000.0,11774242000.0,79408926.0
KIRLOSENG,2025,62947900000.0,4891500000.0,30865000000.0,145359674.0
KIRLOSENG,2024,58411900000.0,4418700000.0,26762100000.0,145359674.0
KIRLOSENG,2023,49683400000.0,3324000000.0,23035900000.0,145359674.0
KIRLOSENG,2022,39787100000.0,1745200000.0,20816700000.0,145359674.0
KIRLOSIND,2025,65005700000.0,1484400000.0,62948400000.0,10509372.0
KIRLOSIND,2024,62384500000.0,2004100000.0,49914800000.0,10509372.0
KIRLOSIND,2023,64048200000.0,2175900000.0,32533100000.0,10509372.0
KIRLOSIND,2022,37249700000.0,1936000000.0,23285200000.0,10509372.0
KIRLPNU,2025,16279910000.0,2111880000.0,10962420000.0,64958190.0
KIRLPNU,2024,13115230000.0,1332880000.0,9246350000.0,64958190.0
KIRLPNU,2023,12293160000.0,1085810000.0,7951720000.0,64958190.0
KIRLPNU,2022,10151760000.0,849240000.0,6584620000.0,64958190.0
KITEX,2025,9095843000.0,1387327000.0,10329902000.0,199500000.0
KITEX,2024,5766527000.0,563311000.0,9045867000.0,199500000.0
KITEX,2023,5283587000.0,575540000.0,8583289000.0,199500000.0
KITEX,2022,7463041000.0,1251214000.0,8121503000.0,199500000.0
KKCL,2025,9976173000.0,1444770000.0,8199309000.0,61625185.0
KKCL,2024,8551671000.0,1540757000.0,6757377000.0,61625185.0
KKCL,2023,7742404000.0,1190209000.0,5470060000.0,61625185.0
KKCL,2022,6051238000.0,816276000.0,4780415000.0,61625185.0
KMEW,2025,2007067000.0,498081000.0,2174514000.0,24444108.0
KMEW,2024,1635831000.0,306658000.0,1676244000.0,24444108.0
KMEW,2023,2015296000.0,470459000.0,1340017000.0,24444108.0
KMEW,2022,611063000.0,203578000.0,473647000.0,24444108.0
KMSUGAR,2025,6564684000.0,355522000.0,3385938000.0,92000170.0
KMSUGAR,2024,6571593000.0,280929000.0,3032134000.0,92000170.0
KMSUGAR,2023,5667350000.0,232149000.0,2752643000.0,92000170.0
KMSUGAR,2022,5452660000.0,414694000.0,2523090000.0,92000170.0
KNAGRI,2025,17248500000.0,370500000.0,3514600000.0,24998910.0
KNAGRI,2024,16996700000.0,310300000.0,3136300000.0,24998910.0
KNAGRI,2023,22361500000.0,270900000.0,2822200000.0,24998910.0
KNAGRI,2022,18810200000.0,471900000.0,2548200000.0,24998910.0
KNRCON,2025,47531654000.0,10018741000.0,45411785000.0,281234600.0
KNRCON,2024,44294864000.0,7773988000.0,35541476000.0,281234600.0
KNRCON,2023,37778437000.0,4580142000.0,27791999000.0,281234600.0
KNRCON,2022,33093298000.0,3818447000.0,23277084000.0,281234600.0
KOHINOOR,2025,842579000.0,3647540000.0,-1635374000.0,37071530.0
KOHINOOR,2024,943244000.0,-45512000.0,-5221677000.0,37071530.0
KOHINOOR,2023,763734000.0,-41360000.0,-5174612000.0,37071530.0
KOHINOOR,2022,957799000.0,-63186000.0,-5133809000.0,37071530.0
KOKUYOCMLN,2025,7599760000.0,58330000.0,3024495000.0,100303806.0
KOKUYOCMLN,2024,8138117000.0,438320000.0,2963271000.0,100303806.0
KOKUYOCMLN,2023,7733228000.0,244473000.0,2625760000.0,100303806.0
KOKUYOCMLN,2022,5065037000.0,-47285000.0,2394005000.0,100303806.0
KOLTEPATIL,2025,17173800000.0,1065600000.0,8301200000.0,88680094.0
KOLTEPATIL,2024,13714800000.0,-693500000.0,7528800000.0,88680094.0
KOLTEPATIL,2023,14881700000.0,1040600000.0,8863500000.0,88680094.0
KOLTEPATIL,2022,11174800000.0,794100000.0,7787200000.0,88680094.0
KOPRAN,2025,6296044000.0,385519000.0,5183479000.0,48285605.0
KOPRAN,2024,6145918000.0,509562000.0,4912450000.0,48285605.0
KOPRAN,2023,5481790000.0,272330000.0,4392458000.0,48285605.0
KOPRAN,2022,4742772000.0,610312000.0,4261689000.0,48285605.0
KOTAKBANK,2025,762853099000.0,221259890000.0,1574893498000.0,9945492975.0
KOTAKBANK,2024,696695998000.0,182132075000.0,1299716900000.0,9945492975.0
KOTAKBANK,2023,518572514000.0,149250096000.0,1118143983000.0,9945492975.0
KOTAKBANK,2022,459723509000.0,120893915000.0,966653360000.0,9945492975.0
KOTARISUG,2025,3092307000.0,104252000.0,2893027000.0,82888580.0
KOTARISUG,2024,5027288000.0,294924000.0,2784835000.0,82888580.0
KOTARISUG,2023,6050951000.0,419233000.0,2575601000.0,82888580.0
KOTARISUG,2022,4194123000.0,340322000.0,2200084000.0,82888580.0
KOTHARIPET,2025,5735826000.0,658178000.0,3061550000.0,58846400.0
KOTHARIPET,2024,5921631000.0,637841000.0,2465441000.0,58846400.0
KOTHARIPET,2023,4790009000.0,391769000.0,1920700000.0,58846400.0
KOTHARIPET,2022,3797372000.0,328851000.0,1558258000.0,58846400.0
KOTHARIPRO,2025,9578600000.0,-952100000.0,10955800000.0,59687730.0
KOTHARIPRO,2024,9923700000.0,324900000.0,11961600000.0,59687730.0
KOTHARIPRO,2023,13869700000.0,51900000.0,11541500000.0,59687730.0
KOTHARIPRO,2022,33968500000.0,146800000.0,10830200000.0,59687730.0
KOTYARK,2025,2877904000.0,143488000.0,1430546000.0,10279116.0
KOTYARK,2024,2704926000.0,221997000.0,1441244000.0,10279116.0
KOTYARK,2023,1297186000.0,143449000.0,767150000.0,10279116.0
KOTYARK,2022,1557263000.0,86404000.0,266341000.0,10279116.0
KPEL,2025,9387715000.0,1153255000.0,3131618000.0,67595841.0
KPEL,2024,4729494000.0,583221000.0,1855773000.0,67595841.0
KPEL,2023,4378225000.0,439082000.0,1285456000.0,67595841.0
KPEL,2022,2503839000.0,182675000.0,872413000.0,67595841.0
KPIGREEN,2025,17354535000.0,3195771000.0,24233711000.0,197341073.0
KPIGREEN,2024,10239001000.0,1616568000.0,8356837000.0,197341073.0
KPIGREEN,2023,6437863000.0,1096279000.0,2579159000.0,197341073.0
KPIGREEN,2022,2299411000.0,432454000.0,1537356000.0,197341073.0
KPIL,2025,221060200000.0,5857000000.0,65133300000.0,170772546.0
KPIL,2024,194592200000.0,5096100000.0,51379900000.0,170772546.0
KPIL,2023,162138600000.0,4407500000.0,47206200000.0,170772546.0
KPIL,2022,146188700000.0,5403000000.0,42785700000.0,170772546.0
KPITTECH,2025,58423450000.0,8396000000.0,29121580000.0,272144084.0
KPITTECH,2024,48715410000.0,5945330000.0,21458580000.0,272144084.0
KPITTECH,2023,33650380000.0,3809980000.0,16515380000.0,272144084.0
KPITTECH,2022,24323860000.0,2742330000.0,13095670000.0,272144084.0
KPRMILL,2025,61357300000.0,8151100000.0,50020000000.0,341814000.0
KPRMILL,2024,58238800000.0,8053500000.0,43582300000.0,341814000.0
KPRMILL,2023,59601800000.0,8141000000.0,37066900000.0,341814000.0
KPRMILL,2022,46747800000.0,8418400000.0,31868500000.0,341814000.0
KRBL,2025,55728500000.0,4760500000.0,52403100000.0,228889892.0
KRBL,2024,53645400000.0,5958600000.0,48579100000.0,228889892.0
KRBL,2023,53409200000.0,7009800000.0,46926200000.0,228889892.0
KRBL,2022,41964400000.0,4594000000.0,40702300000.0,228889892.0
KREBSBIO,2025,433119000.0,-269393000.0,-1462388000.0,21560586.0
KREBSBIO,2024,504215000.0,-197284000.0,-1192167000.0,21560586.0
KREBSBIO,2023,521344000.0,-246919000.0,-994623000.0,21560586.0
KREBSBIO,2022,597031000.0,-445268000.0,-750932000.0,21560586.0
KRIDHANINF,2025,25767000.0,722920000.0,-2831735000.0,99579205.0
KRIDHANINF,2024,8450000.0,-2091230000.0,-3553539000.0,99579205.0
KRIDHANINF,2023,56220000.0,-643361000.0,-3631463000.0,99579205.0
KRIDHANINF,2022,168200000.0,-4133000000.0,-3122700000.0,99579205.0
KRISHANA,2025,8703613000.0,865395000.0,3838038000.0,61827600.0
KRISHANA,2024,5854802000.0,404429000.0,3005907000.0,61827600.0
KRISHANA,2023,2302362000.0,267360000.0,2618118000.0,61827600.0
KRISHANA,2022,2094196000.0,294633000.0,2210342000.0,61827600.0
KRISHIVAL,2025,2022324000.0,135428000.0,1350966000.0,22295141.0
KRISHIVAL,2024,1026029000.0,93525000.0,1219987000.0,22295141.0
KRISHIVAL,2023,700294000.0,66626000.0,647843000.0,22295141.0
KRISHIVAL,2022,517691000.0,33188000.0,421441000.0,22295141.0
KRISHNADEF,2025,1887658000.0,221600000.0,1314694000.0,14059026.0
KRISHNADEF,2024,1041039000.0,98063000.0,1064413000.0,14059026.0
KRISHNADEF,2023,622596000.0,52959000.0,408667000.0,14059026.0
KRISHNADEF,2022,468122000.0,24589000.0,241193000.0,14059026.0
KRITI,2025,7211697000.0,-42748000.0,2016392000.0,52696000.0
KRITI,2024,8659401000.0,219298000.0,1516703000.0,52696000.0
KRITI,2023,7320721000.0,-227924000.0,1301243000.0,52696000.0
KRITI,2022,5444244000.0,142823000.0,1541376000.0,52696000.0
KRITIKA,2025,7435697000.0,101348000.0,944040000.0,266280000.0
KRITIKA,2024,4230169000.0,104008000.0,843369000.0,266280000.0
KRITIKA,2023,2756970000.0,59858000.0,740502000.0,266280000.0
KRITIKA,2022,2395804000.0,40262000.0,689787000.0,266280000.0
KRITINUT,2025,7334050000.0,369935000.0,2118597000.0,50103520.0
KRITINUT,2024,6833936000.0,452869000.0,1764872000.0,50103520.0
KRITINUT,2023,7963593000.0,207982000.0,1323749000.0,50103520.0
KRITINUT,2022,7510156000.0,123052000.0,1125043000.0,50103520.0
KRN,2025,4291597000.0,528754000.0,4986345000.0,62156600.0
KRN,2024,3081187000.0,393899000.0,1302847000.0,62156600.0
KRN,2023,2473012000.0,323135000.0,595701000.0,62156600.0
KRN,2022,1559917000.0,105904000.0,255315000.0,62156600.0
KRONOX,2025,1001939000.0,254671000.0,901049000.0,37104000.0
KRONOX,2024,898624000.0,213513000.0,663050000.0,37104000.0
KRONOX,2023,955780000.0,166170000.0,446790000.0,37104000.0
KRONOX,2022,822470000.0,136270000.0,403530000.0,37104000.0
KROSS,2025,6086040000.0,480270000.0,4345020000.0,64509422.0
KROSS,2024,6035780000.0,448810000.0,1468050000.0,64509422.0
KROSS,2023,4599660000.0,309310000.0,1021060000.0,64509422.0
KROSS,2022,2749550000.0,121690000.0,724040000.0,64509422.0
KRSNAA,2025,7171600000.0,776080000.0,8827700000.0,32438672.0
KRSNAA,2024,6196330000.0,568370000.0,8098020000.0,32438672.0
KRSNAA,2023,4871230000.0,621110000.0,7387360000.0,32438672.0
KRSNAA,2022,4554500000.0,683880000.0,6844090000.0,32438672.0
KRYSTAL,2025,12127840000.0,437340000.0,4372090000.0,13971952.0
KRYSTAL,2024,10268490000.0,343270000.0,3762220000.0,13971952.0
KRYSTAL,2023,7076360000.0,222510000.0,1634110000.0,13971952.0
KRYSTAL,2022,5526760000.0,209580000.0,1638540000.0,13971952.0
KSB,2025,26957000000.0,2705000000.0,16788000000.0,174039220.0
KSB,2024,25331000000.0,2475000000.0,14853500000.0,174039220.0
KSB,2023,22316990000.0,2087330000.0,13019090000.0,174039220.0
KSB,2022,18082700000.0,1827410000.0,11431160000.0,174039220.0
KSB,2021,,,,174039220.0
KSCL,2025,12024274000.0,2813269000.0,14991587000.0,50744194.0
KSCL,2024,11460517000.0,2987414000.0,12326978000.0,50744194.0
KSCL,2023,10678833000.0,2717255000.0,13650576000.0,50744194.0
KSCL,2022,9676108000.0,2124519000.0,12807644000.0,50744194.0
KSHINTL,2025,18053450000.0,679880000.0,2985460000.0,67755700.0
KSHINTL,2024,12828840000.0,373500000.0,2309460000.0,67755700.0
KSHINTL,2023,9676240000.0,266130000.0,1936550000.0,67755700.0
KSHINTL,2022,8037770000.0,275700000.0,1670230000.0,67755700.0
KSHITIJPOL,2025,419065000.0,-86935000.0,367193000.0,89000476.0
KSHITIJPOL,2024,594040000.0,16132000.0,202950000.0,89000476.0
KSHITIJPOL,2023,339800000.0,3600000.0,223900000.0,89000476.0
KSHITIJPOL,2022,390371000.0,4156000.0,184145000.0,89000476.0
KSL,2025,19571330000.0,2562360000.0,18914610000.0,43653060.0
KSL,2024,19296660000.0,2487840000.0,16798390000.0,43653060.0
KSL,2023,18741670000.0,1670270000.0,14894780000.0,43653060.0
KSL,2022,16757590000.0,2429150000.0,13674620000.0,43653060.0
KSOLVES,2025,1374331000.0,343201000.0,207544000.0,23712000.0
KSOLVES,2024,1086373000.0,341540000.0,238322000.0,23712000.0
KSOLVES,2023,783116000.0,247203000.0,223835000.0,23712000.0
KSOLVES,2022,470686000.0,158939000.0,166762000.0,23712000.0
KSR,2025,0.0,-1067440.0,-1121160.0,18378382.0
KSR,2024,0.0,-153720.0,-53720.0,18378382.0
KTKBANK,2025,45800334000.0,12728492000.0,120848365000.0,378140344.0
KTKBANK,2024,46255663000.0,13066151000.0,108475326000.0,378140344.0
KTKBANK,2023,41779881000.0,11796821000.0,82120637000.0,378140344.0
KTKBANK,2022,34357727000.0,5079932000.0,70939933000.0,378140344.0
KUANTUM,2025,10997619000.0,1151808000.0,12127113000.0,87263630.0
KUANTUM,2024,12061981000.0,1838258000.0,11238444000.0,87263630.0
KUANTUM,2023,13024514000.0,1361518000.0,9668148000.0,87263630.0
KUANTUM,2022,8258577000.0,134226000.0,8304759000.0,87263630.0
LAGNAM,2025,5890685000.0,128547000.0,1208689000.0,17669000.0
LAGNAM,2024,4267712000.0,145732000.0,1089510000.0,17669000.0
LAGNAM,2023,2911735000.0,97628000.0,942884000.0,17669000.0
LAGNAM,2022,3312660000.0,287985000.0,853631000.0,17669000.0
LAL,2025,634204000.0,58364000.0,475967000.0,172736551.0
LAL,2024,547592000.0,52966000.0,259597000.0,172736551.0
LAL,2023,437566000.0,25192000.0,154060000.0,172736551.0
LAL,2022,244447000.0,1201000.0,128655000.0,172736551.0
LALPATHLAB,2025,24612220000.0,4871380000.0,21727150000.0,166973474.0
LALPATHLAB,2024,22265020000.0,3577350000.0,18492830000.0,166973474.0
LALPATHLAB,2023,20166430000.0,2388480000.0,16662980000.0,166973474.0
LALPATHLAB,2022,20874000000.0,3448000000.0,15080770000.0,166973474.0
LAMBODHARA,2025,2316661000.0,68249000.0,1173412000.0,10377600.0
LAMBODHARA,2024,1946902000.0,46106000.0,1107914000.0,10377600.0
LAMBODHARA,2023,2032194000.0,173040000.0,1068282000.0,10377600.0
LAMBODHARA,2022,1820563000.0,158309000.0,912455000.0,10377600.0
LANCORHOL,2025,1896024000.0,46709000.0,1956940000.0,73550560.0
LANCORHOL,2024,1376102000.0,67465000.0,1371119000.0,73550560.0
LANCORHOL,2023,1142288000.0,-3392000.0,1306651000.0,73550560.0
LANCORHOL,2022,1027538000.0,-169915000.0,1309497000.0,73550560.0
LANDMARK,2025,38562900000.0,159320000.0,5540860000.0,41464910.0
LANDMARK,2024,31665520000.0,560050000.0,5389440000.0,41464910.0
LANDMARK,2023,32882030000.0,844940000.0,4697320000.0,41464910.0
LANDMARK,2022,29143350000.0,654840000.0,2469420000.0,41464910.0
LANDSMILL,2025,136268940.0,6913630.0,1732455910.0,1410695055.0
LANDSMILL,2024,25768260.0,9678020.0,1723241350.0,1410695055.0
LANDSMILL,2023,65554000.0,-3343300.0,1714009090.0,1410695055.0
LANDSMILL,2022,87455410.0,-39463360.0,1684127530.0,1410695055.0
LAOPALA,2025,3240954000.0,965852000.0,8243711000.0,111000000.0
LAOPALA,2024,3626746000.0,1277223000.0,8515251000.0,111000000.0
LAOPALA,2023,4499171000.0,1229809000.0,7749458000.0,111000000.0
LAOPALA,2022,3204647000.0,873720000.0,7404914000.0,111000000.0
LASA,2025,1424481000.0,-147573000.0,837133000.0,50101239.0
LASA,2024,1043350000.0,-217305000.0,966763000.0,50101239.0
LASA,2023,1295678000.0,-386207000.0,1182860000.0,50101239.0
LASA,2022,1371267000.0,-53313000.0,1578829000.0,50101239.0
LATENTVIEW,2025,8478430000.0,1741830000.0,15000140000.0,206924980.0
LATENTVIEW,2024,6406830000.0,1586440000.0,13744080000.0,206924980.0
LATENTVIEW,2023,5387620000.0,1554310000.0,12074490000.0,206924980.0
LATENTVIEW,2022,4078170000.0,1295120000.0,10263810000.0,206924980.0
LATTEYS,2025,802097000.0,18069000.0,202875000.0,57495825.0
LATTEYS,2024,635189000.0,14939000.0,184424000.0,57495825.0
LATTEYS,2023,524794000.0,13284000.0,169051000.0,57495825.0
LATTEYS,2022,408519000.0,10348000.0,155767000.0,57495825.0
LAURUSLABS,2025,55078600000.0,3583200000.0,44725600000.0,539856582.0
LAURUSLABS,2024,50018000000.0,1605500000.0,41109500000.0,539856582.0
LAURUSLABS,2023,60142200000.0,7901100000.0,40375300000.0,539856582.0
LAURUSLABS,2022,48885400000.0,8275200000.0,33511900000.0,539856582.0
LAXMICOT,2025,1504156000.0,4624000.0,627910000.0,17147670.0
LAXMICOT,2024,1440221000.0,-2687000.0,629091000.0,17147670.0
LAXMICOT,2023,1432895000.0,-58589000.0,477489000.0,17147670.0
LAXMICOT,2022,2159431000.0,54491000.0,72460000.0,17147670.0
LAXMIDENTL,2025,2365630000.0,324800000.0,2085370000.0,54962149.0
LAXMIDENTL,2024,1914500000.0,263780000.0,308410000.0,54962149.0
LAXMIDENTL,2023,1589410000.0,-36570000.0,61680000.0,54962149.0
LAXMIDENTL,2022,1294780000.0,-169140000.0,94410000.0,54962149.0
LAXMIINDIA,2025,2229980000.0,360050000.0,2578930000.0,52267875.0
LAXMIINDIA,2024,1592260000.0,224680000.0,2017310000.0,52267875.0
LAXMIINDIA,2023,1225770000.0,159710000.0,1525460000.0,52267875.0
LAXMIINDIA,2022,936030000.0,146520000.0,1266410000.0,52267875.0
LCCINFOTEC,2025,,,,168593350.0
LCCINFOTEC,2024,17632000.0,-533244000.0,28290000.0,168593350.0
LCCINFOTEC,2023,15970000.0,-6429000.0,557938000.0,168593350.0
LCCINFOTEC,2022,11605000.0,-7372000.0,564367000.0,168593350.0
LEMERITE,2025,4936360000.0,60982000.0,1138354000.0,24360000.0
LEMERITE,2024,4446414000.0,17452000.0,939934000.0,24360000.0
LEMERITE,2023,3543348000.0,42878000.0,937222000.0,24360000.0
LEMERITE,2022,5047596000.0,210586000.0,454858000.0,24360000.0
LEMONTREE,2025,12024708000.0,1965811000.0,11635178000.0,791847623.0
LEMONTREE,2024,10126612000.0,1484899000.0,9668903000.0,791847623.0
LEMONTREE,2023,8391797000.0,1145636000.0,8537277000.0,791847623.0
LEMONTREE,2022,3846582000.0,-874339000.0,8312488000.0,791847623.0
LEXUS,2025,738040000.0,-50314000.0,43629000.0,20190724.0
LEXUS,2024,1146514000.0,-165794000.0,93187000.0,20190724.0
LEXUS,2023,999354000.0,-118273000.0,203555000.0,20190724.0
LEXUS,2022,1368280000.0,115765000.0,321388000.0,20190724.0
LFIC,2025,70501000.0,35798000.0,588498000.0,3000000.0
LFIC,2024,84091000.0,103774000.0,565140000.0,3000000.0
LFIC,2023,29425000.0,5505000.0,466808000.0,3000000.0
LFIC,2022,48008000.0,57068000.0,470478000.0,3000000.0
LGBBROSLTD,2025,24193739000.0,3021050000.0,19044890000.0,31892416.0
LGBBROSLTD,2024,21949962000.0,2713421000.0,16411808000.0,31892416.0
LGBBROSLTD,2023,20347744000.0,2519306000.0,13653303000.0,31892416.0
LGBBROSLTD,2022,19297459000.0,2454765000.0,11324642000.0,31892416.0
LGHL,2025,878156323.0,105567993.0,650223704.0,50092560.0
LGHL,2024,2019336831.0,94784551.0,454382378.0,50092560.0
LGHL,2023,608758000.0,3964000.0,318507207.0,50092560.0
LGHL,2022,598794823.0,1259324.0,314550252.0,50092560.0
LIBAS,2024,742852000.0,52122000.0,784543000.0,26344580.0
LIBAS,2023,813533000.0,76290000.0,728913000.0,26344580.0
LIBAS,2022,851896000.0,87432000.0,464042000.0,26344580.0
LIBERTSHOE,2025,6746557000.0,135613000.0,2225562000.0,17040000.0
LIBERTSHOE,2024,6357714000.0,111575000.0,2090680000.0,17040000.0
LIBERTSHOE,2023,6514905000.0,129111000.0,1981694000.0,17040000.0
LIBERTSHOE,2022,4850361000.0,22429000.0,1890033000.0,17040000.0
LICHSGFIN,2025,81948200000.0,54422300000.0,363518000000.0,550063000.0
LICHSGFIN,2024,86767400000.0,47629700000.0,314766600000.0,550063000.0
LICHSGFIN,2023,63796600000.0,28907700000.0,271846700000.0,550063000.0
LICHSGFIN,2022,56660000000.0,22856500000.0,247508300000.0,550063000.0
LICI,2025,8911252600000.0,483203300000.0,1272263900000.0,6324997701.0
LICI,2024,8490308700000.0,409158500000.0,827468700000.0,6324997701.0
LICI,2023,7852170800000.0,359966500000.0,462328700000.0,6324997701.0
LICI,2022,7268382530000.0,41247082000.0,113383263000.0,6324997701.0
LIKHITHA,2025,5200860000.0,693273000.0,3729463000.0,39450000.0
LIKHITHA,2024,4216814000.0,654115000.0,3095308000.0,39450000.0
LIKHITHA,2023,3649550000.0,595234000.0,2500805000.0,39450000.0
LIKHITHA,2022,2572117000.0,459897000.0,1926132000.0,39450000.0
LINC,2025,5396313000.0,380442000.0,2345651000.0,59489164.0
LINC,2024,5038009000.0,342073000.0,2043969000.0,59489164.0
LINC,2023,4821982000.0,373968000.0,1772228000.0,59489164.0
LINC,2022,3513637000.0,81331000.0,1428543000.0,59489164.0
LINCOLN,2025,6232301000.0,823464000.0,6716686000.0,20029728.0
LINCOLN,2024,5805496000.0,933049000.0,5928359000.0,20029728.0
LINCOLN,2023,5049547000.0,728993000.0,5024744000.0,20029728.0
LINCOLN,2022,4681974000.0,693550000.0,4328774000.0,20029728.0
LINDEINDIA,2025,24852220000.0,4548450000.0,38199440000.0,85284223.0
LINDEINDIA,2024,27683790000.0,4340860000.0,34684320000.0,85284223.0
LINDEINDIA,2022,25052850000.0,4388060000.0,30399360000.0,85284223.0
LINDEINDIA,2021,21119580000.0,5072180000.0,27148850000.0,85284223.0
LLOYDSENGG,2025,8409002000.0,1031395000.0,6479895000.0,1392774500.0
LLOYDSENGG,2024,6219507000.0,798383000.0,4111981000.0,1392774500.0
LLOYDSENGG,2023,3104957000.0,368231000.0,1953643000.0,1392774500.0
LLOYDSENGG,2022,496355000.0,59472000.0,1352393000.0,1392774500.0
LLOYDSENT,2025,14300714000.0,600109000.0,24544245000.0,1494202102.0
LLOYDSENT,2024,9380894000.0,1175649000.0,15499252000.0,1494202102.0
LLOYDSENT,2023,3774106000.0,260769000.0,10181381000.0,1494202102.0
LLOYDSENT,2022,462671000.0,1522879000.0,7389440000.0,1494202102.0
LLOYDSME,2025,66280100000.0,14499300000.0,64021200000.0,562103048.0
LLOYDSME,2024,64840100000.0,12429300000.0,28107800000.0,562103048.0
LLOYDSME,2023,33430300000.0,-2885500000.0,15289400000.0,562103048.0
LLOYDSME,2022,6815200000.0,973700000.0,4815700000.0,562103048.0
LMW,2025,29088500000.0,1026100000.0,27774200000.0,10683000.0
LMW,2024,46184700000.0,3736600000.0,27036400000.0,10683000.0
LMW,2023,46390300000.0,3840200000.0,23385500000.0,10683000.0
LMW,2022,31157618000.0,1810499000.0,19901791000.0,10683000.0
LODHA,2025,136701000000.0,27643000000.0,201778000000.0,998747143.0
LODHA,2024,101977000000.0,15491000000.0,174693000000.0,998747143.0
LODHA,2023,93348000000.0,4867000000.0,126626000000.0,998747143.0
LODHA,2022,91469000000.0,12024000000.0,121050000000.0,998747143.0
LOKESHMACH,2025,2283216000.0,5368000.0,2128197000.0,19996770.0
LOKESHMACH,2024,2935399000.0,138479000.0,1959918000.0,19996770.0
LOKESHMACH,2023,2403024000.0,96735000.0,1589749000.0,19996770.0
LOKESHMACH,2022,2018376000.0,63460000.0,1492460000.0,19996770.0
LORDSCHLO,2025,2702223000.0,61806000.0,1816741000.0,28653861.0
LORDSCHLO,2024,2211136000.0,-47951000.0,1644857000.0,28653861.0
LORDSCHLO,2023,2950518000.0,532229000.0,1692917000.0,28653861.0
LORDSCHLO,2022,2400827000.0,322839000.0,1162013000.0,28653861.0
LOTUSDEV,2025,5496820000.0,2274120000.0,9324360000.0,488723710.0
LOTUSDEV,2024,4615750000.0,1191780000.0,1695570000.0,488723710.0
LOTUSDEV,2023,1668710000.0,171570000.0,483630000.0,488723710.0
LOTUSDEV,2022,1025780000.0,171780000.0,316850000.0,488723710.0
LOTUSEYE,2025,486028000.0,7393000.0,600003000.0,20796330.0
LOTUSEYE,2024,472406000.0,29145000.0,594092000.0,20796330.0
LOTUSEYE,2023,459831000.0,40775000.0,575794000.0,20796330.0
LOTUSEYE,2022,380862000.0,29845000.0,546086000.0,20796330.0
LOVABLE,2025,421933000.0,17865000.0,1779840000.0,14800000.0
LOVABLE,2024,637602000.0,42830000.0,1763441000.0,14800000.0
LOVABLE,2023,954873000.0,-718000.0,1718003000.0,14800000.0
LOVABLE,2022,972195000.0,57118000.0,1724460000.0,14800000.0
LOYALTEX,2025,6425972000.0,-512428000.0,2689368000.0,4816446.0
LOYALTEX,2024,8957839000.0,-394968000.0,3210966000.0,4816446.0
LOYALTEX,2023,13393693000.0,28442000.0,3602646000.0,4816446.0
LOYALTEX,2022,16846782000.0,970509000.0,3624828000.0,4816446.0
LPDC,2025,11730000.0,-37215000.0,399655000.0,134143160.0
LPDC,2024,13268000.0,-117205000.0,436880000.0,134143160.0
LPDC,2023,4067000.0,-65408000.0,554078000.0,134143160.0
LPDC,2022,6974000.0,-786000.0,619494000.0,134143160.0
LT,2025,2542086500000.0,150371100000.0,976556000000.0,1375632190.0
LT,2024,2191156900000.0,130591100000.0,863592400000.0,1375632190.0
LT,2023,1816614200000.0,104707200000.0,893259500000.0,1375632190.0
LT,2022,1556724600000.0,86693300000.0,824076600000.0,1375632190.0
LTF,2025,96691800000.0,26436600000.0,255640600000.0,2504699016.0
LTF,2024,78592600000.0,23201000000.0,234384400000.0,2504699016.0
LTF,2023,65212600000.0,-6421200000.0,215283700000.0,2504699016.0
LTF,2022,55904100000.0,8701000000.0,199477000000.0,2504699016.0
LTFOODS,2025,86353585000.0,6053404000.0,38536520000.0,347252944.0
LTFOODS,2024,77395743000.0,5933488000.0,33716208000.0,347252944.0
LTFOODS,2023,68956106000.0,4026519000.0,27570633000.0,347252944.0
LTFOODS,2022,53889086000.0,2921753000.0,19976124000.0,347252944.0
LTM,2025,380081000000.0,45987000000.0,226983000000.0,296400587.0
LTM,2024,355170000000.0,45821000000.0,200172000000.0,296400587.0
LTM,2023,331830000000.0,44083000000.0,165921000000.0,296400587.0
LTM,2022,261087000000.0,39483000000.0,142872000000.0,296400587.0
LTTS,2025,106701000000.0,12667000000.0,60800000000.0,105998143.0
LTTS,2024,96473000000.0,13037000000.0,53271000000.0,105998143.0
LTTS,2023,88155000000.0,12121000000.0,44349000000.0,105998143.0
LTTS,2022,65697000000.0,9570000000.0,41625000000.0,105998143.0
LUMAXIND,2025,33546594000.0,1399087000.0,7742839000.0,9347732.0
LUMAXIND,2024,26311988000.0,1110183000.0,6715479000.0,9347732.0
LUMAXIND,2023,23163181000.0,1030802000.0,5835793000.0,9347732.0
LUMAXIND,2022,17485257000.0,407247000.0,4917440000.0,9347732.0
LUMAXTECH,2025,34396354000.0,1777690000.0,9346803000.0,68157705.0
LUMAXTECH,2024,27606415000.0,1301832000.0,7896089000.0,68157705.0
LUMAXTECH,2023,17860637000.0,928753000.0,6616101000.0,68157705.0
LUMAXTECH,2022,14798114000.0,694090000.0,5439247000.0,68157705.0
LUPIN,2025,221921100000.0,32816200000.0,172035000000.0,457179111.0
LUPIN,2024,196563400000.0,19144800000.0,142902900000.0,457179111.0
LUPIN,2023,162699800000.0,4300800000.0,124645000000.0,457179111.0
LUPIN,2022,161927900000.0,-15280400000.0,121532700000.0,457179111.0
LUXIND,2025,25702500000.0,1653100000.0,17303400000.0,30071681.0
LUXIND,2024,23143600000.0,1295200000.0,15666700000.0,30071681.0
LUXIND,2023,23644300000.0,1420300000.0,14517600000.0,30071681.0
LUXIND,2022,22834500000.0,3396700000.0,13097000000.0,30071681.0
LXCHEM,2025,29770320000.0,1135040000.0,19066750000.0,277147873.0
LXCHEM,2024,28360750000.0,1205350000.0,17976210000.0,277147873.0
LXCHEM,2023,27868210000.0,1245720000.0,14117700000.0,277147873.0
LXCHEM,2022,30741320000.0,2573340000.0,12898500000.0,277147873.0
LYKALABS,2025,1335644000.0,80120000.0,1035502000.0,35690000.0
LYKALABS,2024,1051323000.0,-24894000.0,681544000.0,35690000.0
LYKALABS,2023,883390000.0,-132119000.0,454406000.0,35690000.0
LYKALABS,2022,1835859000.0,389998000.0,133385000.0,35690000.0
LYPSAGEMS,2025,166876000.0,-151747000.0,164907000.0,29484000.0
LYPSAGEMS,2024,94854000.0,-327117000.0,317055000.0,29484000.0
LYPSAGEMS,2023,131935000.0,-440972000.0,639333000.0,29484000.0
LYPSAGEMS,2022,140238000.0,-861000.0,1021327000.0,29484000.0
M&M,2025,1556452600000.0,129291000000.0,770388600000.0,1200472788.0
M&M,2024,1358030300000.0,112686400000.0,661905500000.0,1200472788.0
M&M,2023,1190403800000.0,102815000000.0,563657900000.0,1200472788.0
M&M,2022,884404400000.0,65773200000.0,471226400000.0,1200472788.0
M&MFIN,2025,90654800000.0,22618700000.0,215294600000.0,1389478304.0
M&MFIN,2024,81372900000.0,19326900000.0,199332500000.0,1389478304.0
M&MFIN,2023,73941200000.0,20724000000.0,185600900000.0,1389478304.0
M&MFIN,2022,68242200000.0,11368700000.0,168963100000.0,1389478304.0
MAANALU,2025,8101700000.0,155070000.0,1784382000.0,54084864.0
MAANALU,2024,9530300000.0,327494000.0,1630849000.0,54084864.0
MAANALU,2023,8076049000.0,499710000.0,1302750000.0,54084864.0
MAANALU,2022,5686375000.0,219791000.0,843731000.0,54084864.0
MACPOWER,2025,2615327000.0,254417000.0,1428242000.0,10004160.0
MACPOWER,2024,2410365000.0,240978000.0,1191173000.0,10004160.0
MACPOWER,2023,2018629000.0,128949000.0,966111000.0,10004160.0
MACPOWER,2022,1900400000.0,128400000.0,847000000.0,10004160.0
MADHAV,2025,310240350.0,-14838230.0,1243176220.0,8947000.0
MADHAV,2024,395842790.0,-19083610.0,1249661960.0,8947000.0
MADHAV,2023,472250860.0,-7196060.0,1264153530.0,8947000.0
MADHAV,2022,531279020.0,4638350.0,1286568610.0,8947000.0
MADHUCON,2025,6615547000.0,-4752049000.0,-14679029000.0,73794940.0
MADHUCON,2024,11573864000.0,-451167000.0,-15027232000.0,73794940.0
MADHUCON,2023,11241477000.0,-1436990000.0,-19195004000.0,73794940.0
MADHUCON,2022,9481479000.0,-1063451000.0,-20880258000.0,73794940.0
MADRASFERT,2025,3837900000.0,642500000.0,-323000000.0,161101300.0
MADRASFERT,2024,2437300000.0,55600000.0,-1897200000.0,161101300.0
MADRASFERT,2023,3077900000.0,1853300000.0,-2870700000.0,161101300.0
MADRASFERT,2022,3386100000.0,1623700000.0,-5054000000.0,161101300.0
MAGADSUGAR,2025,12917989000.0,1094461000.0,8339498000.0,14091630.0
MAGADSUGAR,2024,10944212000.0,1164096000.0,7456076000.0,14091630.0
MAGADSUGAR,2023,9500876000.0,502615000.0,6393666000.0,14091630.0
MAGADSUGAR,2022,9830112000.0,460171000.0,5983187000.0,14091630.0
MAGNUM,2025,3957506000.0,94958000.0,6953774000.0,68411317.0
MAGNUM,2024,4608358000.0,247027000.0,6809474000.0,68411317.0
MAGNUM,2023,4533485000.0,708610000.0,5839393000.0,68411317.0
MAGNUM,2022,3200150000.0,51476000.0,-511723000.0,68411317.0
MAHABANK,2025,137592477000.0,55417768000.0,287079759000.0,7691554950.0
MAHABANK,2024,119882419000.0,40717799000.0,198706212000.0,7691554950.0
MAHABANK,2023,102356244000.0,26050025000.0,157902335000.0,7691554950.0
MAHABANK,2022,81904338000.0,11534293000.0,140618726000.0,7691554950.0
MAHAPEXLTD,2025,13609000.0,196596000.0,4658368000.0,26102271.0
MAHAPEXLTD,2024,87138000.0,-404612000.0,4459358000.0,26102271.0
MAHAPEXLTD,2023,21300000.0,-418772000.0,1129496000.0,26102271.0
MAHAPEXLTD,2022,38924000.0,13420000.0,1503876000.0,26102271.0
MAHASTEEL,2025,8005283000.0,76005000.0,1489817000.0,16434400.0
MAHASTEEL,2024,7821249000.0,67171000.0,1412589000.0,16434400.0
MAHASTEEL,2023,6455966000.0,54434000.0,1343999000.0,16434400.0
MAHASTEEL,2022,4932281000.0,48964000.0,1287886000.0,16434400.0
MAHEPC,2025,2724200000.0,72100000.0,1726100000.0,27942469.0
MAHEPC,2024,2623300000.0,16700000.0,1652800000.0,27942469.0
MAHEPC,2023,2101000000.0,-123100000.0,1634100000.0,27942469.0
MAHEPC,2022,2117900000.0,-79100000.0,1753800000.0,27942469.0
MAHESHWARI,2025,9731488000.0,181431000.0,1988936000.0,29597200.0
MAHESHWARI,2024,10480042000.0,137500000.0,1801513000.0,29597200.0
MAHESHWARI,2023,11490479000.0,134820000.0,1665644000.0,29597200.0
MAHESHWARI,2022,10348897000.0,171511000.0,1545900000.0,29597200.0
MAHLIFE,2025,3722721000.0,612921000.0,18961007000.0,213314253.0
MAHLIFE,2024,2120901000.0,982440000.0,18727698000.0,213314253.0
MAHLIFE,2023,6065323000.0,1014052000.0,18057712000.0,213314253.0
MAHLIFE,2022,3934167000.0,1544903000.0,17885151000.0,213314253.0
MAHLOG,2025,61048300000.0,-358500000.0,4378800000.0,99222483.0
MAHLOG,2024,55059700000.0,-547400000.0,4924700000.0,99222483.0
MAHLOG,2023,51197400000.0,262800000.0,5616700000.0,99222483.0
MAHLOG,2022,41306800000.0,175600000.0,5464800000.0,99222483.0
MAHSCOOTER,2025,1828600000.0,2143500000.0,308628600000.0,11428568.0
MAHSCOOTER,2024,2225000000.0,1993100000.0,270167300000.0,11428568.0
MAHSCOOTER,2023,2160600000.0,1952900000.0,190428100000.0,11428568.0
MAHSCOOTER,2022,1938242000.0,1427135000.0,228529506000.0,11428568.0
MAHSEAMLES,2025,51582400000.0,7774900000.0,63400700000.0,133999252.0
MAHSEAMLES,2024,52716500000.0,9513000000.0,57307000000.0,133999252.0
MAHSEAMLES,2023,55750900000.0,7647500000.0,47739600000.0,133999252.0
MAHSEAMLES,2022,41004792000.0,6917234000.0,39842180000.0,133999252.0
MAITHANALL,2025,17750300000.0,6301800000.0,37460800000.0,29111550.0
MAITHANALL,2024,16977800000.0,3489600000.0,31419000000.0,29111550.0
MAITHANALL,2023,28402900000.0,4990700000.0,28042500000.0,29111550.0
MAITHANALL,2022,29170600000.0,8180600000.0,23230600000.0,29111550.0
MALLCOM,2025,4702047000.0,574349000.0,2986390000.0,6240000.0
MALLCOM,2024,4067959000.0,363159000.0,2375129000.0,6240000.0
MALLCOM,2023,3918758000.0,369371000.0,2032289000.0,6240000.0
MALLCOM,2022,3488711000.0,326239000.0,1679553000.0,6240000.0
MALUPAPER,2025,2778882000.0,-121317000.0,-57216000.0,17059250.0
MALUPAPER,2024,2741737000.0,8953000.0,67979000.0,17059250.0
MALUPAPER,2023,2329801000.0,-104537000.0,63616000.0,17059250.0
MALUPAPER,2022,2118737000.0,-62622000.0,172477000.0,17059250.0
MAMATA,2025,2508090000.0,407540000.0,1711570000.0,24607800.0
MAMATA,2024,2341480000.0,356240000.0,1318820000.0,24607800.0
MAMATA,2023,1982620000.0,225050000.0,1278740000.0,24607800.0
MAMATA,2022,1893040000.0,216970000.0,1040560000.0,24607800.0
MANAKALUCO,2025,5025187000.0,60458000.0,1353304000.0,65534050.0
MANAKALUCO,2024,4274670000.0,50857000.0,1298135000.0,65534050.0
MANAKALUCO,2023,4762463000.0,88664000.0,1251168000.0,65534050.0
MANAKALUCO,2022,4320616000.0,74557000.0,1162921000.0,65534050.0
MANAKCOAT,2025,7804580000.0,153883000.0,2266951000.0,105834050.0
MANAKCOAT,2024,7354930000.0,112371000.0,1523685000.0,105834050.0
MANAKCOAT,2023,6476444000.0,46875000.0,1192499000.0,105834050.0
MANAKCOAT,2022,6435288000.0,86247000.0,1087550000.0,105834050.0
MANAKSIA,2025,7310483000.0,559768000.0,5722073000.0,65534050.0
MANAKSIA,2024,7015389000.0,755507000.0,5503467000.0,65534050.0
MANAKSIA,2023,11654222000.0,1068124000.0,11244483000.0,65534050.0
MANAKSIA,2022,11740267000.0,1830674000.0,10616452000.0,65534050.0
MANAKSTEEL,2025,6338891000.0,97498000.0,2893632000.0,65534050.0
MANAKSTEEL,2024,6807519000.0,283836000.0,3004431000.0,65534050.0
MANAKSTEEL,2023,7421231000.0,121854000.0,2904006000.0,65534050.0
MANAKSTEEL,2022,6107663000.0,353171000.0,2660499000.0,65534050.0
MANALIPETC,2025,8944200000.0,293100000.0,10944400000.0,171999229.0
MANALIPETC,2024,10313500000.0,192100000.0,10616900000.0,171999229.0
MANALIPETC,2023,11749600000.0,506600000.0,10443600000.0,171999229.0
MANALIPETC,2022,16677400000.0,3811000000.0,10304400000.0,171999229.0
MANAPPURAM,2025,63519500000.0,12161470000.0,124321850000.0,939336102.0
MANAPPURAM,2024,59382180000.0,21886810000.0,115481010000.0,939336102.0
MANAPPURAM,2023,44584140000.0,14959780000.0,96448890000.0,939336102.0
MANAPPURAM,2022,40380920000.0,13284350000.0,83683470000.0,939336102.0
MANBA,2025,2369310000.0,378025000.0,3688991000.0,50239410.0
MANBA,2024,1683576000.0,311781000.0,2006075000.0,50239410.0
MANBA,2023,1249617000.0,165801000.0,1684315000.0,50239410.0
MANBA,2022,939799000.0,97402000.0,1517437000.0,50239410.0
MANCREDIT,2025,485008000.0,130676000.0,1407113000.0,21113986.0
MANCREDIT,2024,330092000.0,105459000.0,1273498000.0,21113986.0
MANCREDIT,2023,208328000.0,79135000.0,1119433000.0,21113986.0
MANCREDIT,2022,136457000.0,60814000.0,1059238000.0,21113986.0
MANGALAM,2025,3151900000.0,67207000.0,1489788000.0,15828248.0
MANGALAM,2024,3654894000.0,-90716000.0,1357928000.0,15828248.0
MANGALAM,2023,3659677000.0,12700000.0,1519562000.0,15828248.0
MANGALAM,2022,4473672000.0,196575000.0,1505614000.0,15828248.0
MANGLMCEM,2025,16799104000.0,450631000.0,8518833000.0,27497298.0
MANGLMCEM,2024,17245795000.0,597166000.0,8116171000.0,27497298.0
MANGLMCEM,2023,17921756000.0,171230000.0,7562227000.0,27497298.0
MANGLMCEM,2022,15637749000.0,777055000.0,7421856000.0,27497298.0
MANINDS,2025,34701857000.0,1531711000.0,16072642000.0,75009571.0
MANINDS,2024,31128611000.0,1051443000.0,14048656000.0,75009571.0
MANINDS,2023,22165487000.0,670403000.0,11322906000.0,75009571.0
MANINDS,2022,21259413000.0,1015812000.0,9004889000.0,75009571.0
MANINFRA,2025,10995908000.0,2827185000.0,17634452000.0,403666505.0
MANINFRA,2024,12321411000.0,3003941000.0,14634418000.0,403666505.0
MANINFRA,2023,18508142000.0,2585721000.0,10893824000.0,403666505.0
MANINFRA,2022,8718991000.0,2163544000.0,8595646000.0,403666505.0
MANKIND,2025,122074400000.0,19864300000.0,143323900000.0,412828328.0
MANKIND,2024,102592900000.0,19119200000.0,93630900000.0,412828328.0
MANKIND,2023,87494330000.0,12818591000.0,74352228000.0,412828328.0
MANKIND,2022,77815550000.0,14334750000.0,61552290000.0,412828328.0
MANOMAY,2025,6723397000.0,192527000.0,1481791000.0,18048735.0
MANOMAY,2024,5649646000.0,130033000.0,1289985000.0,18048735.0
MANOMAY,2023,6751911000.0,129504000.0,1159374000.0,18048735.0
MANOMAY,2022,5697053000.0,77062000.0,678410000.0,18048735.0
MANORAMA,2025,7670930000.0,1097896000.0,4597219000.0,59708530.0
MANORAMA,2024,4557583000.0,401087000.0,3370079000.0,59708530.0
MANORAMA,2023,3482149000.0,297755000.0,2983033000.0,59708530.0
MANORAMA,2022,2777805000.0,241450000.0,2682562000.0,59708530.0
MANORG,2025,5300090000.0,125972000.0,2932105000.0,8564440.0
MANORG,2024,4935196000.0,44064000.0,2807062000.0,8564440.0
MANORG,2023,4925261556.0,-272249014.0,2757523443.0,8564440.0
MANORG,2022,4906487241.0,537432341.0,3040710896.0,8564440.0
MANUGRAPH,2025,593482000.0,-266931000.0,532749000.0,30415061.0
MANUGRAPH,2024,657582000.0,-198577000.0,797107000.0,30415061.0
MANUGRAPH,2023,775804000.0,-112982000.0,991429000.0,30415061.0
MANUGRAPH,2022,442944000.0,-153566000.0,1099053000.0,30415061.0
MANYAVAR,2025,13843690000.0,3884720000.0,17863100000.0,242973103.0
MANYAVAR,2024,13654060000.0,4141720000.0,16018800000.0,242973103.0
MANYAVAR,2023,13529670000.0,4291080000.0,13998800000.0,242973103.0
MANYAVAR,2022,10392480000.0,3149110000.0,10827420000.0,242973103.0
MAPMYINDIA,2025,4632500000.0,1471900000.0,7907400000.0,54721665.0
MAPMYINDIA,2024,3794200000.0,1339600000.0,6591500000.0,54721665.0
MAPMYINDIA,2023,2814600000.0,1072500000.0,5421400000.0,54721665.0
MAPMYINDIA,2022,2004400000.0,870300000.0,4459582000.0,54721665.0
MARALOVER,2025,10470300000.0,-241977000.0,1088900000.0,41508000.0
MARALOVER,2024,9600600000.0,-97635000.0,1315391000.0,41508000.0
MARALOVER,2023,10018773000.0,-159257000.0,1409855000.0,41508000.0
MARALOVER,2022,10579956000.0,669778000.0,1656031000.0,41508000.0
MARATHON,2025,5546749000.0,1865502000.0,11869756000.0,67420546.0
MARATHON,2024,7046150000.0,1664735000.0,10050815000.0,67420546.0
MARATHON,2023,6984978000.0,1209871000.0,7852014000.0,67420546.0
MARATHON,2022,3059141000.0,385201000.0,6493852000.0,67420546.0
MARICO,2025,107330000000.0,16290000000.0,39750000000.0,1295332769.0
MARICO,2024,95730000000.0,14810000000.0,38320000000.0,1295332769.0
MARICO,2023,96890000000.0,13020000000.0,37990000000.0,1295332769.0
MARICO,2022,94520000000.0,12250000000.0,33480000000.0,1295332769.0
MARINE,2025,7666709000.0,384322000.0,4037291000.0,132665250.0
MARINE,2024,6217224000.0,258994000.0,2506895000.0,132665250.0
MARINE,2023,4419696000.0,169954000.0,2083720000.0,132665250.0
MARINE,2022,3758754000.0,129772000.0,1745837000.0,132665250.0
MARKOLINES,2025,3070076000.0,225604000.0,1767161000.0,22140920.0
MARKOLINES,2024,3337046000.0,173047000.0,1017880000.0,22140920.0
MARKOLINES,2023,2678051000.0,157454000.0,858208000.0,22140920.0
MARKOLINES,2022,1479809000.0,101081000.0,710308000.0,22140920.0
MARKSANS,2025,26144450000.0,3805750000.0,24669120000.0,453163746.0
MARKSANS,2024,21741950000.0,3137000000.0,20650540000.0,453163746.0
MARKSANS,2023,18496190000.0,2663080000.0,17451620000.0,453163746.0
MARKSANS,2022,14801240000.0,1845690000.0,12022700000.0,453163746.0
MARSONS,2025,1683622000.0,280208000.0,1225063000.0,
MARSONS,2024,51484000.0,6285000.0,142208000.0,
MARSONS,2023,45620000.0,32657000.0,30173000.0,
MARSONS,2022,15915000.0,-12912000.0,-2484000.0,
MARUTI,2025,1474686000000.0,145002000000.0,962399000000.0,314402574.0
MARUTI,2024,1364838000000.0,134882000000.0,856360000000.0,314402574.0
MARUTI,2023,1137648000000.0,82637000000.0,746002000000.0,314402574.0
MARUTI,2022,851688000000.0,38795000000.0,553335000000.0,314402574.0
MASFIN,2025,12698300000.0,3103800000.0,26090300000.0,181453377.0
MASFIN,2024,10083300000.0,2510500000.0,17827100000.0,181453377.0
MASFIN,2023,7747800000.0,2032600000.0,15186500000.0,181453377.0
MASFIN,2022,5664200000.0,1592300000.0,13499100000.0,181453377.0
MASKINVEST,2025,4100000.0,345000.0,980445000.0,3051500.0
MASKINVEST,2024,7426000.0,210000.0,1544627000.0,3051500.0
MASKINVEST,2023,3084000.0,589000.0,980719730.0,3051500.0
MASKINVEST,2022,2198200.0,24170.0,721417010.0,3051500.0
MASTEK,2025,34478200000.0,3759300000.0,24623400000.0,30997340.0
MASTEK,2024,30492400000.0,3002900000.0,20874100000.0,30997340.0
MASTEK,2023,25582000000.0,2930100000.0,16834100000.0,30997340.0
MASTEK,2022,21838400000.0,2951300000.0,10713600000.0,30997340.0
MASTERTR,2025,4728410000.0,1312400000.0,6382530000.0,123016000.0
MASTERTR,2024,4111190000.0,1080800000.0,5042570000.0,123016000.0
MASTERTR,2023,2885120000.0,658870000.0,3650100000.0,123016000.0
MASTERTR,2022,2927260000.0,551750000.0,2998440000.0,123016000.0
MATRIMONY,2025,4558400000.0,452800000.0,2415900000.0,20670293.0
MATRIMONY,2024,4813600000.0,495500000.0,2915000000.0,20670293.0
MATRIMONY,2023,4557700000.0,466700000.0,2530000000.0,20670293.0
MATRIMONY,2022,4344956000.0,535915000.0,3103531000.0,20670293.0
MAWANASUG,2025,14431300000.0,1094200000.0,4919300000.0,39116864.0
MAWANASUG,2024,13509400000.0,376500000.0,4102400000.0,39116864.0
MAWANASUG,2023,14777800000.0,131300000.0,3843100000.0,39116864.0
MAWANASUG,2022,14603800000.0,261500000.0,3842700000.0,39116864.0
MAXESTATES,2025,1604876000.0,408100000.0,22784666000.0,163450352.0
MAXESTATES,2024,929437000.0,-421630000.0,11708984000.0,163450352.0
MAXESTATES,2023,1073420000.0,190149000.0,12112050000.0,163450352.0
MAXESTATES,2022,692887000.0,49989000.0,6088673000.0,163450352.0
MAXHEALTH,2025,69103600000.0,10758800000.0,93808700000.0,973192502.0
MAXHEALTH,2024,53094800000.0,10576400000.0,84081400000.0,973192502.0
MAXHEALTH,2023,44889500000.0,11035100000.0,74095900000.0,973192502.0
MAXHEALTH,2022,38831900000.0,6050500000.0,62824700000.0,973192502.0
MAXIND,2025,1454860000.0,-1403920000.0,3586911000.0,52522862.0
MAXIND,2024,1756271000.0,-563765000.0,4923433000.0,52522862.0
MAXIND,2023,2010334000.0,-103829000.0,5421052000.0,52522862.0
MAXIND,2022,1881264000.0,-161357000.0,6413711000.0,52522862.0
MAYURUNIQ,2025,8725888000.0,1492894000.0,9555719000.0,43452600.0
MAYURUNIQ,2024,7949520000.0,1224683000.0,8671005000.0,43452600.0
MAYURUNIQ,2023,7676452000.0,1042070000.0,7536212000.0,43452600.0
MAYURUNIQ,2022,6504907000.0,943696000.0,7071558000.0,43452600.0
MAZDA,2025,1932640000.0,248543000.0,2299262000.0,20025000.0
MAZDA,2024,2254295000.0,315203000.0,2122404000.0,20025000.0
MAZDA,2023,1895900000.0,266264000.0,1859024000.0,20025000.0
MAZDA,2022,1636648000.0,212440000.0,1640280000.0,20025000.0
MAZDOCK,2025,111960400000.0,24135100000.0,79398800000.0,403380000.0
MAZDOCK,2024,90680100000.0,19369700000.0,62434700000.0,403380000.0
MAZDOCK,2023,75840300000.0,11190300000.0,47601600000.0,403380000.0
MAZDOCK,2022,57176100000.0,6108400000.0,38576800000.0,403380000.0
MBAPL,2025,6909066000.0,574756000.0,4038481000.0,87626940.0
MBAPL,2024,4927781000.0,248449000.0,3509382000.0,87626940.0
MBAPL,2023,5080948000.0,1242037000.0,3283849000.0,87626940.0
MBAPL,2022,2834616000.0,570204000.0,2053171000.0,87626940.0
MBEL,2025,9885540000.0,770470000.0,3065340000.0,57148215.0
MBEL,2024,7950600000.0,456340000.0,2330320000.0,57148215.0
MBEL,2023,8804700000.0,328920000.0,1805120000.0,57148215.0
MBEL,2022,6882250000.0,163130000.0,1450950000.0,57148215.0
MBLINFRA,2025,1283201000.0,1694885000.0,9483238000.0,152529256.0
MBLINFRA,2024,1224147000.0,-393317000.0,7467743000.0,152529256.0
MBLINFRA,2023,1593855000.0,-505167000.0,7860078000.0,152529256.0
MBLINFRA,2022,1643897000.0,1339000.0,8364426000.0,152529256.0
MCL,2025,1246725000.0,46877000.0,457094000.0,27142800.0
MCL,2024,355000000.0,12272000.0,410216000.0,27142800.0
MCL,2023,0.0,-44144000.0,397944000.0,27142800.0
MCL,2022,1222524000.0,-24397000.0,442089000.0,27142800.0
MCLEODRUSS,2025,11720112000.0,-1978653000.0,566404000.0,104455735.0
MCLEODRUSS,2024,11175471000.0,-3115909000.0,2500680000.0,104455735.0
MCLEODRUSS,2023,13291346000.0,-10565115000.0,5693354000.0,104455735.0
MCLEODRUSS,2022,13293312000.0,-1809248000.0,16487274000.0,104455735.0
MCLOUD,2025,5972361000.0,1026907000.0,5174676000.0,589067120.0
MCLOUD,2024,5604286000.0,1027419000.0,4065675000.0,589067120.0
MCLOUD,2023,4274687000.0,738821000.0,2968556000.0,589067120.0
MCLOUD,2022,2526776000.0,294585000.0,771864936.0,589067120.0
MCX,2025,9944900000.0,5600400000.0,18844000000.0,254514090.0
MCX,2024,5835400000.0,831100000.0,13784700000.0,254514090.0
MCX,2023,4476900000.0,1489700000.0,14793000000.0,254514090.0
MCX,2022,3292800000.0,1434500000.0,14181100000.0,254514090.0
MEDANTA,2025,36366810000.0,4814370000.0,33864100000.0,268637432.0
MEDANTA,2024,32409420000.0,4781940000.0,29056270000.0,268637432.0
MEDANTA,2023,26828040000.0,3260790000.0,24282080000.0,268637432.0
MEDANTA,2022,21672979000.0,1961979000.0,16160110000.0,268637432.0
MEDIASSIST,2025,7233210000.0,909620000.0,5414700000.0,74457700.0
MEDIASSIST,2024,6332940000.0,690520000.0,4717420000.0,74457700.0
MEDIASSIST,2023,5023750000.0,753250000.0,3766110000.0,74457700.0
MEDIASSIST,2022,3898200000.0,634670000.0,3371290000.0,74457700.0
MEDICAMEQ,2025,1625472000.0,71082000.0,2118551000.0,13562815.0
MEDICAMEQ,2024,1793062000.0,109310000.0,2050929000.0,13562815.0
MEDICAMEQ,2023,1408674000.0,148441000.0,1934141000.0,13562815.0
MEDICAMEQ,2022,1154453000.0,148977000.0,1464697000.0,13562815.0
MEDICO,2025,1486625000.0,100932000.0,624689000.0,82984000.0
MEDICO,2024,1433103000.0,82909000.0,523709000.0,82984000.0
MEDICO,2023,1384981000.0,72415000.0,438430000.0,82984000.0
MEDICO,2022,1183489000.0,48120000.0,365746000.0,82984000.0
MEDPLUS,2025,60874640000.0,1503220000.0,17405610000.0,120003381.0
MEDPLUS,2024,55735420000.0,654730000.0,15779320000.0,120003381.0
MEDPLUS,2023,45286800000.0,497630000.0,14911780000.0,120003381.0
MEDPLUS,2022,37553750000.0,958020000.0,14177720000.0,120003381.0
MEESHO,2025,93899030000.0,-39417050000.0,14455180000.0,4564055196.0
MEESHO,2024,76151480000.0,-3276410000.0,22296420000.0,4564055196.0
MEESHO,2023,57345190000.0,-16719020000.0,24719150000.0,4564055196.0
MEGASTAR,2025,3610038000.0,37927000.0,936717000.0,11293700.0
MEGASTAR,2024,2748959000.0,63225000.0,921256000.0,11293700.0
MEGASTAR,2023,3042019000.0,100820000.0,460861000.0,11293700.0
MEGASTAR,2022,1847930000.0,54528000.0,358683000.0,11293700.0
MEIL,2025,5494213000.0,473070000.0,1621636000.0,27630124.0
MEIL,2024,4494845000.0,209486000.0,1149876000.0,27630124.0
MEIL,2023,3543089000.0,247381000.0,939716000.0,27630124.0
MEIL,2022,2566475000.0,91952000.0,692155000.0,27630124.0
MENONBE,2025,2368946000.0,249345000.0,1585587000.0,56040000.0
MENONBE,2024,2084849000.0,243551000.0,1449038000.0,56040000.0
MENONBE,2023,2147240000.0,326018000.0,1333196000.0,56040000.0
MENONBE,2022,1936076000.0,245338000.0,1119829000.0,56040000.0
MEP,2024,731652000.0,-8339319000.0,-13130263000.0,183446051.0
MEP,2023,2445570000.0,-2591258000.0,-4661296000.0,183446051.0
MEP,2022,9673714000.0,-2205830000.0,-1141445000.0,183446051.0
METROBRAND,2025,25066100000.0,3506100000.0,17091400000.0,272546738.0
METROBRAND,2024,23558900000.0,4125100000.0,18637300000.0,272546738.0
METROBRAND,2023,21264400000.0,3614500000.0,15477200000.0,272546738.0
METROBRAND,2022,13422540000.0,2115908000.0,12646931000.0,272546738.0
METROPOLIS,2025,13312028000.0,1449683000.0,13309720000.0,207327768.0
METROPOLIS,2024,12077088000.0,1278162000.0,10961555000.0,207327768.0
METROPOLIS,2023,11482102000.0,1428826000.0,9882323000.0,207327768.0
METROPOLIS,2022,12283213000.0,2141821000.0,8861978000.0,207327768.0
MFML,2025,1441429000.0,79107000.0,978565000.0,10620275.0
MFML,2024,1585281000.0,14227000.0,896762000.0,10620275.0
MFML,2023,1426746000.0,-3311000.0,883471000.0,10620275.0
MFSL,2025,463960186000.0,3305862000.0,52745179000.0,345114771.0
MFSL,2024,464943825000.0,3410476000.0,38659257000.0,345114771.0
MFSL,2023,313279828000.0,3784860000.0,35182386000.0,345114771.0
MFSL,2022,311829400000.0,2533700000.0,39346128000.0,345114771.0
MGEL,2025,22686374000.0,231013000.0,2015354000.0,329555600.0
MGEL,2024,18181049000.0,202084000.0,1387966000.0,329555600.0
MGEL,2023,14060497000.0,126964000.0,1144169000.0,329555600.0
MGEL,2022,12762529000.0,43029000.0,796279000.0,329555600.0
MGL,2025,72275100000.0,10405700000.0,58801800000.0,98777778.0
MGL,2024,62669100000.0,12846900000.0,51302100000.0,98777778.0
MGL,2023,62772700000.0,7900500000.0,41342200000.0,98777778.0
MGL,2022,35364600000.0,5969500000.0,35973100000.0,98777778.0
MHLXMIRU,2025,911770000.0,167770000.0,687269000.0,10620275.0
MHLXMIRU,2024,760867000.0,110345000.0,528874000.0,10620275.0
MHLXMIRU,2023,689990000.0,108880000.0,416844000.0,10620275.0
MHLXMIRU,2022,1941886000.0,72881000.0,786707000.0,10620275.0
MHRIL,2025,26401690000.0,1275864000.0,7804495000.0,201664197.0
MHRIL,2024,25740544000.0,1155248000.0,5240673000.0,201664197.0
MHRIL,2023,24001124000.0,1151225000.0,3897759000.0,201664197.0
MHRIL,2022,19139941000.0,675108000.0,2498088000.0,201664197.0
MICEL,2025,832969000.0,98312000.0,2225930000.0,241011560.0
MICEL,2024,500338000.0,618388000.0,1219619000.0,241011560.0
MICEL,2023,50121000.0,1456000.0,601196000.0,241011560.0
MICEL,2022,438567000.0,29628000.0,627744000.0,241011560.0
MIDHANI,2025,10527857000.0,1108374000.0,14149684000.0,187340000.0
MIDHANI,2024,10311877000.0,917818000.0,13191634000.0,187340000.0
MIDHANI,2023,8498760000.0,1562645000.0,12853960000.0,187340000.0
MIDHANI,2022,8369774000.0,1766173000.0,11895328000.0,187340000.0
MINDACORP,2025,49645000000.0,2554000000.0,21975000000.0,235360911.0
MINDACORP,2024,45801000000.0,2272000000.0,19759000000.0,235360911.0
MINDACORP,2023,42279000000.0,2845000000.0,15861000000.0,235360911.0
MINDACORP,2022,29266000000.0,1919000000.0,13254000000.0,235360911.0
MINDTECK,2025,4244200000.0,286800000.0,2598900000.0,31954221.0
MINDTECK,2024,3855300000.0,273100000.0,2209100000.0,31954221.0
MINDTECK,2023,3367300000.0,207700000.0,1906400000.0,31954221.0
MINDTECK,2022,2987800000.0,333100000.0,1755000000.0,31954221.0
MIRCELECTR,2025,7422048000.0,-23017000.0,1257287000.0,369392364.0
MIRCELECTR,2024,9665564000.0,-622083000.0,1284452000.0,369392364.0
MIRCELECTR,2023,11068738000.0,-124679000.0,1908470000.0,369392364.0
MIRCELECTR,2022,11906086000.0,-200714000.0,2032487000.0,369392364.0
MIRZAINT,2025,5479400000.0,-33000000.0,5643600000.0,138201900.0
MIRZAINT,2024,5980100000.0,120700000.0,5526400000.0,138201900.0
MIRZAINT,2023,6023500000.0,264400000.0,5333900000.0,138201900.0
MIRZAINT,2022,13687500000.0,864500000.0,5046700000.0,138201900.0
MITCON,2025,1127119000.0,55565000.0,1267646000.0,13438501.0
MITCON,2024,1294154000.0,53343000.0,1156037000.0,13438501.0
MITCON,2023,836516000.0,42280000.0,1017398000.0,13438501.0
MITCON,2022,1057760000.0,10631000.0,929792000.0,13438501.0
MITTAL,2025,720212000.0,23019000.0,576614000.0,443900775.0
MITTAL,2024,673784000.0,17158000.0,327276000.0,443900775.0
MITTAL,2023,635700000.0,5257000.0,309866000.0,443900775.0
MITTAL,2022,518169000.0,1793000.0,160185000.0,443900775.0
MKPL,2025,2677059633.37,83974222.77,694657516.13,375372000.0
MKPL,2024,2455711174.88,112119289.28,610755578.36,375372000.0
MKPL,2023,3148599734.44,109346169.81,498643304.08,375372000.0
MKPL,2022,2558884035.0,101844578.49,389013531.68,375372000.0
MMFL,2025,15251809000.0,1218620000.0,8912826000.0,48281600.0
MMFL,2024,15630661000.0,1350396000.0,7887329000.0,48281600.0
MMFL,2023,14618820000.0,1279503000.0,6730059000.0,48281600.0
MMFL,2022,11396312000.0,909954000.0,5595491000.0,48281600.0
MMP,2025,6913463000.0,388755000.0,3234419000.0,25402613.0
MMP,2024,5784189000.0,316397000.0,2889921000.0,25402613.0
MMP,2023,5379355000.0,213207000.0,2571368000.0,25402613.0
MMP,2022,4481491000.0,289860000.0,2379619000.0,25402613.0
MMTC,2025,26900000.0,866300000.0,17021800000.0,1500000000.0
MMTC,2024,51300000.0,1921800000.0,15836100000.0,1500000000.0
MMTC,2023,35274000000.0,15622700000.0,14117600000.0,1500000000.0
MMTC,2022,112423000000.0,-2582200000.0,-1480900000.0,1500000000.0
MOBIKWIK,2025,11701740000.0,-1215290000.0,5886500000.0,78730262.0
MOBIKWIK,2024,8750030000.0,140790000.0,1625890000.0,78730262.0
MOBIKWIK,2023,5394670000.0,-838140000.0,1426940000.0,78730262.0
MOBIKWIK,2022,5265650000.0,-1281620000.0,2165420000.0,78730262.0
MODINATUR,2025,6380709000.0,310257000.0,1215541000.0,13306397.0
MODINATUR,2024,3954027000.0,-13784000.0,906177000.0,13306397.0
MODINATUR,2023,4177298000.0,10685000.0,817447000.0,13306397.0
MODINATUR,2022,4739767000.0,93653000.0,772030000.0,13306397.0
MODIRUBBER,2025,292004000.0,204606000.0,6875047000.0,25240532.0
MODIRUBBER,2024,224367000.0,155279000.0,6548590000.0,25240532.0
MODIRUBBER,2023,53236000.0,276551000.0,6383101000.0,25240532.0
MODIRUBBER,2022,51269000.0,256312000.0,6190376000.0,25240532.0
MODIS,2025,865386000.0,122516000.0,1055998000.0,19591200.0
MODIS,2024,577839000.0,66918000.0,854748000.0,19591200.0
MODIS,2023,387058000.0,57637000.0,322552000.0,19591200.0
MODIS,2022,85137000.0,8393000.0,38116000.0,19591200.0
MODISONLTD,2025,4894154000.0,246815000.0,2166059000.0,32450000.0
MODISONLTD,2024,4038028000.0,213624000.0,2034022000.0,32450000.0
MODISONLTD,2023,3341351000.0,111769000.0,1870970000.0,32450000.0
MODISONLTD,2022,3389073000.0,146307000.0,1757920000.0,32450000.0
MODTHREAD,2025,2557850000.0,33693000.0,1327207000.0,34775160.0
MODTHREAD,2024,2950272000.0,254332000.0,1291414000.0,34775160.0
MODTHREAD,2023,2951664000.0,2141164000.0,1033525000.0,34775160.0
MODTHREAD,2022,2194343000.0,79391000.0,-1109295000.0,34775160.0
MOHITIND,2025,1099973000.0,-24272000.0,1760159000.0,14157575.0
MOHITIND,2024,1290678000.0,-19090000.0,2731429000.0,14157575.0
MOHITIND,2023,1637993000.0,-14448000.0,1806457000.0,14157575.0
MOHITIND,2022,1633356000.0,2847000.0,1380536000.0,14157575.0
MOIL,2025,15788944000.0,3816371000.0,26378984000.0,203485211.0
MOIL,2024,14425222000.0,2933407000.0,24530726000.0,203485211.0
MOIL,2023,13346348000.0,2505904000.0,22443173000.0,203485211.0
MOIL,2022,14363044000.0,3769849000.0,21415120000.0,203485211.0
MOKSH,2024,4492011000.0,62529000.0,572502000.0,83748967.0
MOKSH,2023,4465920000.0,61346000.0,509969000.0,83748967.0
MOKSH,2022,3240257000.0,51335000.0,448626000.0,83748967.0
MOL,2025,20564432000.0,-106008000.0,15152575000.0,254314211.0
MOL,2024,15484534000.0,-1060260000.0,15276909000.0,254314211.0
MOL,2023,25275784000.0,2377082000.0,16692275000.0,254314211.0
MOL,2022,24727975000.0,3044208000.0,14662244000.0,254314211.0
MOLDTECH,2025,1458490000.0,121678000.0,1177091000.0,28805118.0
MOLDTECH,2024,1607418000.0,278490000.0,1216513000.0,28805118.0
MOLDTECH,2023,1468756000.0,292675000.0,1037728000.0,28805118.0
MOLDTECH,2022,983534000.0,132993000.0,725783000.0,28805118.0
MOLDTKPAC,2025,7802008000.0,605523000.0,6378952000.0,33228914.0
MOLDTKPAC,2024,6955795000.0,665856000.0,5943888000.0,33228914.0
MOLDTKPAC,2023,7258326000.0,804308000.0,5586941000.0,33228914.0
MOLDTKPAC,2022,6298487000.0,636553000.0,4571060000.0,33228914.0
MONARCH,2025,2618184000.0,1492660000.0,7967906000.0,79268338.0
MONARCH,2024,2391940000.0,1231498000.0,3459140000.0,79268338.0
MONARCH,2023,1509101000.0,429716000.0,2218002000.0,79268338.0
MONARCH,2022,1420385000.0,540502000.0,1679401000.0,79268338.0
MONEYBOXX,2025,1827050000.0,12490000.0,2607191000.0,69809200.0
MONEYBOXX,2024,1151313000.0,91407000.0,1688516000.0,69809200.0
MONEYBOXX,2023,494382000.0,-68037000.0,763982000.0,69809200.0
MONEYBOXX,2022,222745000.0,-37201000.0,345137000.0,69809200.0
MONTECARLO,2025,10990200000.0,811700000.0,8340400000.0,20732064.0
MONTECARLO,2024,10605600000.0,599400000.0,7947900000.0,20732064.0
MONTECARLO,2023,11159700000.0,1325200000.0,7764000000.0,20732064.0
MONTECARLO,2022,9029300000.0,1139400000.0,6872600000.0,20732064.0
MORARJEE,2023,1999174000.0,-1852741000.0,-2783422000.0,34820355.0
MORARJEE,2022,2631785000.0,-881396000.0,-933264000.0,34820355.0
MOREPENLAB,2025,18037348000.0,1180204000.0,11562307000.0,547953699.0
MOREPENLAB,2024,16821343000.0,961599000.0,8472262000.0,547953699.0
MOREPENLAB,2023,14139548000.0,386752000.0,7529081000.0,547953699.0
MOREPENLAB,2022,15415651000.0,1016827000.0,5785612000.0,547953699.0
MOSCHIP,2025,4668419000.0,334645000.0,3280772000.0,193669067.0
MOSCHIP,2024,2939143000.0,98844000.0,2694292000.0,193669067.0
MOSCHIP,2023,1983554000.0,61777000.0,1130695000.0,193669067.0
MOSCHIP,2022,1476440000.0,64530000.0,653842000.0,193669067.0
MOTHERSON,2025,1125409000000.0,38030000000.0,348803000000.0,10531231231.0
MOTHERSON,2024,977794000000.0,27162000000.0,261549000000.0,10531231231.0
MOTHERSON,2023,778707000000.0,14956000000.0,224515000000.0,10531231231.0
MOTHERSON,2022,629366000000.0,5096100000.0,205883000000.0,10531231231.0
MOTILALOFS,2025,64418000000.0,25016400000.0,110793300000.0,601860072.0
MOTILALOFS,2024,51743700000.0,24410600000.0,87317700000.0,601860072.0
MOTILALOFS,2023,38189400000.0,9316900000.0,62522300000.0,601860072.0
MOTILALOFS,2022,36675600000.0,13097800000.0,56743800000.0,601860072.0
MOTISONS,2025,4621115000.0,431711000.0,4135174000.0,1001760000.0
MOTISONS,2024,4167633000.0,322311000.0,3281444000.0,1001760000.0
MOTISONS,2023,3661960000.0,221959000.0,1374081000.0,1001760000.0
MOTISONS,2022,3143301000.0,147472000.0,1154528000.0,1001760000.0
MOTOGENFIN,2025,69717000.0,7966000.0,757181000.0,38727190.0
MOTOGENFIN,2024,62036000.0,11604000.0,749999000.0,38727190.0
MOTOGENFIN,2023,54275000.0,-26231000.0,738307000.0,38727190.0
MOTOGENFIN,2022,41751000.0,-24566000.0,761334000.0,38727190.0
MPHASIS,2025,142299870000.0,17021390000.0,96283960000.0,190666072.0
MPHASIS,2024,132785150000.0,15548200000.0,87946000000.0,190666072.0
MPHASIS,2023,137984970000.0,16379220000.0,79348390000.0,190666072.0
MPHASIS,2022,119614440000.0,14308890000.0,69431310000.0,190666072.0
MPSLTD,2025,7268900000.0,1489095000.0,4784349000.0,16965932.0
MPSLTD,2024,5453100000.0,1187682000.0,4598148000.0,16965932.0
MPSLTD,2023,5004505000.0,1091933000.0,4271469000.0,16965932.0
MPSLTD,2022,4464002000.0,871205000.0,3668718000.0,16965932.0
MRF,2025,279749800000.0,18692900000.0,184884600000.0,4241143.0
MRF,2024,250108100000.0,20812300000.0,167029900000.0,4241143.0
MRF,2023,228505600000.0,7689400000.0,147076600000.0,4241143.0
MRF,2022,190271500000.0,6692400000.0,140317500000.0,4241143.0
MRPL,2025,946434980000.0,562050000.0,129696470000.0,1752598777.0
MRPL,2024,903730830000.0,35970600000.0,132825160000.0,1752598777.0
MRPL,2023,1089755610000.0,26554070000.0,98645290000.0,1752598777.0
MRPL,2022,698153020000.0,29582520000.0,72093530000.0,1752598777.0
MSPL,2025,28824304000.0,-283548000.0,9478905000.0,566796645.0
MSPL,2024,28546672000.0,143587000.0,5512064000.0,566796645.0
MSPL,2023,25344810000.0,-505801000.0,5388114000.0,566796645.0
MSPL,2022,23172216000.0,256975000.0,5872242000.0,566796645.0
MSTCLTD,2025,2801441000.0,4070721000.0,7384139000.0,70400000.0
MSTCLTD,2024,2823213000.0,1650448000.0,6470660000.0,70400000.0
MSTCLTD,2023,2910300000.0,2419567000.0,7865039000.0,70400000.0
MSTCLTD,2022,4267529000.0,1990958000.0,6540424000.0,70400000.0
MSUMI,2025,92716000000.0,6059000000.0,16983000000.0,6631661898.0
MSUMI,2024,82740000000.0,6383000000.0,16768000000.0,6631661898.0
MSUMI,2023,70226000000.0,4870000000.0,13305000000.0,6631661898.0
MSUMI,2022,55872000000.0,4107000000.0,11146000000.0,6631661898.0
MTARTECH,2025,6646460000.0,528870000.0,7289180000.0,30759591.0
MTARTECH,2024,5725980000.0,561130000.0,6763300000.0,30759591.0
MTARTECH,2023,5630240000.0,1034190000.0,6201320000.0,30759591.0
MTARTECH,2022,3159280000.0,608740000.0,5197400000.0,30759591.0
MTEDUCARE,2025,424600000.0,-309938000.0,-17945000.0,72228054.0
MTEDUCARE,2024,470106000.0,-276526000.0,294209000.0,72228054.0
MTEDUCARE,2023,578084000.0,-607074000.0,568292000.0,72228054.0
MTEDUCARE,2022,522844000.0,-255241000.0,1175355000.0,72228054.0
MTNL,2025,6634400000.0,-33276900000.0,-269189800000.0,630000000.0
MTNL,2024,7591700000.0,-32675200000.0,-236441200000.0,630000000.0
MTNL,2023,8765400000.0,-29151100000.0,-208549400000.0,630000000.0
MTNL,2022,11019600000.0,-26031300000.0,-186682700000.0,630000000.0
MUFIN,2025,1776218000.0,192428000.0,2695676000.0,198162188.0
MUFIN,2024,902706000.0,160619000.0,2440975000.0,198162188.0
MUFIN,2023,330878000.0,81167000.0,1536814000.0,198162188.0
MUFIN,2022,152562000.0,108819000.0,1016080000.0,198162188.0
MUFTI,2025,6181800000.0,683710000.0,4101780000.0,65370103.0
MUFTI,2024,5673320000.0,591970000.0,3416690000.0,65370103.0
MUFTI,2023,4981820000.0,775140000.0,2813510000.0,65370103.0
MUFTI,2022,3411720000.0,357400000.0,2357260000.0,65370103.0
MUKANDLTD,2025,48744600000.0,758900000.0,9496200000.0,144495563.0
MUKANDLTD,2024,51553000000.0,1038500000.0,9047800000.0,144495563.0
MUKANDLTD,2023,55456900000.0,1717800000.0,8537800000.0,144495563.0
MUKANDLTD,2022,46076100000.0,1763100000.0,6664600000.0,144495563.0
MUKKA,2025,9800260000.0,464590000.0,4407020000.0,300000000.0
MUKKA,2024,13421060000.0,700520000.0,3960900000.0,300000000.0
MUKKA,2023,11563630000.0,440750000.0,1478030000.0,300000000.0
MUKKA,2022,7661410000.0,242080000.0,983660000.0,300000000.0
MUKTAARTS,2025,1480751000.0,-173109000.0,-461276000.0,22585200.0
MUKTAARTS,2024,1745601000.0,-66590000.0,-276892000.0,22585200.0
MUKTAARTS,2023,1504042000.0,-187537000.0,-206101000.0,22585200.0
MUKTAARTS,2022,1224994000.0,62202000.0,45624000.0,22585200.0
MUNJALAU,2025,20462648000.0,363914000.0,4156962000.0,100000000.0
MUNJALAU,2024,18681838000.0,384901000.0,4011932000.0,100000000.0
MUNJALAU,2023,19680592000.0,561350000.0,3843342000.0,100000000.0
MUNJALAU,2022,18975898000.0,267939000.0,3374941000.0,100000000.0
MUNJALSHOW,2025,12446289000.0,288698000.0,6744734000.0,39995000.0
MUNJALSHOW,2024,11677300000.0,307661000.0,6642503000.0,39995000.0
MUNJALSHOW,2023,12345852000.0,319032000.0,6512383000.0,39995000.0
MUNJALSHOW,2022,10545260000.0,121502000.0,6373870000.0,39995000.0
MURUDCERA,2025,2024117000.0,99244000.0,3720754000.0,60545260.0
MURUDCERA,2024,1860302000.0,51276000.0,3655003000.0,60545260.0
MURUDCERA,2023,1721612000.0,66030000.0,3540377000.0,60545260.0
MURUDCERA,2022,1227846000.0,21470000.0,3398015000.0,60545260.0
MUTHOOTCAP,2025,4625853000.0,457460000.0,6580636000.0,16447533.0
MUTHOOTCAP,2024,3790060000.0,1226579000.0,6117489000.0,16447533.0
MUTHOOTCAP,2023,4295063000.0,786795000.0,4892544000.0,16447533.0
MUTHOOTCAP,2022,3969800000.0,-1619400000.0,4113328000.0,16447533.0
MUTHOOTFIN,2025,128527840000.0,53329000000.0,293646270000.0,401468476.0
MUTHOOTFIN,2024,96564040000.0,43242880000.0,251072070000.0,401468476.0
MUTHOOTFIN,2023,77101620000.0,36122980000.0,216657520000.0,401468476.0
MUTHOOTFIN,2022,79611210000.0,40166210000.0,187857240000.0,401468476.0
MUTHOOTMF,2025,24301270000.0,-2225230000.0,26322270000.0,167606040.0
MUTHOOTMF,2024,19844110000.0,4495830000.0,28043520000.0,167606040.0
MUTHOOTMF,2023,12910410000.0,1638890000.0,16258490000.0,167606040.0
MUTHOOTMF,2022,7230490000.0,473980000.0,13365790000.0,167606040.0
MVGJL,2025,23840170000.0,1004210000.0,7187620000.0,48847441.0
MVGJL,2024,21496730000.0,809260000.0,6177820000.0,48847441.0
MVGJL,2023,20273430000.0,715960000.0,3445500000.0,48847441.0
MVGJL,2022,16939180000.0,436790000.0,2728590000.0,48847441.0
MWL,2025,10600360000.0,294786000.0,2559226000.0,29700674.0
MWL,2024,8178443000.0,218272000.0,1803814000.0,29700674.0
MWL,2023,6444849000.0,172196000.0,1351012000.0,29700674.0
MWL,2022,5230296000.0,123882000.0,454519000.0,29700674.0
NACLIND,2025,12134300000.0,-921300000.0,4270600000.0,234178330.0
NACLIND,2024,17562300000.0,-588900000.0,5111000000.0,234178330.0
NACLIND,2023,20970000000.0,948700000.0,5739400000.0,234178330.0
NACLIND,2022,16333500000.0,734200000.0,4883700000.0,234178330.0
NAGAFERT,2025,7031498000.0,24248714000.0,-9262924000.0,598065003.0
NAGAFERT,2024,47651102000.0,-12839928000.0,-33521009000.0,598065003.0
NAGAFERT,2023,56409695000.0,-9001317000.0,-20697727000.0,598065003.0
NAGAFERT,2022,26920380000.0,-6890226000.0,-11724540000.0,598065003.0
NAGREEKCAP,2025,550101000.0,185616000.0,211290000.0,12615300.0
NAGREEKCAP,2024,628380000.0,133398000.0,25655000.0,12615300.0
NAGREEKCAP,2023,150369000.0,-364182000.0,-107816000.0,12615300.0
NAGREEKCAP,2022,155387000.0,35895000.0,256489000.0,12615300.0
NAGREEKEXP,2025,5288629000.0,31647000.0,1532665000.0,31249250.0
NAGREEKEXP,2024,5440229000.0,60082000.0,1468863000.0,31249250.0
NAGREEKEXP,2023,3813691000.0,30345000.0,1110505000.0,31249250.0
NAGREEKEXP,2022,5370415000.0,61936000.0,1091209000.0,31249250.0
NAHARCAP,2025,248934000.0,498122000.0,15639946000.0,16746167.0
NAHARCAP,2024,223615000.0,117657000.0,15418333000.0,16746167.0
NAHARCAP,2023,239914000.0,1067179000.0,15284196000.0,16746167.0
NAHARCAP,2022,258417000.0,2264645000.0,15592864000.0,16746167.0
NAHARINDUS,2025,15248847000.0,184882000.0,9903363000.0,43205581.0
NAHARINDUS,2024,14642180000.0,97316000.0,9705421000.0,43205581.0
NAHARINDUS,2023,17637633000.0,789220000.0,9597100000.0,43205581.0
NAHARINDUS,2022,19835016000.0,1569703000.0,8970853000.0,43205581.0
NAHARPOLY,2025,6633020000.0,473785000.0,8017099000.0,24587991.0
NAHARPOLY,2024,5972465000.0,56792000.0,7988942000.0,24587991.0
NAHARPOLY,2023,7198158000.0,432019000.0,7793738000.0,24587991.0
NAHARPOLY,2022,4871443000.0,977108000.0,9128259000.0,24587991.0
NAHARSPING,2025,31905124000.0,123525000.0,14893645000.0,36065303.0
NAHARSPING,2024,29547023000.0,-510842000.0,14811749000.0,36065303.0
NAHARSPING,2023,27361811000.0,1107925000.0,15538937000.0,36065303.0
NAHARSPING,2022,34823299000.0,5021877000.0,16005642000.0,36065303.0
NAM-INDIA,2025,22306900000.0,12863900000.0,42129200000.0,638115996.0
NAM-INDIA,2024,16432200000.0,11073200000.0,39821800000.0,638115996.0
NAM-INDIA,2023,13498200000.0,7233300000.0,35156300000.0,638115996.0
NAM-INDIA,2022,13066300000.0,7441500000.0,34786200000.0,638115996.0
NARMADA,2025,656766000.0,40879000.0,558661000.0,37936399.0
NARMADA,2024,503207000.0,10194000.0,169014000.0,37936399.0
NARMADA,2023,500260000.0,6522000.0,158820000.0,37936399.0
NARMADA,2022,349737000.0,6076000.0,152298000.0,37936399.0
NATCAPSUQ,2025,1641512000.0,6174000.0,1862694000.0,10386154.0
NATCAPSUQ,2024,1512897000.0,55535000.0,1571334000.0,10386154.0
NATCAPSUQ,2023,1647196000.0,184462000.0,1232261000.0,10386154.0
NATCAPSUQ,2022,1298760000.0,139139000.0,829793000.0,10386154.0
NATCOPHARM,2025,44116000000.0,18854000000.0,76070000000.0,179109870.0
NATCOPHARM,2024,39788000000.0,13883000000.0,58531000000.0,179109870.0
NATCOPHARM,2023,26969000000.0,7153000000.0,48738000000.0,179109870.0
NATCOPHARM,2022,19049000000.0,1700000000.0,42636000000.0,179109870.0
NATHBIOGEN,2025,3649082000.0,385997000.0,6443872000.0,19004000.0
NATHBIOGEN,2024,3326249000.0,396185000.0,6099187000.0,19004000.0
NATHBIOGEN,2023,3013637000.0,350114000.0,5731734000.0,19004000.0
NATHBIOGEN,2022,2783605000.0,-673853000.0,5419269000.0,19004000.0
NATIONALUM,2025,166621900000.0,52679400000.0,178054400000.0,1836631787.0
NATIONALUM,2024,130701200000.0,19884600000.0,143880900000.0,1836631787.0
NATIONALUM,2023,141708600000.0,14346600000.0,131263700000.0,1836631787.0
NATIONALUM,2022,140589800000.0,29514100000.0,125523900000.0,1836631787.0
NAUKRI,2025,28495510000.0,9621400000.0,349030620000.0,647500360.0
NAUKRI,2024,25363400000.0,5752080000.0,302622910000.0,647500360.0
NAUKRI,2023,23456910000.0,-1074100000.0,133980240000.0,647500360.0
NAUKRI,2022,15890260000.0,127595710000.0,172413600000.0,647500360.0
NAVA,2025,39650882000.0,10932013000.0,76112438000.0,283001276.0
NAVA,2024,38019590000.0,9429689000.0,69087817000.0,283001276.0
NAVA,2023,35083230000.0,9261557000.0,60254265000.0,283001276.0
NAVA,2022,33147060000.0,5102579000.0,49532404000.0,283001276.0
NAVINFLUOR,2025,23296200000.0,2885800000.0,26262300000.0,51240514.0
NAVINFLUOR,2024,20482800000.0,2705000000.0,23826700000.0,51240514.0
NAVINFLUOR,2023,20653800000.0,3751800000.0,21849500000.0,51240514.0
NAVINFLUOR,2022,14480100000.0,2630700000.0,18442200000.0,51240514.0
NAVKARCORP,2025,4762794000.0,-453020000.0,19284860000.0,150519181.0
NAVKARCORP,2024,4294298000.0,55987000.0,19745053000.0,150519181.0
NAVKARCORP,2023,4415202000.0,729952000.0,19765229000.0,150519181.0
NAVKARCORP,2022,4531414000.0,377642000.0,18821422000.0,150519181.0
NAVKARURB,2025,160560744.87,3134322.73,1574259580.3,1122090422.0
NAVKARURB,2024,187158758.73,10157329.57,1573369447.57,1122090422.0
NAVKARURB,2023,119115000.0,12852000.0,1567422000.0,1122090422.0
NAVKARURB,2022,136293000.0,9152000.0,1492303000.0,1122090422.0
NAVNETEDUL,2025,17549300000.0,7584100000.0,18344000000.0,221213181.0
NAVNETEDUL,2024,17235000000.0,2515700000.0,12934000000.0,221213181.0
NAVNETEDUL,2023,16968300000.0,2045400000.0,11503100000.0,221213181.0
NAVNETEDUL,2022,10828900000.0,755600000.0,9478900000.0,221213181.0
NAZARA,2025,16239100000.0,873900000.0,28630500000.0,370465024.0
NAZARA,2024,11382800000.0,712800000.0,19986000000.0,370465024.0
NAZARA,2023,10910200000.0,413900000.0,11048900000.0,370465024.0
NAZARA,2022,6217000000.0,284000000.0,10413000000.0,370465024.0
NBCC,2025,116316751000.0,5411300000.0,24790569000.0,2700000000.0
NBCC,2024,103283783000.0,4015572000.0,22256203000.0,2700000000.0
NBCC,2023,87706364000.0,2666650000.0,19445014000.0,2700000000.0
NBCC,2022,75748919000.0,2243212000.0,17677212000.0,2700000000.0
NBIFIN,2025,131359000.0,84842000.0,33080648000.0,2954850.0
NBIFIN,2024,128148000.0,78658000.0,23381231000.0,2954850.0
NBIFIN,2023,101644000.0,52731000.0,23577031000.0,2954850.0
NBIFIN,2022,118404000.0,79448000.0,21385325000.0,2954850.0
NCC,2025,219991800000.0,8198800000.0,73237100000.0,627846588.0
NCC,2024,207040600000.0,7106900000.0,66397000000.0,627846588.0
NCC,2023,153901000000.0,6092000000.0,61668300000.0,627846588.0
NCC,2022,110672500000.0,4824100000.0,56027400000.0,627846588.0
NCLIND,2025,14108367000.0,251973000.0,8582422000.0,45232790.0
NCLIND,2024,16434134000.0,932187000.0,8491011000.0,45232790.0
NCLIND,2023,16096594000.0,442872000.0,7698631000.0,45232790.0
NCLIND,2022,16334078000.0,943502000.0,7408365000.0,45232790.0
NDGL,2025,678228000.0,344940000.0,12807436000.0,1000000.0
NDGL,2024,77869000.0,338416000.0,8660684000.0,1000000.0
NDGL,2023,27884000.0,704202000.0,7125103000.0,1000000.0
NDGL,2022,46073000.0,730315000.0,6406956000.0,1000000.0
NDL,2025,34864874000.0,334803000.0,6188210000.0,1441471680.0
NDL,2024,19646671000.0,449410000.0,5851705000.0,1441471680.0
NDL,2023,19875479000.0,5316000.0,5400863000.0,1441471680.0
NDL,2022,21232971000.0,676906000.0,5388694000.0,1441471680.0
NDLVENTURE,2025,0.0,5908000.0,600508000.0,33671621.0
NDLVENTURE,2024,0.0,16158000.0,627664000.0,33671621.0
NDLVENTURE,2023,0.0,2740000.0,678937000.0,33671621.0
NDLVENTURE,2022,693025000.0,432191000.0,810969000.0,33671621.0
NDRAUTO,2025,7079048000.0,532579000.0,3023098000.0,23785304.0
NDRAUTO,2024,5977771000.0,387127000.0,2535440000.0,23785304.0
NDRAUTO,2023,3875442000.0,281073000.0,2179231000.0,23785304.0
NDRAUTO,2022,2295002000.0,148866000.0,1912050000.0,23785304.0
NDTV,2025,4650310000.0,-2161000000.0,587270000.0,112824717.0
NDTV,2024,3700060000.0,-202290000.0,2582960000.0,112824717.0
NDTV,2023,3858630000.0,487310000.0,2796390000.0,112824717.0
NDTV,2022,3963960000.0,798410000.0,2328490000.0,112824717.0
NECCLTD,2025,3287247000.0,102525000.0,2190613000.0,100000000.0
NECCLTD,2024,3351152000.0,80220000.0,1939612000.0,100000000.0
NECCLTD,2023,3059922000.0,57710000.0,1048607000.0,100000000.0
NECCLTD,2022,2504277000.0,42575000.0,989361000.0,100000000.0
NECLIFE,2025,16699730000.0,-1136810000.0,9561130000.0,194260970.0
NECLIFE,2024,16840860000.0,49950000.0,10692540000.0,194260970.0
NECLIFE,2023,15236700000.0,-241830000.0,10645940000.0,194260970.0
NECLIFE,2022,16688320000.0,250470000.0,10879040000.0,194260970.0
NELCAST,2025,12402195000.0,372919000.0,5528942000.0,87001200.0
NELCAST,2024,12575651000.0,544112000.0,5191908000.0,87001200.0
NELCAST,2023,12580284000.0,297354000.0,4684006000.0,87001200.0
NELCAST,2022,9208995000.0,142247000.0,4416787000.0,87001200.0
NELCO,2025,3048000000.0,95300000.0,1279000000.0,22818400.0
NELCO,2024,3202100000.0,236700000.0,1235800000.0,22818400.0
NELCO,2023,3129000000.0,198500000.0,1045500000.0,22818400.0
NELCO,2022,2600600000.0,160800000.0,890500000.0,22818400.0
NEOGEN,2025,7577200000.0,348300000.0,7894000000.0,26381674.0
NEOGEN,2024,6708300000.0,356500000.0,7602900000.0,26381674.0
NEOGEN,2023,6604800000.0,499700000.0,4825200000.0,26381674.0
NEOGEN,2022,4749400000.0,446300000.0,4393200000.0,26381674.0
NEPHROPLUS,2025,7483440000.0,670960000.0,5841130000.0,100340717.0
NEPHROPLUS,2024,5395510000.0,351330000.0,4137090000.0,100340717.0
NEPHROPLUS,2023,4145250000.0,-117890000.0,3886310000.0,100340717.0
NEPHROPLUS,2022,4735010000.0,142280000.0,7170000000.0,100340717.0
NESCO,2025,7320071000.0,3752129000.0,26294351000.0,70459960.0
NESCO,2024,6781849000.0,3627836000.0,22965051000.0,70459960.0
NESCO,2023,5460016000.0,2906364000.0,19645235000.0,70459960.0
NESCO,2022,3373987000.0,1891712000.0,16977402000.0,70459960.0
NESTLEIND,2025,200775000000.0,32075900000.0,40102100000.0,1928314320.0
NESTLEIND,2022,167895300000.0,23905200000.0,24591700000.0,1928314320.0
NESTLEIND,2021,146649000000.0,21184100000.0,19463800000.0,1928314320.0
NETWEB,2025,11430810000.0,1144750000.0,5303320000.0,56940687.0
NETWEB,2024,7240680000.0,759030000.0,4227520000.0,56940687.0
NETWEB,2023,4410020000.0,469360000.0,936660000.0,56940687.0
NETWEB,2022,2470330000.0,224530000.0,443700000.0,56940687.0
NETWORK18,2025,67965700000.0,-16870000000.0,47425300000.0,1542000018.0
NETWORK18,2024,91787800000.0,-2063000000.0,149128100000.0,1542000018.0
NETWORK18,2023,61464400000.0,-842700000.0,6750600000.0,1542000018.0
NETWORK18,2022,58148100000.0,2075400000.0,7547600000.0,1542000018.0
NEULANDLAB,2025,14343821000.0,2601081000.0,15248063000.0,12829889.0
NEULANDLAB,2024,15156631000.0,3000789000.0,12827048000.0,12829889.0
NEULANDLAB,2023,11608985000.0,1635176000.0,9940965000.0,12829889.0
NEULANDLAB,2022,9233341000.0,638220000.0,8405008000.0,12829889.0
NEWGEN,2025,14868792000.0,3152424000.0,15164321000.0,140788135.0
NEWGEN,2024,12438286000.0,2516050000.0,12235151000.0,140788135.0
NEWGEN,2023,9739788000.0,1770115000.0,9825309000.0,140788135.0
NEWGEN,2022,7789615000.0,1642147000.0,8114011000.0,140788135.0
NEXTMEDIA,2025,303300000.0,636000000.0,-249900000.0,66892908.0
NEXTMEDIA,2024,383700000.0,-221800000.0,-878800000.0,66892908.0
NEXTMEDIA,2023,362500000.0,-141500000.0,-657500000.0,66892908.0
NEXTMEDIA,2022,256600000.0,-170200000.0,-515100000.0,66892908.0
NFL,2025,58962200000.0,1839800000.0,27158100000.0,490578400.0
NFL,2024,75481100000.0,1500500000.0,25452600000.0,490578400.0
NFL,2023,71168400000.0,4583300000.0,25326400000.0,490578400.0
NFL,2022,49081000000.0,-951200000.0,20797100000.0,490578400.0
NGIL,2025,453609000.0,-36406000.0,278932000.0,17538052.0
NGIL,2024,462828000.0,-21169000.0,193635000.0,17538052.0
NGIL,2023,536908000.0,9116000.0,157105000.0,17538052.0
NGIL,2022,586874000.0,16981000.0,149426000.0,17538052.0
NGLFINE,2025,3630292000.0,211243000.0,2824346000.0,6178024.0
NGLFINE,2024,3337118000.0,413167000.0,2626319000.0,6178024.0
NGLFINE,2023,2735749000.0,204963000.0,2225492000.0,6178024.0
NGLFINE,2022,3128271000.0,498973000.0,2032179000.0,6178024.0
NH,2025,54829770000.0,7893430000.0,36263550000.0,203099835.0
NH,2024,48756560000.0,7856270000.0,28836810000.0,203099835.0
NH,2023,44910610000.0,6062480000.0,21313820000.0,203099835.0
NH,2022,36444530000.0,3419310000.0,14886370000.0,203099835.0
NHPC,2025,103738500000.0,27292300000.0,396681600000.0,10045034805.0
NHPC,2024,92524800000.0,32004500000.0,386685900000.0,10045034805.0
NHPC,2023,104787800000.0,39178300000.0,369552900000.0,10045034805.0
NHPC,2022,90619800000.0,47336600000.0,349689800000.0,10045034805.0
NIACL,2025,440636600000.0,10366300000.0,289951100000.0,1648000000.0
NIACL,2024,442690800000.0,11164800000.0,282959800000.0,1648000000.0
NIACL,2023,418348668000.0,10480008000.0,258634968000.0,1648000000.0
NIACL,2022,365322910000.0,1945708000.0,258049278000.0,1648000000.0
NIBE,2025,5073151000.0,267291000.0,2319849000.0,14941273.0
NIBE,2024,2818379000.0,189797000.0,1608122000.0,14941273.0
NIBE,2023,1053029000.0,15658000.0,744920000.0,14941273.0
NIBE,2022,212436770.0,2124990.0,106295720.0,14941273.0
NIBL,2025,631898000.0,186379000.0,-237494000.0,24230650.0
NIBL,2024,719211000.0,-259970000.0,-407104000.0,24230650.0
NIBL,2023,795457000.0,-128900000.0,-181260000.0,24230650.0
NIBL,2022,681307000.0,-100956000.0,-91610000.0,24230650.0
NIITLTD,2025,3575820000.0,476220000.0,10788980000.0,136383759.0
NIITLTD,2024,3034720000.0,387790000.0,10336110000.0,136383759.0
NIITLTD,2023,3412500000.0,59360000.0,9959080000.0,136383759.0
NIITLTD,2022,2506170000.0,280490000.0,15152740000.0,136383759.0
NIITMTS,2025,16532640000.0,2275000000.0,12099600000.0,137167439.0
NIITMTS,2024,15535080000.0,2132420000.0,9774470000.0,137167439.0
NIITMTS,2023,13617870000.0,1922170000.0,7702880000.0,137167439.0
NILAINFRA,2025,2455612000.0,204985000.0,1642158000.0,393889200.0
NILAINFRA,2024,1834253000.0,112549000.0,1437523000.0,393889200.0
NILAINFRA,2023,1138342000.0,-4496000.0,1326333000.0,393889200.0
NILAINFRA,2022,817468000.0,-19816000.0,1330556000.0,393889200.0
NILASPACES,2025,1357982000.0,146749000.0,1422758000.0,393889200.0
NILASPACES,2024,907137000.0,134226000.0,1275809000.0,393889200.0
NILASPACES,2023,10108000.0,-40623000.0,1141822000.0,393889200.0
NILASPACES,2022,53270000.0,-1212000.0,1182325000.0,393889200.0
NILKAMAL,2025,32917594000.0,1064266000.0,14871959000.0,14922525.0
NILKAMAL,2024,31719008000.0,1222491000.0,14098891000.0,14922525.0
NILKAMAL,2023,30991646000.0,1339486000.0,13142154000.0,14922525.0
NILKAMAL,2022,26927329000.0,833501000.0,12015129000.0,14922525.0
NIMBSPROJ,2025,1782971000.0,636750000.0,2764661000.0,
NIMBSPROJ,2024,71775000.0,666096000.0,2961997000.0,
NIMBSPROJ,2023,22667000.0,220793000.0,-157015000.0,
NIMBSPROJ,2022,38621000.0,142405000.0,-377840000.0,
NINSYS,2025,1398042000.0,263220000.0,613463000.0,18576000.0
NINSYS,2024,830460000.0,155148000.0,349592000.0,18576000.0
NINSYS,2023,322992000.0,55506000.0,193658000.0,18576000.0
NINSYS,2022,198084000.0,27725000.0,139015000.0,18576000.0
NIPPOBATRY,2025,4674650000.0,1237626000.0,4381679000.0,7500000.0
NIPPOBATRY,2024,6406025000.0,96191000.0,2361810000.0,7500000.0
NIPPOBATRY,2023,5720273000.0,-56934000.0,2314773000.0,7500000.0
NIPPOBATRY,2022,5701828000.0,79445000.0,2401965000.0,7500000.0
NIRAJ,2025,5015080000.0,150816000.0,2433624000.0,59694340.0
NIRAJ,2024,4627776000.0,97228000.0,1525355000.0,59694340.0
NIRAJ,2023,5925006000.0,43265000.0,1764702000.0,59694340.0
NIRAJ,2022,3447998000.0,24294000.0,1793872000.0,59694340.0
NIRAJISPAT,2024,32621515.5,8101818.79,129698825.25,600000.0
NIRAJISPAT,2023,55694000.0,16680000.0,121597000.0,600000.0
NIRAJISPAT,2022,48736000.0,7527000.0,104917000.0,600000.0
NITCO,2025,3129227000.0,-7411525000.0,2466232000.0,229116105.0
NITCO,2024,3229660000.0,-1629692000.0,-5121666000.0,229116105.0
NITCO,2023,3802661000.0,-1512480000.0,-3492689000.0,229116105.0
NITCO,2022,4053908000.0,-1261333000.0,-1983240000.0,229116105.0
NITINSPIN,2025,33056542000.0,1754263000.0,13111994000.0,56220000.0
NITINSPIN,2024,29056493000.0,1315182000.0,11463282000.0,56220000.0
NITINSPIN,2023,23850353000.0,1648105000.0,10289011000.0,56220000.0
NITINSPIN,2022,26639717000.0,3261377000.0,8758070000.0,56220000.0
NITIRAJ,2025,765172000.0,48310000.0,828108000.0,10251000.0
NITIRAJ,2024,1004361000.0,120355000.0,796609000.0,10251000.0
NITIRAJ,2023,460795000.0,-3705000.0,675799000.0,10251000.0
NITIRAJ,2022,396263000.0,-35274000.0,676993000.0,10251000.0
NIVABUPA,2025,56907700000.0,2135200000.0,44939900000.0,1847198571.0
NIVABUPA,2024,44272400000.0,818500000.0,39145500000.0,1847198571.0
NIVABUPA,2023,27985230000.0,125400000.0,28553980000.0,1847198571.0
NIVABUPA,2022,18406200000.0,-1965250000.0,25583600000.0,1847198571.0
NKIND,2025,134882000.0,-35526000.0,-3481061000.0,6009900.0
NKIND,2024,164821000.0,-10305000.0,-3441009000.0,6009900.0
NKIND,2023,151290000.0,-18611000.0,-3428939000.0,6009900.0
NKIND,2022,176926000.0,-15256000.0,-3411410000.0,6009900.0
NLCINDIA,2025,152829600000.0,26213600000.0,187229700000.0,1386636609.0
NLCINDIA,2024,130013300000.0,18540800000.0,165310500000.0,1386636609.0
NLCINDIA,2023,161652400000.0,13956800000.0,151688400000.0,1386636609.0
NLCINDIA,2022,119452500000.0,10925700000.0,141891800000.0,1386636609.0
NMDC,2025,239007800000.0,65429100000.0,296957700000.0,8791817550.0
NMDC,2024,213012300000.0,55760500000.0,256559000000.0,8791817550.0
NMDC,2023,176611000000.0,56021400000.0,226208300000.0,8791817550.0
NMDC,2022,259647900000.0,94293900000.0,180182500000.0,8791817550.0
NOCIL,2025,13716300000.0,1028600000.0,17622400000.0,167024930.0
NOCIL,2024,14373100000.0,1330000000.0,16985800000.0,167024930.0
NOCIL,2023,16107700000.0,1491500000.0,15521300000.0,167024930.0
NOCIL,2022,15612500000.0,1761100000.0,14452100000.0,167024930.0
NOIDATOLL,2025,402402000.0,-2442384000.0,-397931000.0,186195002.0
NOIDATOLL,2024,208356000.0,-317304000.0,2044309000.0,186195002.0
NOIDATOLL,2023,237243000.0,-352024000.0,2361790000.0,186195002.0
NOIDATOLL,2022,161368000.0,-413044000.0,2713680000.0,186195002.0
NORBTEAEXP,2025,73276028.0,-1767569.0,163209420.0,15544100.0
NORBTEAEXP,2024,62157244.0,-17007679.0,130994584.0,15544100.0
NORBTEAEXP,2023,72503578.0,2118555.0,148493035.0,15544100.0
NORBTEAEXP,2022,55589694.0,-2663697.0,146077506.0,15544100.0
NORTHARC,2025,20454278000.0,3045479000.0,34342487000.0,161560509.0
NORTHARC,2024,16255913000.0,3083339000.0,22317392000.0,161560509.0
NORTHARC,2023,10405710000.0,2422140000.0,18727800000.0,161560509.0
NORTHARC,2022,7229410000.0,1819380000.0,16564320000.0,161560509.0
NOVAAGRI,2025,2941316000.0,274220000.0,2197825000.0,90019813.0
NOVAAGRI,2024,2524736000.0,283081000.0,1931038000.0,90019813.0
NOVAAGRI,2023,2105554000.0,204896000.0,638797000.0,90019813.0
NOVAAGRI,2022,1855677000.0,136893000.0,431911000.0,90019813.0
NPST,2025,1732077000.0,451963000.0,1037081000.0,20850650.0
NPST,2024,1275522000.0,268910000.0,576877000.0,20850650.0
NPST,2023,408424000.0,65243000.0,286598000.0,20850650.0
NPST,2022,192362000.0,14960000.0,221090000.0,20850650.0
NRAIL,2025,16381127000.0,176510000.0,7745866000.0,17019100.0
NRAIL,2024,12829900000.0,1254629000.0,7602909000.0,17019100.0
NRAIL,2023,17445733000.0,993035000.0,6356326000.0,17019100.0
NRAIL,2022,16006063000.0,610215000.0,5360499000.0,17019100.0
NRBBEARING,2025,11771500000.0,794400000.0,9181700000.0,96922600.0
NRBBEARING,2024,10721300000.0,2394300000.0,8599100000.0,96922600.0
NRBBEARING,2023,10352300000.0,939800000.0,6677600000.0,96922600.0
NRBBEARING,2022,9186300000.0,732700000.0,5885800000.0,96922600.0
NRL,2025,1583127000.0,144534000.0,1177078000.0,69068995.0
NRL,2024,2400832000.0,72080000.0,855732000.0,69068995.0
NRL,2023,1868354000.0,122226000.0,732065000.0,69068995.0
NRL,2022,1590481000.0,188719000.0,631320000.0,69068995.0
NSIL,2025,1088008000.0,467147000.0,166831029000.0,5136163.0
NSIL,2024,818369000.0,562740000.0,126050354000.0,5136163.0
NSIL,2023,1318825000.0,909216000.0,79935036000.0,5136163.0
NSIL,2022,753674000.0,660674000.0,79391519000.0,5136163.0
NSLNISP,2025,85030500000.0,-23737800000.0,131144800000.0,2930605850.0
NSLNISP,2024,30489900000.0,-15603200000.0,154882600000.0,2930605850.0
NSLNISP,2023,0.0,0.0,170485800000.0,2930605850.0
NSLNISP,2022,0.0,0.0,170485800000.0,2930605850.0
NTPC,2025,1862462500000.0,197205400000.0,1840711600000.0,9696666134.0
NTPC,2024,1767196100000.0,198116900000.0,1607092700000.0,9696666134.0
NTPC,2023,1740761500000.0,173256700000.0,1470231700000.0,9696666134.0
NTPC,2022,1313293100000.0,151894200000.0,1353737400000.0,9696666134.0
NTPCGREEN,2025,21341200000.0,4754800000.0,184403400000.0,8426329669.0
NTPCGREEN,2024,18975100000.0,3428500000.0,62321400000.0,8426329669.0
NTPCGREEN,2023,1647130000.0,1712190000.0,48874320000.0,8426329669.0
NUCLEUS,2025,8322500000.0,1630000000.0,8142200000.0,26325306.0
NUCLEUS,2024,8264500000.0,1916000000.0,7774400000.0,26325306.0
NUCLEUS,2023,6344600000.0,1277900000.0,6106600000.0,26325306.0
NUCLEUS,2022,4971900000.0,409100000.0,4936000000.0,26325306.0
NURECA,2025,1096610000.0,8460000.0,1942840000.0,9541920.0
NURECA,2024,919280000.0,-17940000.0,1931100000.0,9541920.0
NURECA,2023,1113230000.0,-82500000.0,1948810000.0,9541920.0
NURECA,2022,2555480000.0,449600000.0,2031990000.0,9541920.0
NUVAMA,2025,21395420000.0,9861750000.0,34901430000.0,182041513.0
NUVAMA,2024,17384530000.0,6253210000.0,28947810000.0,182041513.0
NUVAMA,2023,13229530000.0,3050910000.0,22542410000.0,182041513.0
NUVOCO,2025,101709400000.0,218400000.0,90023200000.0,357156153.0
NUVOCO,2024,105386700000.0,1473700000.0,89835200000.0,357156153.0
NUVOCO,2023,102889800000.0,158600000.0,88389900000.0,357156153.0
NUVOCO,2022,90610600000.0,320800000.0,88212200000.0,357156153.0
NYKAA,2025,78847000000.0,660800000.0,13012800000.0,2863227356.0
NYKAA,2024,63400100000.0,322600000.0,12622300000.0,2863227356.0
NYKAA,2023,51174850000.0,192620000.0,13780100000.0,2863227356.0
NYKAA,2022,37549510000.0,410750000.0,13399000000.0,2863227356.0
OAL,2025,9229400000.0,343283000.0,6629609000.0,33653576.0
OAL,2024,8318095000.0,91042000.0,6323485000.0,33653576.0
OAL,2023,8457927000.0,197429000.0,6249427000.0,33653576.0
OAL,2022,8663537000.0,533023000.0,6052200000.0,33653576.0
OBCL,2025,3388495000.0,23117000.0,917826000.0,21082790.0
OBCL,2024,3327982000.0,36862000.0,894393000.0,21082790.0
OBCL,2023,3670862000.0,36692000.0,857136000.0,21082790.0
OBCL,2022,3031972000.0,78316000.0,820118000.0,21082790.0
OBEROIRLTY,2025,52405632000.0,22255137000.0,157048662000.0,363602237.0
OBEROIRLTY,2024,44794837000.0,19266037000.0,138444120000.0,363602237.0
OBEROIRLTY,2023,41737851000.0,19045471000.0,122101198000.0,363602237.0
OBEROIRLTY,2022,26790447000.0,10470983000.0,104161399000.0,363602237.0
OCCLLTD,2025,3067335000.0,214167000.0,3963131000.0,49950460.0
OCCLLTD,2024,0.0,-599000.0,-736000.0,49950460.0
OCCLLTD,2023,5333826000.0,486369000.0,6023289000.0,49950460.0
OCCLLTD,2022,4390680000.0,430707000.0,5608893000.0,49950460.0
ODIGMA,2025,473389000.0,3899000.0,591894000.0,31258450.0
ODIGMA,2024,423417000.0,454000.0,687937000.0,31258450.0
ODIGMA,2023,117047000.0,6508000.0,15371000.0,31258450.0
ODIGMA,2022,41254000.0,1989000.0,8863000.0,31258450.0
OFSS,2025,68468000000.0,23796000000.0,83624000000.0,87035133.0
OFSS,2024,63730000000.0,22194000000.0,78588000000.0,87035133.0
OFSS,2023,56983090000.0,18061410000.0,74589070000.0,87035133.0
OFSS,2022,52214550000.0,18888260000.0,70996940000.0,87035133.0
OIL,2025,325096600000.0,65509300000.0,497677200000.0,1626607791.0
OIL,2024,324658100000.0,63351000000.0,483389900000.0,1626607791.0
OIL,2023,360839000000.0,87285900000.0,384814900000.0,1626607791.0
OIL,2022,256525900000.0,56216300000.0,305619100000.0,1626607791.0
OILCOUNTUB,2025,1229031500.0,-318612500.0,2314205000.0,51989530.0
OILCOUNTUB,2024,182393800.0,-704480400.0,1947644000.0,51989530.0
OILCOUNTUB,2023,1743000.0,1046750000.0,2498023000.0,51989530.0
OILCOUNTUB,2022,0.0,-513228000.0,-1263284000.0,51989530.0
OLAELEC,2025,39980000000.0,-22760000000.0,51430000000.0,4197994317.0
OLAELEC,2024,47980000000.0,-15840000000.0,-9540000000.0,4197994317.0
OLAELEC,2023,26004760000.0,-14720790000.0,5467470000.0,4197994317.0
OLAELEC,2022,3679930000.0,-7841500000.0,18573270000.0,4197994317.0
OLECTRA,2025,17982229000.0,1388865000.0,10492630000.0,82080737.0
OLECTRA,2024,11541354000.0,768334000.0,9134776000.0,82080737.0
OLECTRA,2023,10896329000.0,655945000.0,8397481000.0,82080737.0
OLECTRA,2022,5924791000.0,353514000.0,7772833000.0,82080737.0
OMAXAUTO,2025,3619765000.0,215465000.0,3151966000.0,21388213.0
OMAXAUTO,2024,3456058000.0,116575000.0,2975854000.0,21388213.0
OMAXAUTO,2023,2906633000.0,-243383000.0,2859035000.0,21388213.0
OMAXAUTO,2022,2105664000.0,234647000.0,3102953000.0,21388213.0
OMAXE,2025,14689700000.0,-6860000000.0,-2051300000.0,182900540.0
OMAXE,2024,15903200000.0,-4026000000.0,4804100000.0,182900540.0
OMAXE,2023,7306300000.0,-3479100000.0,8982100000.0,182900540.0
OMAXE,2022,5046800000.0,-1595300000.0,12449600000.0,182900540.0
OMFREIGHT,2025,4881820000.0,219900000.0,1734720000.0,33675442.0
OMFREIGHT,2024,4083740000.0,103450000.0,1515810000.0,33675442.0
OMFREIGHT,2023,4693000000.0,271580000.0,1392390000.0,33675442.0
OMFREIGHT,2022,5899000000.0,92110000.0,1118270000.0,33675442.0
OMINFRAL,2025,7126014000.0,359663000.0,7459834000.0,96303809.0
OMINFRAL,2024,10838855000.0,470983000.0,7232929000.0,96303809.0
OMINFRAL,2023,7990573000.0,130022000.0,6826059000.0,96303809.0
OMINFRAL,2022,3120378000.0,84828000.0,6611442000.0,96303809.0
OMKARCHEM,2022,229825000.0,-126052000.0,-1710484000.0,20578004.0
OMNI,2025,3202860000.0,438870000.0,2036410000.0,123666020.0
OMNI,2024,1658310000.0,189080000.0,794750000.0,123666020.0
OMNI,2023,1650760000.0,322920000.0,599380000.0,123666020.0
ONELIFECAP,2025,72159000.0,-51426000.0,346842000.0,37360000.0
ONELIFECAP,2024,151691000.0,3873000.0,506999000.0,37360000.0
ONELIFECAP,2023,32001000.0,-24787000.0,820175000.0,37360000.0
ONELIFECAP,2022,34636000.0,-3965000.0,844997000.0,37360000.0
ONEPOINT,2025,2563566000.0,331567000.0,4049786000.0,262497155.0
ONEPOINT,2024,1697631000.0,213815000.0,1396539000.0,262497155.0
ONEPOINT,2023,1402547000.0,87896000.0,551991000.0,262497155.0
ONEPOINT,2022,1316874000.0,34138000.0,466379000.0,262497155.0
ONESOURCE,2025,14448530000.0,-172810000.0,58805790000.0,114621201.0
ONESOURCE,2024,1719190000.0,-3656970000.0,3957130000.0,114621201.0
ONESOURCE,2023,387140000.0,-4156450000.0,7854530000.0,114621201.0
ONGC,2025,6089508950000.0,362256230000.0,3434404760000.0,12580279206.0
ONGC,2024,5986442330000.0,491439260000.0,3390688760000.0,12580279206.0
ONGC,2023,6295101440000.0,367093340000.0,2845453780000.0,12580279206.0
ONGC,2022,4893010620000.0,455221060000.0,2603617490000.0,12580279206.0
ONMOBILE,2025,5730240000.0,-401730000.0,6227490000.0,106321351.0
ONMOBILE,2024,5132400000.0,152370000.0,6496670000.0,106321351.0
ONMOBILE,2023,5251650000.0,67270000.0,6546130000.0,106321351.0
ONMOBILE,2022,5195440000.0,324560000.0,6527880000.0,106321351.0
ONWARDTEC,2025,4913161000.0,270777000.0,2243010000.0,22444191.0
ONWARDTEC,2024,4723917000.0,339177000.0,2071323000.0,22444191.0
ONWARDTEC,2023,4409283000.0,114801000.0,1738683000.0,22444191.0
ONWARDTEC,2022,3072687000.0,236840000.0,1632106000.0,22444191.0
OPTIEMUS,2025,18899968000.0,633301000.0,6652950000.0,88688783.0
OPTIEMUS,2024,15277228000.0,567596000.0,4264748000.0,88688783.0
OPTIEMUS,2023,11419665000.0,418680000.0,3824623000.0,88688783.0
OPTIEMUS,2022,4647378000.0,-9217000.0,3301032000.0,88688783.0
ORBTEXP,2025,2137031000.0,390124000.0,2733260000.0,26511152.0
ORBTEXP,2024,1966883000.0,340692000.0,2336760000.0,26511152.0
ORBTEXP,2023,1938488000.0,343820000.0,2178580000.0,26511152.0
ORBTEXP,2022,1246175000.0,177981000.0,1945884000.0,26511152.0
ORCHASP,2025,210827000.0,-105235000.0,1121563000.0,319550366.0
ORCHASP,2024,132453000.0,6795000.0,1080812000.0,319550366.0
ORCHASP,2023,234558000.0,3501000.0,1010016000.0,319550366.0
ORCHASP,2022,372941000.0,559000.0,1006507000.0,319550366.0
ORCHPHARMA,2025,9139130000.0,996568000.0,12672854000.0,50719105.0
ORCHPHARMA,2024,8190663000.0,921665000.0,11694661000.0,50719105.0
ORCHPHARMA,2023,6658984000.0,530934000.0,6886490000.0,50719105.0
ORCHPHARMA,2022,5595574000.0,-604214000.0,6473799000.0,50719105.0
ORICONENT,2025,1686920000.0,23095000.0,12522079000.0,157047715.0
ORICONENT,2024,1442872000.0,4427000.0,11752185000.0,157047715.0
ORICONENT,2023,1442108000.0,-217169000.0,10330340000.0,157047715.0
ORICONENT,2022,4985857000.0,1636864000.0,11518041000.0,157047715.0
ORIENTALTL,2025,210203000.0,85653000.0,979994000.0,73507265.0
ORIENTALTL,2024,36463000.0,-65017000.0,610602000.0,73507265.0
ORIENTALTL,2023,87146000.0,-43190000.0,682961000.0,73507265.0
ORIENTALTL,2022,185323000.0,-58659000.0,705523000.0,73507265.0
ORIENTBELL,2025,6666063000.0,28423000.0,3160855000.0,14710476.0
ORIENTBELL,2024,6694796000.0,9124000.0,3130273000.0,14710476.0
ORIENTBELL,2023,6996393000.0,224891000.0,3102420000.0,14710476.0
ORIENTBELL,2022,6507060000.0,321853000.0,2847792000.0,14710476.0
ORIENTCEM,2025,27040771000.0,912464000.0,18079099000.0,205459873.0
ORIENTCEM,2024,31765391000.0,1748527000.0,17432424000.0,205459873.0
ORIENTCEM,2023,29342603000.0,1228151000.0,16037017000.0,205459873.0
ORIENTCEM,2022,27164903000.0,2632508000.0,15254282000.0,205459873.0
ORIENTCER,2025,3244377000.0,99259000.0,2829695000.0,119639200.0
ORIENTCER,2024,3123386000.0,190176000.0,2756773000.0,119639200.0
ORIENTCER,2023,3014194000.0,142135000.0,2603033000.0,119639200.0
ORIENTCER,2022,2656787000.0,68610000.0,2475131000.0,119639200.0
ORIENTELEC,2025,30513100000.0,832100000.0,6943000000.0,213365899.0
ORIENTELEC,2024,27718800000.0,752700000.0,6389300000.0,213365899.0
ORIENTELEC,2023,24891600000.0,758500000.0,5846400000.0,213365899.0
ORIENTELEC,2022,24071400000.0,1266400000.0,5413100000.0,213365899.0
ORIENTHOT,2025,4396980000.0,392060000.0,6818255000.0,178599180.0
ORIENTHOT,2024,3931615000.0,496524000.0,6184350000.0,178599180.0
ORIENTHOT,2023,3945138000.0,542623000.0,5390150000.0,178599180.0
ORIENTHOT,2022,2193985000.0,-202534000.0,4398285000.0,178599180.0
ORIENTLTD,2025,1415307000.0,-27755000.0,654905000.0,10000000.0
ORIENTLTD,2024,1688100000.0,-10615000.0,681534000.0,10000000.0
ORIENTLTD,2023,1700222000.0,-33851000.0,691764000.0,10000000.0
ORIENTLTD,2022,1591703000.0,-35981000.0,724973000.0,10000000.0
ORIENTPPR,2025,8806288000.0,-546584000.0,15350786000.0,212185502.0
ORIENTPPR,2024,8149609000.0,62253000.0,16189830000.0,212185502.0
ORIENTPPR,2023,9319947000.0,992457000.0,15154791000.0,212185502.0
ORIENTPPR,2022,5809321000.0,-288765000.0,15528556000.0,212185502.0
ORIENTTECH,2025,8395306000.0,504365000.0,3296807000.0,45805916.0
ORIENTTECH,2024,6028927000.0,414482000.0,1753061000.0,45805916.0
ORIENTTECH,2023,5351020000.0,382980000.0,1288240000.0,45805916.0
ORIENTTECH,2022,4674430000.0,334930000.0,941050000.0,45805916.0
ORISSAMINE,2025,646159000.0,-402239000.0,-515781000.0,6000000.0
ORISSAMINE,2024,822792000.0,28191000.0,-107392000.0,6000000.0
ORISSAMINE,2023,355307000.0,-165421000.0,-128027000.0,6000000.0
ORISSAMINE,2022,826787000.0,-144940000.0,35302000.0,6000000.0
ORTINGLOBE,2025,3422000.0,-8464000.0,19775000.0,8131392.0
ORTINGLOBE,2024,21115000.0,-80410000.0,28239000.0,8131392.0
ORTINGLOBE,2023,60203000.0,-936000.0,108649000.0,8131392.0
ORTINGLOBE,2022,82308000.0,-3987000.0,109569000.0,8131392.0
OSIAHYPER,2025,14271267000.0,195153000.0,3925309000.0,164573900.0
OSIAHYPER,2024,11444745000.0,182977000.0,1993356000.0,164573900.0
OSIAHYPER,2023,7388167000.0,95014000.0,1129005000.0,164573900.0
OSIAHYPER,2022,5896431000.0,90400000.0,913488000.0,164573900.0
OSWALAGRO,2025,1617669000.0,1128361000.0,9508187000.0,134234776.0
OSWALAGRO,2024,1586000.0,45734000.0,8376712000.0,134234776.0
OSWALAGRO,2023,279470100.0,238770980.0,8329152300.0,134234776.0
OSWALAGRO,2022,110213470.0,190932780.0,8084627730.0,134234776.0
OSWALGREEN,2025,582482000.0,85321000.0,24999947000.0,256809159.0
OSWALGREEN,2024,572792000.0,63719000.0,24894342000.0,256809159.0
OSWALGREEN,2023,792440000.0,378783000.0,24828179000.0,256809159.0
OSWALGREEN,2022,903509000.0,460534000.0,24834602000.0,256809159.0
OSWALPUMPS,2024,7448600000.0,976650000.0,1792710000.0,113977414.0
OSWALPUMPS,2023,3698270000.0,341990000.0,790700000.0,113977414.0
OSWALPUMPS,2022,3454620000.0,169290000.0,436710000.0,113977414.0
OSWALSEEDS,2025,2459128000.0,35289000.0,437284000.0,91470000.0
OSWALSEEDS,2024,2690323000.0,-41611000.0,402043000.0,91470000.0
OSWALSEEDS,2023,2723308000.0,57065000.0,443652000.0,91470000.0
OSWALSEEDS,2022,2405170000.0,54356000.0,386587000.0,91470000.0
PACEDIGITK,2025,24387670000.0,2676080000.0,11698950000.0,215851327.0
PACEDIGITK,2024,24330230000.0,2194350000.0,5395770000.0,215851327.0
PACEDIGITK,2023,5025350000.0,142920000.0,3183070000.0,215851327.0
PACEDIGITK,2022,4034100000.0,109680000.0,3037610000.0,215851327.0
PAGEIND,2025,49130560000.0,7291420000.0,14071960000.0,11153874.0
PAGEIND,2024,45470940000.0,5691930000.0,15969280000.0,11153874.0
PAGEIND,2023,46783390000.0,5712490000.0,13710480000.0,11153874.0
PAGEIND,2022,37252260000.0,5365310000.0,10886260000.0,11153874.0
PAISALO,2025,7700900000.0,2001207000.0,15349806000.0,909521874.0
PAISALO,2024,6566606000.0,1789730000.0,13294166000.0,909521874.0
PAISALO,2023,2641546000.0,936186000.0,11625377000.0,909521874.0
PAISALO,2022,2081215000.0,792507000.0,10234653000.0,909521874.0
PAKKA,2025,4060408000.0,375197000.0,4520564000.0,44948100.0
PAKKA,2024,4047429000.0,408073000.0,2482209000.0,44948100.0
PAKKA,2023,4083082000.0,460429000.0,2051026000.0,44948100.0
PAKKA,2022,2910863000.0,357102000.0,1651379000.0,44948100.0
PALASHSECU,2025,485552000.0,-126648000.0,5870775000.0,10003102.0
PALASHSECU,2024,408814000.0,-96194000.0,4828107000.0,10003102.0
PALASHSECU,2023,530508000.0,-155738000.0,3848567000.0,10003102.0
PALASHSECU,2022,539019000.0,-85464000.0,5484400000.0,10003102.0
PALREDTEC,2025,856656000.0,-77577000.0,484125000.0,12232566.0
PALREDTEC,2024,1159870000.0,-34229000.0,562869000.0,12232566.0
PALREDTEC,2023,1480201000.0,-382000.0,597648000.0,12232566.0
PALREDTEC,2022,1275877000.0,-17143000.0,358173000.0,12232566.0
PANACEABIO,2025,4926000000.0,-83700000.0,8347860000.0,61250746.0
PANACEABIO,2024,5519290000.0,-11730000.0,8420460000.0,61250746.0
PANACEABIO,2023,4569190000.0,-332370000.0,8436030000.0,61250746.0
PANACEABIO,2022,6592230000.0,10783150000.0,8766360000.0,61250746.0
PANACHE,2025,1161136000.0,56569000.0,658869000.0,15228000.0
PANACHE,2024,965425000.0,-5672000.0,318745000.0,15228000.0
PANACHE,2023,1117961000.0,13131000.0,314424000.0,15228000.0
PANACHE,2022,859093000.0,14603000.0,304346000.0,15228000.0
PANAMAPET,2025,27928900000.0,1870300000.0,12550100000.0,60493598.0
PANAMAPET,2024,23567400000.0,1951500000.0,11027100000.0,60493598.0
PANAMAPET,2023,22487200000.0,2329700000.0,9520800000.0,60493598.0
PANAMAPET,2022,21323500000.0,2303400000.0,7682100000.0,60493598.0
PANSARI,2025,301807000.0,75009000.0,1342368000.0,17446800.0
PANSARI,2024,477122000.0,52076000.0,1266488000.0,17446800.0
PANSARI,2023,227863000.0,20107000.0,1214220000.0,17446800.0
PANSARI,2022,595068000.0,36417000.0,1193518000.0,17446800.0
PAR,2025,1005460000.0,133579000.0,989749000.0,12304636.0
PAR,2024,951066000.0,145010000.0,856320000.0,12304636.0
PAR,2023,950951000.0,113341000.0,712383000.0,12304636.0
PAR,2022,742001000.0,92133000.0,598772000.0,12304636.0
PARACABLES,2025,15548105000.0,869700000.0,7171908000.0,305209814.0
PARACABLES,2024,10572812000.0,856318000.0,6261559000.0,305209814.0
PARACABLES,2023,7832465000.0,477675000.0,2950818000.0,305209814.0
PARACABLES,2022,5741781000.0,82052000.0,2017425000.0,305209814.0
PARADEEP,2025,72012483000.0,5517855000.0,40768839000.0,1038170594.0
PARADEEP,2024,56433103000.0,999092000.0,35644001000.0,1038170594.0
PARADEEP,2023,47698791000.0,3041926000.0,35047023000.0,1038170594.0
PARADEEP,2022,38757495000.0,3984532000.0,22249974000.0,1038170594.0
PARAGMILK,2025,33266700000.0,1187900000.0,10234000000.0,124998539.0
PARAGMILK,2024,30776700000.0,905900000.0,9121100000.0,124998539.0
PARAGMILK,2023,28537490000.0,532540000.0,8079090000.0,124998539.0
PARAGMILK,2022,20426160000.0,-5324950000.0,5540290000.0,124998539.0
PARAS,2025,3646055000.0,634713000.0,6399388000.0,80587330.0
PARAS,2024,2534559000.0,320601000.0,4446141000.0,80587330.0
PARAS,2023,2207475000.0,360586000.0,4132497000.0,80587330.0
PARAS,2022,1825208000.0,270431000.0,3781554000.0,80587330.0
PARASPETRO,2025,0.0,782000.0,203388000.0,334221000.0
PARASPETRO,2024,0.0,-3738000.0,168984000.0,334221000.0
PARASPETRO,2023,0.0,3397000.0,208611000.0,334221000.0
PARASPETRO,2022,0.0,8562470.0,205214820.0,334221000.0
PARKHOSPS,2025,13917910000.0,2051630000.0,10695830000.0,431930864.0
PARKHOSPS,2024,12290640000.0,1534920000.0,8827950000.0,431930864.0
PARKHOSPS,2023,12523750000.0,2196740000.0,6865610000.0,431930864.0
PARKHOTELS,2025,6108300000.0,835900000.0,12841200000.0,213374246.0
PARKHOTELS,2024,5613900000.0,687900000.0,11979900000.0,213374246.0
PARKHOTELS,2023,4965900000.0,480700000.0,5557000000.0,213374246.0
PARKHOTELS,2022,2493200000.0,-282020000.0,5085130000.0,213374246.0
PARSVNATH,2025,2524553000.0,-3453741000.0,-20414790000.0,435181170.0
PARSVNATH,2024,4604372000.0,-5932528000.0,-16963073000.0,435181170.0
PARSVNATH,2023,4374996000.0,-8001810000.0,-11028342000.0,435181170.0
PARSVNATH,2022,8969469000.0,-4922967000.0,-3030103000.0,435181170.0
PASHUPATI,2025,6315529000.0,128803000.0,1543381000.0,15784000.0
PASHUPATI,2024,6529167000.0,83040000.0,1185543000.0,15784000.0
PASHUPATI,2023,3678075000.0,38786000.0,1113966000.0,15784000.0
PASHUPATI,2022,5961990000.0,111255000.0,1084353000.0,15784000.0
PASUPTAC,2025,6214300000.0,353800000.0,3641401000.0,89133121.0
PASUPTAC,2024,5752300000.0,131900000.0,3287692000.0,89133121.0
PASUPTAC,2023,8257487000.0,359105000.0,3156867000.0,89133121.0
PASUPTAC,2022,7748080000.0,458966000.0,2795202000.0,89133121.0
PATANJALI,2025,341381561000.0,13007064000.0,113708889000.0,1087875298.0
PATANJALI,2024,316589464000.0,7651509000.0,102053132000.0,1087875298.0
PATANJALI,2023,312677104000.0,8864411000.0,98465667000.0,1087875298.0
PATANJALI,2022,239183447000.0,8063089000.0,61708404000.0,1087875298.0
PATELENG,2025,45065170000.0,2478520000.0,37846730000.0,955047697.0
PATELENG,2024,42219460000.0,3022100000.0,31536190000.0,955047697.0
PATELENG,2023,36547560000.0,1483830000.0,28879560000.0,955047697.0
PATELENG,2022,33803050000.0,720980000.0,23836360000.0,955047697.0
PATELRMART,2025,8132193000.0,252781000.0,1345744000.0,33400528.0
PATELRMART,2024,8034470000.0,225334000.0,944033000.0,33400528.0
PATELRMART,2023,10081880000.0,163797000.0,718692000.0,33400528.0
PATINTLOG,2025,3420937000.0,75995000.0,1216601000.0,69585746.0
PATINTLOG,2024,2901448000.0,55381000.0,1193222000.0,69585746.0
PATINTLOG,2023,2778563000.0,48968000.0,1176889000.0,69585746.0
PATINTLOG,2022,2340148000.0,22727000.0,1172557000.0,69585746.0
PAUSHAKLTD,2025,2095332000.0,493773000.0,4654878000.0,24656912.0
PAUSHAKLTD,2024,2048439000.0,543533000.0,4081232000.0,24656912.0
PAUSHAKLTD,2023,2107732000.0,540055000.0,3536928000.0,24656912.0
PAUSHAKLTD,2022,1485187000.0,376119000.0,3055621000.0,24656912.0
PAVNAIND,2025,3082369000.0,73710000.0,1997164000.0,139530000.0
PAVNAIND,2024,3168749000.0,105606000.0,729965000.0,139530000.0
PAVNAIND,2023,3617062000.0,83579000.0,616652000.0,139530000.0
PAVNAIND,2022,3156119000.0,79507000.0,542673000.0,139530000.0
PAYTM,2025,67408000000.0,-6587000000.0,150267000000.0,640109676.0
PAYTM,2024,98699000000.0,-14170000000.0,133266000000.0,640109676.0
PAYTM,2023,79044000000.0,-17759000000.0,130156000000.0,640109676.0
PAYTM,2022,49625000000.0,-23929000000.0,141516000000.0,640109676.0
PCBL,2025,83560400000.0,4346000000.0,36974400000.0,393462604.0
PCBL,2024,63871000000.0,4909400000.0,32466900000.0,393462604.0
PCBL,2023,57518400000.0,4418000000.0,28301700000.0,393462604.0
PCBL,2022,44250300000.0,4260200000.0,26139900000.0,393462604.0
PCJEWELLER,2025,22446000000.0,5777000000.0,61928000000.0,8648603175.0
PCJEWELLER,2024,6054000000.0,-6293600000.0,29313500000.0,8648603175.0
PCJEWELLER,2023,24726800000.0,-2032000000.0,36905500000.0,8648603175.0
PCJEWELLER,2022,16061300000.0,-3910000000.0,38887300000.0,8648603175.0
PDMJEPAPER,2025,8058180000.0,957597000.0,5828725000.0,94950000.0
PDMJEPAPER,2024,7821193000.0,981405000.0,4922952000.0,94950000.0
PDMJEPAPER,2023,7564741000.0,593953000.0,3969853000.0,94950000.0
PDMJEPAPER,2022,5531202000.0,345320000.0,3426992000.0,94950000.0
PDSL,2025,121000958000.0,1568931000.0,16504631000.0,141219101.0
PDSL,2024,99749701000.0,1442310000.0,11664976000.0,141219101.0
PDSL,2023,103454905000.0,2649784000.0,10536783000.0,141219101.0
PDSL,2022,86802901000.0,2484099000.0,8724019000.0,141219101.0
PEARLPOLY,2025,219721000.0,-51200000.0,334004000.0,16834932.0
PEARLPOLY,2024,161496000.0,6541000.0,385528000.0,16834932.0
PEARLPOLY,2023,171240000.0,-81727000.0,380387000.0,16834932.0
PEARLPOLY,2022,139918000.0,218438000.0,460823000.0,16834932.0
PENIND,2025,31209200000.0,1192700000.0,9984500000.0,134946231.0
PENIND,2024,30280300000.0,983400000.0,8765000000.0,134946231.0
PENIND,2023,21453400000.0,754200000.0,7780200000.0,134946231.0
PENIND,2022,22160700000.0,418300000.0,7351800000.0,134946231.0
PENINLAND,2025,2498500000.0,-360000000.0,2295300000.0,331728220.0
PENINLAND,2024,5576700000.0,1287800000.0,2460800000.0,331728220.0
PENINLAND,2023,9724400000.0,970300000.0,173900000.0,331728220.0
PENINLAND,2022,4050100000.0,-1099500000.0,-1053400000.0,331728220.0
PERSISTENT,2025,119387170000.0,14001610000.0,63190650000.0,156365917.0
PERSISTENT,2024,98215870000.0,10934910000.0,49577070000.0,156365917.0
PERSISTENT,2023,83505920000.0,9210930000.0,39650780000.0,156365917.0
PERSISTENT,2022,57107460000.0,6903860000.0,33682200000.0,156365917.0
PETRONET,2025,506802400000.0,39726800000.0,198775300000.0,1500000088.0
PETRONET,2024,519279300000.0,36524400000.0,174101100000.0,1500000088.0
PETRONET,2023,589273000000.0,33258200000.0,152645600000.0,1500000088.0
PETRONET,2022,426855800000.0,34381200000.0,136681000000.0,1500000088.0
PFC,2025,416776700000.0,229908100000.0,1177383500000.0,3300101760.0
PFC,2024,335664000000.0,197611600000.0,1011467700000.0,3300101760.0
PFC,2023,275173700000.0,158893300000.0,841584900000.0,3300101760.0
PFC,2022,302370000000.0,140147900000.0,716762400000.0,3300101760.0
PFIZER,2025,22810000000.0,7676000000.0,42174100000.0,45747732.0
PFIZER,2024,21926900000.0,5513300000.0,35955400000.0,45747732.0
PFIZER,2023,24223200000.0,6239300000.0,32073000000.0,45747732.0
PFIZER,2022,26109900000.0,6125600000.0,28644100000.0,45747732.0
PFOCUS,2025,35379100000.0,-3771100000.0,7589365000.0,775990547.0
PFOCUS,2024,39300500000.0,-4045400000.0,5160200000.0,775990547.0
PFOCUS,2023,46281100000.0,1472900000.0,251800000.0,775990547.0
PFOCUS,2022,33691500000.0,-1715700000.0,1143000000.0,775990547.0
PFS,2025,5544100000.0,2170500000.0,27543200000.0,642283335.0
PFS,2024,7043800000.0,1607500000.0,25387400000.0,642283335.0
PFS,2023,7485770000.0,1758072000.0,24427412000.0,642283335.0
PFS,2022,9283458000.0,1299848000.0,22638729000.0,642283335.0
PGEL,2025,47964041000.0,2877963000.0,28282070000.0,284573451.0
PGEL,2024,27112401000.0,1349002000.0,10380815000.0,284573451.0
PGEL,2023,21332005000.0,774686000.0,3959278000.0,284573451.0
PGEL,2022,10940044000.0,374156000.0,3122980000.0,284573451.0
PGHH,2024,41915700000.0,6750200000.0,7748600000.0,32460736.0
PGHH,2023,39052100000.0,6781400000.0,9460300000.0,32460736.0
PGHH,2022,37924500000.0,5757500000.0,7375700000.0,32460736.0
PGHH,2021,35702400000.0,6517900000.0,7142700000.0,32460736.0
PGHL,2024,11294900000.0,2009800000.0,5382400000.0,16599382.0
PGHL,2023,12058600000.0,2294700000.0,7508900000.0,16599382.0
PGHL,2022,10920400000.0,1925200000.0,6164900000.0,16599382.0
PGHL,2021,9907900000.0,1768000000.0,7037100000.0,16599382.0
PGIL,2025,44150182000.0,2483317000.0,11556995000.0,46146017.0
PGIL,2024,33802685000.0,1748338000.0,8020273000.0,46146017.0
PGIL,2023,30505233000.0,1492544000.0,7224656000.0,46146017.0
PGIL,2022,26295735000.0,681464000.0,5989392000.0,46146017.0
PHOENIXLTD,2025,37193324000.0,9842257000.0,104481460000.0,357634631.0
PHOENIXLTD,2024,38991356000.0,10992088000.0,94577110000.0,357634631.0
PHOENIXLTD,2023,26011990000.0,13349608000.0,83797656000.0,357634631.0
PHOENIXLTD,2022,14493826000.0,2373546000.0,65824813000.0,357634631.0
PICCADIL,2025,8181250000.0,1023443000.0,6800883000.0,98571508.0
PICCADIL,2024,7794286000.0,1097635000.0,3397088000.0,98571508.0
PICCADIL,2023,6088870000.0,223342000.0,2315059000.0,98571508.0
PICCADIL,2022,5735170000.0,292424000.0,2066582000.0,98571508.0
PIDILITIND,2025,130938500000.0,20762400000.0,97544600000.0,1017766288.0
PIDILITIND,2024,123370700000.0,17293800000.0,84071600000.0,1017766288.0
PIDILITIND,2023,117516200000.0,12732500000.0,72122800000.0,1017766288.0
PIDILITIND,2022,98799700000.0,12075600000.0,64037100000.0,1017766288.0
PIGL,2025,1688400000.0,117600000.0,1105700000.0,21168900.0
PIGL,2024,974900000.0,59000000.0,512200000.0,21168900.0
PIGL,2023,930900000.0,36400000.0,453000000.0,21168900.0
PIGL,2022,912900000.0,29000000.0,364500000.0,21168900.0
PIIND,2025,79034000000.0,16602000000.0,101570000000.0,151703229.0
PIIND,2024,76116000000.0,16815000000.0,87310000000.0,151703229.0
PIIND,2023,64582000000.0,12295000000.0,71985000000.0,151703229.0
PIIND,2022,52995000000.0,8438000000.0,61204000000.0,151703229.0
PILANIINVS,2025,3015133000.0,984828000.0,159800867000.0,11072250.0
PILANIINVS,2024,2859642000.0,1664576000.0,146072432000.0,11072250.0
PILANIINVS,2023,2783171000.0,2459307000.0,111694744000.0,11072250.0
PILANIINVS,2022,2574542000.0,2014242000.0,111022675000.0,11072250.0
PILITA,2025,979977000.0,52426000.0,794246000.0,235000000.0
PILITA,2024,944863000.0,46195000.0,741820000.0,235000000.0
PILITA,2023,823207000.0,30436000.0,695625000.0,235000000.0
PILITA,2022,639973000.0,25138000.0,665189000.0,235000000.0
PINELABS,2025,19048060000.0,-1454870000.0,34307650000.0,1148276377.0
PINELABS,2024,14331190000.0,-3419030000.0,34665460000.0,1148276377.0
PINELABS,2023,13537120000.0,-2651450000.0,36635970000.0,1148276377.0
PIONEEREMB,2025,3734431000.0,44863000.0,1548848000.0,30815442.0
PIONEEREMB,2024,3343323000.0,37232000.0,1455420000.0,30815442.0
PIONEEREMB,2023,2948859000.0,84951000.0,1287604000.0,30815442.0
PIONEEREMB,2022,2907566000.0,110448000.0,1209272000.0,30815442.0
PIRAMALFIN,2025,70937000000.0,-66500000.0,1665651000.0,225756966.0
PIRAMALFIN,2024,65688400000.0,-19752800000.0,1489470000.0,225756966.0
PIRAMALFIN,2023,64985700000.0,-74013600000.0,1478104000.0,225756966.0
PIRAMALFIN,2022,45614300000.0,5401500000.0,2218767000.0,225756966.0
PITTIENG,2025,16912365000.0,1222863000.0,8986550000.0,37332806.0
PITTIENG,2024,12343045000.0,897042000.0,4729208000.0,37332806.0
PITTIENG,2023,10947620000.0,588349000.0,3340351000.0,37332806.0
PITTIENG,2022,9499532000.0,518696000.0,2839160000.0,37332806.0
PIXTRANS,2025,5816592000.0,1128762000.0,5960993000.0,13625200.0
PIXTRANS,2024,4895131000.0,829877000.0,4926931000.0,13625200.0
PIXTRANS,2023,4814444000.0,648178000.0,4179933000.0,13625200.0
PIXTRANS,2022,4481909000.0,688434000.0,3648069000.0,13625200.0
PKTEA,2025,425334000.0,2411000.0,2119731000.0,3095879.0
PKTEA,2024,388809000.0,53359000.0,1912205000.0,3095879.0
PKTEA,2023,445754000.0,-33562000.0,1817869000.0,3095879.0
PKTEA,2022,329476000.0,5021000.0,1856562000.0,3095879.0
PLASTIBLEN,2025,7804535000.0,334424000.0,4275515000.0,25989200.0
PLASTIBLEN,2024,8021616000.0,345251000.0,4054103000.0,25989200.0
PLASTIBLEN,2023,7674092000.0,268510000.0,3949994000.0,25989200.0
PLASTIBLEN,2022,7144675000.0,366990000.0,3814741000.0,25989200.0
PLAZACABLE,2025,2181750000.0,28840000.0,1222060000.0,43752078.0
PLAZACABLE,2024,1988050000.0,36770000.0,1195180000.0,43752078.0
PLAZACABLE,2023,1824930000.0,72970000.0,530770000.0,43752078.0
PLAZACABLE,2022,1767740000.0,59540000.0,455150000.0,43752078.0
PNB,2025,597605500000.0,184802900000.0,1331379600000.0,11492943268.0
PNB,2024,552605200000.0,91072000000.0,1103867300000.0,11492943268.0
PNB,2023,470921000000.0,33484500000.0,1028805000000.0,11492943268.0
PNB,2022,411535100000.0,38607400000.0,975819100000.0,11492943268.0
PNBGILTS,2025,15558161000.0,2330306000.0,15451985000.0,180010134.0
PNBGILTS,2024,13834737000.0,694107000.0,13297565000.0,180010134.0
PNBGILTS,2023,9504170000.0,-772223000.0,12599967000.0,180010134.0
PNBGILTS,2022,8429853000.0,1657114000.0,14273117000.0,180010134.0
PNBHOUSING,2025,29620600000.0,19361400000.0,168631300000.0,260549578.0
PNBHOUSING,2024,27836300000.0,15080100000.0,149744400000.0,260549578.0
PNBHOUSING,2023,25410700000.0,10460000000.0,110138600000.0,260549578.0
PNBHOUSING,2022,21251500000.0,8364800000.0,98716300000.0,260549578.0
PNC,2025,336042000.0,-9527000.0,735669000.0,14467000.0
PNC,2024,577193000.0,24172000.0,745280000.0,14467000.0
PNC,2023,182758000.0,-39053000.0,721582000.0,14467000.0
PNC,2022,447058000.0,-3393000.0,758959000.0,14467000.0
PNCINFRA,2025,58445607000.0,8154863000.0,59890400000.0,256539165.0
PNCINFRA,2024,79051515000.0,9094207000.0,51848195000.0,256539165.0
PNCINFRA,2023,74234885000.0,6584506000.0,42850433000.0,256539165.0
PNCINFRA,2022,68551622000.0,5801758000.0,36280926000.0,256539165.0
PNGJL,2025,76934680000.0,2182680000.0,15539380000.0,135708333.0
PNGJL,2024,61120220000.0,1551490000.0,5344400000.0,135708333.0
PNGJL,2023,45075190000.0,742850000.0,3735260000.0,135708333.0
PNGJL,2022,25556340000.0,576030000.0,3092200000.0,135708333.0
PNGSREVA,2025,2581830000.0,594740000.0,1001910000.0,31698400.0
PNGSREVA,2024,1956340000.0,424140000.0,-284960000.0,31698400.0
PNGSREVA,2023,1988480000.0,517470000.0,-520170000.0,31698400.0
POCL,2025,20412084000.0,580546000.0,5929090000.0,30511279.0
POCL,2024,15399007000.0,318722000.0,3572444000.0,30511279.0
POCL,2023,14754698000.0,750506000.0,2641907000.0,30511279.0
POCL,2022,14538303000.0,482476000.0,2081467000.0,30511279.0
PODDARMENT,2025,3684994000.0,228180000.0,3634100000.0,10610000.0
PODDARMENT,2024,3690066000.0,288190000.0,3483977000.0,10610000.0
PODDARMENT,2023,3372192000.0,273405000.0,2937065000.0,10610000.0
PODDARMENT,2022,2926282000.0,212502000.0,3174886000.0,10610000.0
POKARNA,2025,9301277000.0,1873764000.0,7779763000.0,31004000.0
POKARNA,2024,6876140000.0,913574000.0,5923250000.0,31004000.0
POKARNA,2023,7253228000.0,680839000.0,5071501000.0,31004000.0
POKARNA,2022,6501908000.0,783000000.0,4428984000.0,31004000.0
POLICYBZR,2025,49772100000.0,3530100000.0,64322800000.0,462022382.0
POLICYBZR,2024,34376800000.0,669800000.0,58710300000.0,462022382.0
POLICYBZR,2023,25578500000.0,-4872200000.0,54763000000.0,462022382.0
POLICYBZR,2022,14248901000.0,-8329130000.0,54116582000.0,462022382.0
POLYCAB,2025,220314190000.0,20199900000.0,98250250000.0,150538473.0
POLYCAB,2024,177604140000.0,17840450000.0,81871340000.0,150538473.0
POLYCAB,2023,139418900000.0,12707830000.0,66372070000.0,150538473.0
POLYCAB,2022,120047320000.0,8365290000.0,55437410000.0,150538473.0
POLYMED,2025,16550227000.0,3385572000.0,27656579000.0,101359490.0
POLYMED,2024,13656937000.0,2582597000.0,14700535000.0,101359490.0
POLYMED,2023,11086582000.0,1792825000.0,12416272000.0,101359490.0
POLYMED,2022,9168879000.0,1465060000.0,10874814000.0,101359490.0
POLYPLEX,2025,68693005000.0,2092083000.0,37632009000.0,31392462.0
POLYPLEX,2024,62943875000.0,378316000.0,35111307000.0,31392462.0
POLYPLEX,2023,76402885000.0,3483529000.0,34829453000.0,31392462.0
POLYPLEX,2022,66071587000.0,5687937000.0,33164033000.0,31392462.0
PONNIERODE,2025,3594600000.0,192800000.0,5321300000.0,8598418.0
PONNIERODE,2024,4213100000.0,468600000.0,5519200000.0,8598418.0
PONNIERODE,2023,4354300000.0,383400000.0,4528900000.0,8598418.0
PONNIERODE,2022,2883500000.0,292500000.0,3684800000.0,8598418.0
POONAWALLA,2025,40004800000.0,-983400000.0,81746600000.0,807987658.0
POONAWALLA,2024,29506400000.0,16512000000.0,81670800000.0,807987658.0
POONAWALLA,2023,18716600000.0,5687600000.0,68614000000.0,807987658.0
POONAWALLA,2022,15146100000.0,2977400000.0,60559500000.0,807987658.0
POWERGRID,2025,440729200000.0,152451300000.0,926628100000.0,9300603819.0
POWERGRID,2024,442027500000.0,161445500000.0,871451100000.0,9300603819.0
POWERGRID,2023,440052200000.0,151711700000.0,830262900000.0,9300603819.0
POWERGRID,2022,407899900000.0,173538100000.0,762471300000.0,9300603819.0
POWERICA,2025,26425700000.0,1668200000.0,10845500000.0,126551877.0
POWERICA,2024,21993900000.0,2262800000.0,9122700000.0,126551877.0
POWERICA,2023,23606800000.0,1064500000.0,7945800000.0,126551877.0
POWERINDIA,2025,62240900000.0,3839800000.0,42141100000.0,44572363.0
POWERINDIA,2024,50960400000.0,1637800000.0,13598700000.0,44572363.0
POWERINDIA,2023,43345000000.0,939000000.0,12153100000.0,44572363.0
POWERINDIA,2021,47606700000.0,2034000000.0,11323900000.0,44572363.0
POWERMECH,2025,52202400000.0,3264800000.0,21599200000.0,31616292.0
POWERMECH,2024,42058000000.0,2480700000.0,18380000000.0,31616292.0
POWERMECH,2023,36004400000.0,2091100000.0,12753800000.0,31616292.0
POWERMECH,2022,27093000000.0,1389900000.0,10433100000.0,31616292.0
PPAP,2025,5520608000.0,69972000.0,2879028000.0,14115070.0
PPAP,2024,5209409000.0,-130386000.0,2828910000.0,14115070.0
PPAP,2023,5104803000.0,-59444000.0,2695704000.0,14115070.0
PPAP,2022,4169366000.0,-7884000.0,3038835000.0,14115070.0
PPL,2025,7804800000.0,831000000.0,4437100000.0,23918354.0
PPL,2024,6693500000.0,896400000.0,3651700000.0,23918354.0
PPL,2023,7092100000.0,712900000.0,2786100000.0,23918354.0
PPL,2022,6167500000.0,468000000.0,2353100000.0,23918354.0
PPLPHARMA,2025,90610000000.0,911300000.0,81254100000.0,1323367386.0
PPLPHARMA,2024,81064100000.0,178200000.0,79113400000.0,1323367386.0
PPLPHARMA,2023,70324100000.0,-1864600000.0,67735000000.0,1323367386.0
PPLPHARMA,2022,64715000000.0,3759600000.0,66966000000.0,1323367386.0
PRABHA,2025,39464000.0,-14454000.0,4380273000.0,140892423.0
PRABHA,2024,27270000.0,-9465000.0,4442559000.0,140892423.0
PRABHA,2023,334537000.0,37645000.0,4452024000.0,140892423.0
PRABHA,2022,0.0,-375000.0,1016058000.0,140892423.0
PRAENG,2025,574554000.0,-277006000.0,4866339000.0,69935791.0
PRAENG,2024,574604000.0,-389516000.0,5166112000.0,69935791.0
PRAENG,2023,298278000.0,-91312000.0,5564332000.0,69935791.0
PRAENG,2022,930497000.0,-24653000.0,5670812000.0,69935791.0
PRAJIND,2025,31888032000.0,2189101000.0,13817671000.0,183813088.0
PRAJIND,2024,34174386000.0,2833560000.0,12744699000.0,183813088.0
PRAJIND,2023,34627998000.0,2397941000.0,10779984000.0,183813088.0
PRAJIND,2022,22945204000.0,1502394000.0,9157185000.0,183813088.0
PRAKASH,2025,40143500000.0,3554500000.0,33186500000.0,179081839.0
PRAKASH,2024,36777700000.0,3481700000.0,30237500000.0,179081839.0
PRAKASH,2023,34437500000.0,1904800000.0,29537900000.0,179081839.0
PRAKASH,2022,39287200000.0,1687200000.0,28122300000.0,179081839.0
PRAKASHSTL,2025,765686000.0,12957000.0,89034000.0,175000390.0
PRAKASHSTL,2024,1057746000.0,578873000.0,77169000.0,175000390.0
PRAKASHSTL,2023,948904000.0,41461000.0,-501528000.0,175000390.0
PRAKASHSTL,2022,462217000.0,1635041000.0,-542751000.0,175000390.0
PRAXIS,2025,1184746000.0,-349785000.0,-614868000.0,185812210.0
PRAXIS,2024,2186261000.0,-857125000.0,-431758000.0,185812210.0
PRAXIS,2023,3790748000.0,-210139000.0,-179501000.0,185812210.0
PRAXIS,2022,3912018000.0,142356000.0,7654000.0,185812210.0
PRECAM,2025,8474178000.0,541051000.0,7925005000.0,94985835.0
PRECAM,2024,10123780000.0,403531000.0,7483497000.0,94985835.0
PRECAM,2023,10652424000.0,462859000.0,7165242000.0,94985835.0
PRECAM,2022,8753204000.0,460229000.0,6816524000.0,94985835.0
PRECOT,2025,8310306000.0,517735000.0,4484967000.0,12000000.0
PRECOT,2024,8018180000.0,226469000.0,4182126000.0,12000000.0
PRECOT,2023,9186929000.0,-260227000.0,4057125000.0,12000000.0
PRECOT,2022,9546634000.0,1054187000.0,4441229000.0,12000000.0
PRECWIRE,2025,39266251000.0,900401000.0,5762394000.0,182807975.0
PRECWIRE,2024,31320713000.0,728538000.0,5064412000.0,182807975.0
PRECWIRE,2023,28774152000.0,594931000.0,4503090000.0,182807975.0
PRECWIRE,2022,25555881000.0,630108000.0,3648826000.0,182807975.0
PREMEXPLN,2025,4162682000.0,286953000.0,2458037000.0,53761195.0
PREMEXPLN,2024,2703850000.0,283566000.0,2201728000.0,53761195.0
PREMEXPLN,2023,2015355000.0,69073000.0,1947262000.0,53761195.0
PREMEXPLN,2022,1986135000.0,53001000.0,1894818000.0,53761195.0
PREMIER,2025,0.0,-81428000.0,-3379219000.0,30372570.0
PREMIER,2024,0.0,-104083000.0,-3297791000.0,30372570.0
PREMIER,2023,3535000.0,-136521000.0,-3193708000.0,30372570.0
PREMIER,2022,0.0,-224798000.0,-3056986000.0,30372570.0
PREMIERENE,2025,65107400000.0,9371320000.0,28221060000.0,449112472.0
PREMIERENE,2024,31391970000.0,2313600000.0,6468510000.0,449112472.0
PREMIERENE,2023,14273800000.0,-128050000.0,4112150000.0,449112472.0
PREMIERENE,2022,7428710000.0,-143600000.0,3946240000.0,449112472.0
PREMIERPOL,2025,3004926000.0,259989000.0,1178689000.0,104742475.0
PREMIERPOL,2024,2944294000.0,205995000.0,944256000.0,104742475.0
PREMIERPOL,2023,2863000000.0,116800000.0,739100000.0,104742475.0
PREMIERPOL,2022,2418000000.0,97800000.0,630900000.0,104742475.0
PRESTIGE,2025,72052000000.0,4675000000.0,154230000000.0,430730232.0
PRESTIGE,2024,78034000000.0,13741000000.0,112888000000.0,430730232.0
PRESTIGE,2023,82154000000.0,9418000000.0,99753000000.0,430730232.0
PRESTIGE,2022,62914000000.0,11500000000.0,90946000000.0,430730232.0
PRICOLLTD,2025,26209120000.0,1670299000.0,10160284000.0,121881498.0
PRICOLLTD,2024,22081689000.0,1406115000.0,8452721000.0,121881498.0
PRICOLLTD,2023,19028312000.0,1246853000.0,7042827000.0,121881498.0
PRICOLLTD,2022,15000688000.0,510937000.0,5761824000.0,121881498.0
PRIMESECU,2025,798000000.0,383000000.0,2060900000.0,33900325.0
PRIMESECU,2024,615100000.0,185600000.0,1575900000.0,33900325.0
PRIMESECU,2023,405400000.0,111800000.0,1269400000.0,33900325.0
PRIMESECU,2022,415400000.0,169800000.0,1114500000.0,33900325.0
PRIMO,2025,5555581000.0,35598000.0,3907140000.0,242343220.0
PRIMO,2024,3969802000.0,-253270000.0,3870395000.0,242343220.0
PRIMO,2023,7073770000.0,1373971000.0,4124738000.0,242343220.0
PRIMO,2022,4540679000.0,567213000.0,2763025000.0,242343220.0
PRINCEPIPE,2025,25134100000.0,431360000.0,15764420000.0,110561079.0
PRINCEPIPE,2024,25615810000.0,1824970000.0,15444050000.0,110561079.0
PRINCEPIPE,2023,27034420000.0,1214210000.0,13639650000.0,110561079.0
PRINCEPIPE,2022,26497710000.0,2494030000.0,12652700000.0,110561079.0
PRITI,2025,770635000.0,47539000.0,716220000.0,13353328.0
PRITI,2024,903250000.0,95676000.0,674429000.0,13353328.0
PRITI,2023,828548000.0,71155000.0,455251000.0,13353328.0
PRITI,2022,572543000.0,43750000.0,220250000.0,13353328.0
PRITIKAUTO,2025,3568865000.0,169265000.0,2368229000.0,166512667.0
PRITIKAUTO,2024,3420934000.0,125715000.0,2117981000.0,166512667.0
PRITIKAUTO,2023,3620345000.0,148244000.0,1613092000.0,166512667.0
PRITIKAUTO,2022,2712251000.0,144078000.0,1390090000.0,166512667.0
PRIVISCL,2025,20917664000.0,1869960000.0,11034302000.0,39062706.0
PRIVISCL,2024,17516631000.0,949072000.0,9243897000.0,39062706.0
PRIVISCL,2023,16053945000.0,222148000.0,8290697000.0,39062706.0
PRIVISCL,2022,14023792000.0,973798000.0,8122619000.0,39062706.0
PROSTARM,2024,2579370000.0,233121000.0,842959000.0,58874592.0
PROSTARM,2023,2301084000.0,199856000.0,610000000.0,58874592.0
PROSTARM,2022,1712596000.0,113931000.0,409510000.0,58874592.0
PROTEAN,2025,8326500000.0,924600000.0,9987800000.0,40616731.0
PROTEAN,2024,8759200000.0,972900000.0,9261800000.0,40616731.0
PROTEAN,2023,7308300000.0,1070400000.0,8571100000.0,40616731.0
PROTEAN,2022,6895800000.0,1439400000.0,7881890000.0,40616731.0
PROZONER,2025,1787252000.0,-379252000.0,4677582000.0,152602883.0
PROZONER,2024,1845127000.0,45286000.0,5094343000.0,152602883.0
PROZONER,2023,1731727000.0,253059000.0,5119599000.0,152602883.0
PROZONER,2022,933769000.0,-35095000.0,4822045000.0,152602883.0
PRSMJOHNSN,2025,72114700000.0,799300000.0,14780100000.0,503356580.0
PRSMJOHNSN,2024,73312900000.0,1811100000.0,13889600000.0,503356580.0
PRSMJOHNSN,2023,72095400000.0,-1032300000.0,12066900000.0,503356580.0
PRSMJOHNSN,2022,61291600000.0,917700000.0,13230100000.0,503356580.0
PRUDENT,2025,10959498000.0,1956452000.0,6676869000.0,41406700.0
PRUDENT,2024,7990675000.0,1387512000.0,4813542000.0,41406700.0
PRUDENT,2023,6048381000.0,1166885000.0,3499764000.0,41406700.0
PRUDENT,2022,4427831000.0,803380000.0,2376133000.0,41406700.0
PRUDMOULI,2025,924051810.0,57406900.0,1121260990.0,32252000.0
PRUDMOULI,2024,1048353940.0,62570130.0,1063854090.0,32252000.0
PRUDMOULI,2023,806965450.0,47307030.0,1001284000.0,32252000.0
PRUDMOULI,2022,532259000.0,25321470.0,953977000.0,32252000.0
PSB,2025,53813376000.0,10158309000.0,133547565000.0,7095585220.0
PSB,2024,37092113000.0,5954199000.0,155334271000.0,7095585220.0
PSB,2023,38860568000.0,13130290000.0,151085069000.0,7095585220.0
PSB,2022,36627116000.0,10390546000.0,140105893000.0,7095585220.0
PSPPROJECT,2025,24932823000.0,564180000.0,12089403000.0,39641791.0
PSPPROJECT,2024,24879373000.0,1229727000.0,9148699000.0,39641791.0
PSPPROJECT,2023,19252246000.0,1319412000.0,8009925000.0,39641791.0
PSPPROJECT,2022,17361849000.0,1666523000.0,6869593000.0,39641791.0
PTC,2025,156472100000.0,7777400000.0,58051100000.0,296008321.0
PTC,2024,164985900000.0,4272700000.0,51419200000.0,296008321.0
PTC,2023,153042500000.0,4232900000.0,50187400000.0,296008321.0
PTC,2022,163190000000.0,5061600000.0,47234700000.0,296008321.0
PTCIL,2025,3033850000.0,610185000.0,13866602000.0,14992549.0
PTCIL,2024,2515943000.0,422158000.0,6455996000.0,14992549.0
PTCIL,2023,2150176000.0,258151000.0,3066641000.0,14992549.0
PTCIL,2022,1763514000.0,128115000.0,1685218000.0,14992549.0
PTL,2025,643411000.0,362951000.0,8508221000.0,132377000.0
PTL,2024,643499000.0,235603000.0,8433100000.0,132377000.0
PTL,2023,643411000.0,232763000.0,6997257000.0,132377000.0
PTL,2022,632215000.0,329888000.0,5826091000.0,132377000.0
PUNJABCHEM,2025,8829900000.0,389300000.0,3647100000.0,12262185.0
PUNJABCHEM,2024,9125200000.0,535800000.0,3301600000.0,12262185.0
PUNJABCHEM,2023,9786800000.0,611000000.0,2806200000.0,12262185.0
PUNJABCHEM,2022,9170600000.0,834600000.0,2256200000.0,12262185.0
PURVA,2025,19232900000.0,-1798800000.0,17309000000.0,237149686.0
PURVA,2024,21413000000.0,422600000.0,18831400000.0,237149686.0
PURVA,2023,11865300000.0,664800000.0,19867700000.0,237149686.0
PURVA,2022,9266100000.0,1476100000.0,20420600000.0,237149686.0
PVP,2025,272033000.0,-67330000.0,2219974000.0,260403681.0
PVP,2024,84728000.0,670087000.0,2295312000.0,260403681.0
PVP,2023,1756769000.0,1437686000.0,1480805000.0,260403681.0
PVP,2022,487617000.0,-594742000.0,-456881000.0,260403681.0
PVRINOX,2025,57340000000.0,-2796000000.0,70515000000.0,98199962.0
PVRINOX,2024,60888000000.0,-320000000.0,73235000000.0,98199962.0
PVRINOX,2023,37373000000.0,-3351000000.0,73302000000.0,98199962.0
PVRINOX,2022,13206100000.0,-4882400000.0,13703700000.0,98199962.0
PVSL,2025,53268100000.0,-104630000.0,6387730000.0,71198198.0
PVSL,2024,53716960000.0,760770000.0,6531570000.0,71198198.0
PVSL,2023,46704130000.0,640740000.0,3430440000.0,71198198.0
PVSL,2022,32966520000.0,336690000.0,2798860000.0,71198198.0
PWL,2025,28737850000.0,-2158960000.0,6901060000.0,2859692500.0
PWL,2024,19329260000.0,-10404300000.0,-12464770000.0,2859692500.0
PWL,2023,7409610000.0,-814470000.0,-1826390000.0,2859692500.0
PYRAMID,2025,5913355000.0,266726000.0,2493282000.0,36784800.0
PYRAMID,2024,5324226000.0,293421000.0,2221985000.0,36784800.0
PYRAMID,2023,4800251000.0,317607000.0,1072502000.0,36784800.0
PYRAMID,2022,4004157000.0,261461000.0,752035000.0,36784800.0
QPOWER,2025,3307390000.0,661710000.0,4243840000.0,77444100.0
QPOWER,2024,2921650000.0,374440000.0,1531870000.0,77444100.0
QPOWER,2023,2467110000.0,206060000.0,1120990000.0,77444100.0
QPOWER,2022,1751230000.0,165150000.0,925400000.0,77444100.0
QUADFUTURE,2025,1472810000.0,-196750000.0,2979080000.0,40000000.0
QUADFUTURE,2024,1500480000.0,116240000.0,465110000.0,40000000.0
QUADFUTURE,2023,1524610000.0,139040000.0,294210000.0,40000000.0
QUADFUTURE,2022,1041950000.0,19430000.0,156050000.0,40000000.0
QUESS,2025,149671990000.0,458020000.0,10848510000.0,149331454.0
QUESS,2024,136950900000.0,2778550000.0,27989930000.0,149331454.0
QUESS,2023,171583870000.0,2244170000.0,25687510000.0,149331454.0
QUESS,2022,136917780000.0,2412250000.0,25687510000.0,149331454.0
QUICKHEAL,2025,2795300000.0,50400000.0,4414800000.0,54245455.0
QUICKHEAL,2024,2917500000.0,242400000.0,4370000000.0,54245455.0
QUICKHEAL,2023,2780900000.0,64000000.0,4197100000.0,54245455.0
QUICKHEAL,2022,3419000000.0,831900000.0,6276300000.0,54245455.0
RACE,2025,5550953000.0,38929000.0,715743000.0,17257200.0
RACE,2024,3474814000.0,15491000.0,222106000.0,17257200.0
RACE,2023,2690849000.0,13048000.0,205698000.0,17257200.0
RACE,2022,1570276000.0,9172000.0,192666000.0,17257200.0
RACLGEAR,2025,4150700000.0,237400000.0,2265990000.0,11788080.0
RACLGEAR,2024,4095200000.0,394000000.0,2048167200.0,11788080.0
RACLGEAR,2023,3383783000.0,374301000.0,1674787000.0,11788080.0
RACLGEAR,2022,2574465000.0,239078000.0,1314080000.0,11788080.0
RADAAN,2025,228710000.0,3276000.0,-114221000.0,54161540.0
RADAAN,2024,213317000.0,-4507000.0,-117482000.0,54161540.0
RADAAN,2023,124337000.0,-16893000.0,-118262000.0,54161540.0
RADAAN,2022,98935000.0,-43416000.0,-101338000.0,54161540.0
RADHIKAJWE,2025,5877871000.0,601181000.0,3226529000.0,118000000.0
RADHIKAJWE,2024,5440649000.0,495270000.0,2649061000.0,118000000.0
RADHIKAJWE,2023,3127285000.0,296909000.0,2153714000.0,118000000.0
RADHIKAJWE,2022,2327814000.0,270604000.0,1880717000.0,118000000.0
RADIANTCMS,2025,4271470000.0,464980000.0,2729770000.0,106707906.0
RADIANTCMS,2024,3863160000.0,447510000.0,2529970000.0,106707906.0
RADIANTCMS,2023,3549060000.0,627270000.0,2299340000.0,106707906.0
RADIANTCMS,2022,2860350000.0,382090000.0,1397620000.0,106707906.0
RADICO,2025,48095741000.0,3456113000.0,27537110000.0,133897933.0
RADICO,2024,40982107000.0,2621746000.0,24396183000.0,133897933.0
RADICO,2023,31044181000.0,2203513000.0,22078953000.0,133897933.0
RADICO,2022,28367679000.0,2632275000.0,20268568000.0,133897933.0
RADIOCITY,2025,2344811000.0,-338370000.0,4977367000.0,345685625.0
RADIOCITY,2024,2285385000.0,68442000.0,5316841000.0,345685625.0
RADIOCITY,2023,1988614000.0,34399000.0,5247490000.0,345685625.0
RADIOCITY,2022,1684302000.0,-57011000.0,6035949000.0,345685625.0
RAILTEL,2025,34659000000.0,2998100000.0,19996200000.0,320938407.0
RAILTEL,2024,25637800000.0,2462100000.0,18272400000.0,320938407.0
RAILTEL,2023,19514000000.0,1882500000.0,16488800000.0,320938407.0
RAILTEL,2022,15429900000.0,2089400000.0,15267100000.0,320938407.0
RAIN,2025,169458250000.0,425240000.0,74491180000.0,336345679.0
RAIN,2024,153743910000.0,-5642690000.0,66376620000.0,336345679.0
RAIN,2023,180518140000.0,-9379060000.0,73425370000.0,336345679.0
RAIN,2022,209061970000.0,14386450000.0,84268370000.0,336345679.0
RAIN,2021,,,,336345679.0
RAINBOW,2025,14950080000.0,2434240000.0,14681930000.0,101520151.0
RAINBOW,2024,12856890000.0,2170010000.0,12589280000.0,101520151.0
RAINBOW,2023,11608010000.0,2108340000.0,10599100000.0,101520151.0
RAINBOW,2022,9737580000.0,1382660000.0,6028040000.0,101520151.0
RAJESHEXPO,2025,4230993223000.0,948712000.0,156814497000.0,295259959.0
RAJESHEXPO,2024,2806763507000.0,3368129000.0,152468856000.0,295259959.0
RAJESHEXPO,2023,3396895055000.0,14322787000.0,147236274000.0,295259959.0
RAJESHEXPO,2022,2431279366000.0,10091825000.0,124457320000.0,295259959.0
RAJMET,2025,10335800000.0,-21700000.0,563700000.0,276480000.0
RAJMET,2024,12124300000.0,152400000.0,567100000.0,276480000.0
RAJMET,2023,10288800000.0,136800000.0,414300000.0,276480000.0
RAJMET,2022,10282500000.0,100200000.0,295900000.0,276480000.0
RAJOOENG,2025,2501122000.0,381164000.0,1632116000.0,178675293.0
RAJOOENG,2024,1936436000.0,210083000.0,1266652000.0,178675293.0
RAJOOENG,2023,1574612000.0,114888000.0,1089054000.0,178675293.0
RAJOOENG,2022,1833923000.0,151038000.0,988274000.0,178675293.0
RAJRATAN,2025,9342800000.0,587900000.0,5589800000.0,50771000.0
RAJRATAN,2024,8892700000.0,718300000.0,4926100000.0,50771000.0
RAJRATAN,2023,8949700000.0,1001200000.0,4393800000.0,50771000.0
RAJRATAN,2022,8915300000.0,1243300000.0,3409700000.0,50771000.0
RAJRILTD,2025,8493794000.0,138061000.0,1224709000.0,556082495.0
RAJRILTD,2024,7451682000.0,40430000.0,1082008000.0,556082495.0
RAJRILTD,2023,1372239000.0,-123768000.0,1041448000.0,556082495.0
RAJRILTD,2022,0.0,6407736000.0,1002275000.0,556082495.0
RAJSREESUG,2025,6409283000.0,80910000.0,2641431000.0,33135606.0
RAJSREESUG,2024,7616261000.0,137577000.0,2649387000.0,33135606.0
RAJSREESUG,2023,7646906000.0,-89687000.0,2513975000.0,33135606.0
RAJSREESUG,2022,4673712000.0,-31762000.0,2611223000.0,33135606.0
RAJTV,2025,1258205620.0,-210128650.0,1235270950.0,51913344.0
RAJTV,2024,1064597470.0,8057570.0,1445398590.0,51913344.0
RAJTV,2023,847876870.0,11254550.0,1437339030.0,51913344.0
RAJTV,2022,692603960.0,10862800.0,1426084480.0,51913344.0
RALLIS,2025,26398600000.0,1251300000.0,19042500000.0,194468890.0
RALLIS,2024,26325400000.0,1478700000.0,18294900000.0,194468890.0
RALLIS,2023,29549200000.0,919400000.0,17300600000.0,194468890.0
RALLIS,2022,25911271000.0,1642742000.0,16966537000.0,194468890.0
RAMANEWS,2025,441321000.0,-286139000.0,-140980000.0,147522032.0
RAMANEWS,2024,465699000.0,-329098000.0,921796000.0,147522032.0
RAMANEWS,2023,458990000.0,19204000.0,1404791000.0,147522032.0
RAMANEWS,2022,310358000.0,-15404000.0,2585562000.0,147522032.0
RAMAPHO,2025,5148092000.0,136750000.0,3712159000.0,35386426.0
RAMAPHO,2024,4333412000.0,-310671000.0,3528185000.0,35386426.0
RAMAPHO,2023,5705949000.0,409344000.0,3090049000.0,35386426.0
RAMAPHO,2022,4899405000.0,700371000.0,2696437000.0,35386426.0
RAMASTEEL,2025,10401501000.0,227550000.0,3643016000.0,1636040979.0
RAMASTEEL,2024,10390549000.0,291281000.0,3351464000.0,1636040979.0
RAMASTEEL,2023,13271199000.0,266709000.0,2501150000.0,1636040979.0
RAMASTEEL,2022,7596633000.0,273152000.0,1266576000.0,1636040979.0
RAMCOCEM,2025,84916700000.0,2726500000.0,74416500000.0,236292380.0
RAMCOCEM,2024,93486900000.0,3599500000.0,72379000000.0,236292380.0
RAMCOCEM,2023,81223600000.0,3145200000.0,68610600000.0,236292380.0
RAMCOCEM,2022,59700800000.0,8814800000.0,66185900000.0,236292380.0
RAMCOIND,2025,16521124000.0,1809087000.0,42326884000.0,86841560.0
RAMCOIND,2024,14954918000.0,1057142000.0,40608964000.0,86841560.0
RAMCOIND,2023,14533627000.0,1240027000.0,38840175000.0,86841560.0
RAMCOIND,2022,14567234000.0,3028466000.0,37588587000.0,86841560.0
RAMCOSYS,2025,5913420000.0,-342480000.0,3157790000.0,37461644.0
RAMCOSYS,2024,5258310000.0,-2419320000.0,3113690000.0,37461644.0
RAMCOSYS,2023,4922230000.0,-2068400000.0,5331420000.0,37461644.0
RAMCOSYS,2022,5311020000.0,-733590000.0,5806180000.0,37461644.0
RAMKY,2025,20445370000.0,1974970000.0,19043320000.0,69197791.0
RAMKY,2024,21605200000.0,3077940000.0,17121620000.0,69197791.0
RAMKY,2023,17051300000.0,11405600000.0,14116800000.0,69197791.0
RAMKY,2022,14586550000.0,236210000.0,2760780000.0,69197791.0
RAMRAT,2025,36650255000.0,701512000.0,4833422000.0,93349072.0
RAMRAT,2024,29761049000.0,560890000.0,4261649000.0,93349072.0
RAMRAT,2023,26391658000.0,448922000.0,3116468000.0,93349072.0
RAMRAT,2022,22822587000.0,521872000.0,2714324000.0,93349072.0
RANASUG,2025,17028855000.0,343829000.0,5752694000.0,153567820.0
RANASUG,2024,15807760000.0,279673000.0,5404666000.0,153567820.0
RANASUG,2023,16121366000.0,633963000.0,5124069000.0,153567820.0
RANASUG,2022,13704145000.0,852150000.0,4489850000.0,153567820.0
RANEHOLDIN,2025,43192500000.0,2072200000.0,11057800000.0,14277809.0
RANEHOLDIN,2024,34795900000.0,1237700000.0,9062100000.0,14277809.0
RANEHOLDIN,2023,34542300000.0,622700000.0,8078800000.0,14277809.0
RANEHOLDIN,2022,26369600000.0,241400000.0,7762200000.0,14277809.0
RATEGAIN,2025,10766700000.0,2089290000.0,16826610000.0,118097795.0
RATEGAIN,2024,9570310000.0,1453930000.0,14504710000.0,118097795.0
RATEGAIN,2023,5651280000.0,684010000.0,7097440000.0,118097795.0
RATEGAIN,2022,3665910000.0,84190000.0,6191530000.0,118097795.0
RATNAMANI,2025,51462068000.0,5439775000.0,36370393000.0,70092000.0
RATNAMANI,2024,50275069000.0,6227862000.0,31405279000.0,70092000.0
RATNAMANI,2023,44611563000.0,5104802000.0,26039043000.0,70092000.0
RATNAMANI,2022,31219108000.0,3226445000.0,22483159000.0,70092000.0
RATNAVEER,2025,8918180000.0,468150000.0,3709210000.0,67870463.0
RATNAVEER,2024,5953500000.0,310500000.0,2521140000.0,67870463.0
RATNAVEER,2023,4797300000.0,250440000.0,1060540000.0,67870463.0
RATNAVEER,2022,4268770000.0,94760000.0,659740000.0,67870463.0
RAYMOND,2025,18607400000.0,477600000.0,37161400000.0,66551431.0
RAYMOND,2024,9295400000.0,489500000.0,46173400000.0,66551431.0
RAYMOND,2023,81123618000.0,5289382000.0,28989714000.0,66551431.0
RAYMOND,2022,61070536000.0,2603466000.0,23590935000.0,66551431.0
RAYMONDLSL,2025,61264600000.0,381900000.0,95876500000.0,60905789.0
RAYMONDLSL,2024,64931800000.0,4795200000.0,96621600000.0,60905789.0
RAYMONDLSL,2023,1281929000.0,230588000.0,1406222000.0,60905789.0
RAYMONDLSL,2022,1072066000.0,169102000.0,1066534000.0,60905789.0
RBA,2025,25325600000.0,-2162020000.0,9085710000.0,582876287.0
RBA,2024,24121530000.0,-2179430000.0,6265740000.0,582876287.0
RBA,2023,20488690000.0,-2212330000.0,8254420000.0,582876287.0
RBA,2022,14861240000.0,-1959280000.0,10405350000.0,582876287.0
RBLBANK,2025,102433000000.0,7170600000.0,156695300000.0,618345307.0
RBLBANK,2024,91037000000.0,12598900000.0,148374374000.0,618345307.0
RBLBANK,2023,74377883000.0,9195444000.0,135256587000.0,618345307.0
RBLBANK,2022,66481300000.0,-1661500000.0,125304971000.0,618345307.0
RBZJEWEL,2025,5301152000.0,387985000.0,2450418000.0,40000000.0
RBZJEWEL,2024,3274293000.0,215689000.0,2074922000.0,40000000.0
RBZJEWEL,2023,2879278000.0,223331000.0,924677000.0,40000000.0
RBZJEWEL,2022,2521067000.0,144057000.0,700325000.0,40000000.0
RCF,2025,70332200000.0,2424500000.0,47453300000.0,551688100.0
RCF,2024,64242800000.0,2252800000.0,46057400000.0,551688100.0
RCF,2023,78164800000.0,9663100000.0,45901200000.0,551688100.0
RCF,2022,53142100000.0,7023900000.0,38818700000.0,551688100.0
RCOM,2025,3580000000.0,-1860000000.0,-914900000000.0,2744254050.0
RCOM,2024,3830000000.0,-1010000000.0,-821300000000.0,2744254050.0
RCOM,2023,4790000000.0,80000000.0,-748910000000.0,2744254050.0
RCOM,2022,5560000000.0,-2140000000.0,-605730000000.0,2744254050.0
RECLTD,2025,219000000000.0,158842300000.0,783760600000.0,2633224000.0
RECLTD,2024,172407000000.0,141454600000.0,693502400000.0,2633224000.0
RECLTD,2023,146008700000.0,111669800000.0,581205100000.0,2633224000.0
RECLTD,2022,163685400000.0,100357000000.0,513141000000.0,2633224000.0
REDINGTON,2025,992907500000.0,16048400000.0,87210400000.0,781774431.0
REDINGTON,2024,893098300000.0,12186200000.0,75487200000.0,781774431.0
REDINGTON,2023,793367800000.0,13925600000.0,69273500000.0,781774431.0
REDINGTON,2022,626118000000.0,12799100000.0,57849500000.0,781774431.0
REDTAPE,2025,20182500000.0,1700000000.0,7888400000.0,552807600.0
REDTAPE,2024,18319600000.0,1762400000.0,6484300000.0,552807600.0
REDTAPE,2023,14587100000.0,1421500000.0,4767500000.0,552807600.0
REDTAPE,2022,3030100000.0,290400000.0,3358800000.0,552807600.0
REFEX,2025,24600773000.0,1587783000.0,12127940000.0,137199391.0
REFEX,2024,13771046000.0,938695000.0,4655751000.0,137199391.0
REFEX,2023,16179049000.0,1160608000.0,3143937000.0,137199391.0
REFEX,2022,4439588000.0,453899000.0,1839623000.0,137199391.0
REGAAL,2025,8980220000.0,476680000.0,2435080000.0,102723460.0
REGAAL,2024,5906630000.0,221420000.0,1347070000.0,102723460.0
REGAAL,2023,4749340000.0,167580000.0,1125090000.0,102723460.0
REGAAL,2022,3681490000.0,261170000.0,945350000.0,102723460.0
REGENCERAM,2025,131470000.0,22501000.0,-600942000.0,26441586.0
REGENCERAM,2024,21588000.0,-98068000.0,-623442000.0,26441586.0
REGENCERAM,2023,408000.0,-156428000.0,-525374000.0,26441586.0
REGENCERAM,2022,0.0,321835000.0,-368946000.0,26441586.0
RELAXO,2025,27896100000.0,1703300000.0,20980700000.0,248938586.0
RELAXO,2024,28936000000.0,2004700000.0,20011100000.0,248938586.0
RELAXO,2023,27641400000.0,1544700000.0,18550500000.0,248938586.0
RELAXO,2022,26532700000.0,2326800000.0,17601200000.0,248938586.0
RELCHEMQ,2025,3507228000.0,40452000.0,1372831000.0,7543563.0
RELCHEMQ,2024,3559555000.0,32099000.0,1336492000.0,7543563.0
RELCHEMQ,2023,3580517000.0,124192000.0,1320071000.0,7543563.0
RELCHEMQ,2022,3474277000.0,181322000.0,1214238000.0,7543563.0
RELIABLE,2025,1305862000.0,90174000.0,571201000.0,10320000.0
RELIABLE,2024,793790000.0,50312000.0,491193000.0,10320000.0
RELIABLE,2023,728266000.0,39744000.0,445231000.0,10320000.0
RELIABLE,2022,533913000.0,34801000.0,377764000.0,10320000.0
RELIANCE,2025,9646930000000.0,696480000000.0,8432000000000.0,13532472634.0
RELIANCE,2024,9010640000000.0,696210000000.0,7934810000000.0,13532472634.0
RELIANCE,2023,8778350000000.0,662840000000.0,7158720000000.0,13532472634.0
RELIANCE,2022,6959630000000.0,590440000000.0,7794850000000.0,13532472634.0
RELIGARE,2025,9385708000.0,1251933000.0,25158230000.0,332890479.0
RELIGARE,2024,8377332000.0,2329103000.0,23431412000.0,332890479.0
RELIGARE,2023,36928811000.0,869311000.0,20576851000.0,332890479.0
RELIGARE,2022,24493773000.0,-15438567000.0,-9822684000.0,332890479.0
RELINFRA,2025,232772700000.0,49375200000.0,144302000000.0,408181194.0
RELINFRA,2024,217033000000.0,-16086600000.0,87472300000.0,408181194.0
RELINFRA,2023,205629300000.0,-32211800000.0,92936500000.0,408181194.0
RELINFRA,2022,185831200000.0,-9988800000.0,124073600000.0,408181194.0
RELTD,2025,2504220000.0,216630000.0,3390010000.0,178624463.0
RELTD,2024,1309670000.0,-515600000.0,1476960000.0,178624463.0
RELTD,2023,2526330000.0,155260000.0,1925740000.0,178624463.0
RELTD,2022,7649980000.0,326560000.0,2038850000.0,178624463.0
REMSONSIND,2025,3748812000.0,143684000.0,1256115000.0,34878785.0
REMSONSIND,2024,3103424000.0,133196000.0,1112799000.0,34878785.0
REMSONSIND,2023,3112955000.0,83701000.0,422660000.0,34878785.0
REMSONSIND,2022,2851273000.0,53625000.0,345296000.0,34878785.0
RENUKA,2025,105890840000.0,-2997550000.0,-16756000000.0,2128489773.0
RENUKA,2024,112997930000.0,-6271450000.0,-14378500000.0,2128489773.0
RENUKA,2023,90070290000.0,-1969700000.0,-8812160000.0,2128489773.0
RENUKA,2022,63745640000.0,-1385410000.0,-6077320000.0,2128489773.0
REPCOHOME,2025,16696800000.0,4614800000.0,34270400000.0,62561362.0
REPCOHOME,2024,15148100000.0,4131500000.0,29854000000.0,62561362.0
REPCOHOME,2023,5843200000.0,3162800000.0,25891700000.0,62561362.0
REPCOHOME,2022,6020200000.0,1941100000.0,22899700000.0,62561362.0
REPL,2025,1078913000.0,135308000.0,1504209000.0,18122500.0
REPL,2024,1005373000.0,140545000.0,1236196000.0,18122500.0
REPL,2023,872200000.0,120223000.0,1047871000.0,18122500.0
REPL,2022,766830000.0,147589000.0,927268000.0,18122500.0
REPRO,2025,4525900000.0,-20600000.0,3822000000.0,14345338.0
REPRO,2024,4662800000.0,120100000.0,3836800000.0,14345338.0
REPRO,2023,4033700000.0,87300000.0,2929800000.0,14345338.0
REPRO,2022,2765100000.0,-231900000.0,2685400000.0,14345338.0
RESPONIND,2025,14179119000.0,1988617000.0,13453850000.0,266608544.0
RESPONIND,2024,10869731000.0,1612664000.0,11370650000.0,266608544.0
RESPONIND,2023,9738590000.0,243920000.0,9723290000.0,266608544.0
RESPONIND,2022,11000500000.0,710000.0,9685070000.0,266608544.0
RETAIL,2025,161414000.0,1175000.0,173886000.0,8204600.0
RETAIL,2024,130481000.0,2548000.0,64319000.0,8204600.0
RGL,2025,20806911000.0,761505000.0,13910225000.0,107325471.0
RGL,2024,21048474000.0,723716000.0,11485293000.0,107325471.0
RGL,2023,22338178000.0,875572000.0,10259593000.0,107325471.0
RGL,2022,21876659000.0,1057752000.0,9239512000.0,107325471.0
RHETAN,2025,371648000.0,30950000.0,939841000.0,796875000.0
RHETAN,2024,647662000.0,38704000.0,890351000.0,796875000.0
RHETAN,2023,860215000.0,54177000.0,851647000.0,796875000.0
RHETAN,2022,670287000.0,23443000.0,237470000.0,796875000.0
RHIM,2025,36241780000.0,2025128000.0,39986153000.0,206501426.0
RHIM,2024,37811040000.0,-1004456000.0,38457208000.0,206501426.0
RHIM,2023,26897649000.0,-4661054000.0,28910346000.0,206501426.0
RHIM,2022,19688584000.0,2690044000.0,10287202000.0,206501426.0
RHL,2025,1344950000.0,164590000.0,7172232000.0,17291696.0
RHL,2024,1210732000.0,47373000.0,7007335000.0,17291696.0
RHL,2023,1063424000.0,553195000.0,6960111000.0,17291696.0
RHL,2022,405059163.0,-350024000.0,3046087234.0,17291696.0
RICOAUTO,2025,21624900000.0,214000000.0,7299200000.0,135285000.0
RICOAUTO,2024,21254700000.0,383400000.0,7200400000.0,135285000.0
RICOAUTO,2023,22589500000.0,489900000.0,6892500000.0,135285000.0
RICOAUTO,2022,18106600000.0,237100000.0,6418200000.0,135285000.0
RIIL,2025,494900000.0,119700000.0,4617400000.0,15100000.0
RIIL,2024,580800000.0,133200000.0,4713500000.0,15100000.0
RIIL,2023,680480000.0,175690000.0,4311704000.0,15100000.0
RIIL,2022,651880000.0,83520000.0,4349214000.0,15100000.0
RISHABH,2025,7087200000.0,226350000.0,6113230000.0,38546013.0
RISHABH,2024,6789500000.0,396610000.0,5590150000.0,38546013.0
RISHABH,2023,5626660000.0,468170000.0,3902130000.0,38546013.0
RISHABH,2022,4678450000.0,470640000.0,3296700000.0,38546013.0
RITCO,2025,11896859000.0,422072000.0,3226840000.0,28470507.0
RITCO,2024,9333027000.0,329930000.0,1833756000.0,28470507.0
RITCO,2023,7511462000.0,244132000.0,1485843000.0,28470507.0
RITCO,2022,5932904000.0,162778000.0,1239438000.0,28470507.0
RITES,2025,21841000000.0,3848000000.0,26401600000.0,480603774.0
RITES,2024,24438200000.0,4554000000.0,26090100000.0,480603774.0
RITES,2023,25984100000.0,5420400000.0,26037800000.0,480603774.0
RITES,2022,26337000000.0,5163700000.0,24886400000.0,480603774.0
RKDL,2025,371528000.0,1322000.0,419014000.0,24000000.0
RKDL,2024,243504000.0,-19445000.0,417371000.0,24000000.0
RKDL,2023,278663000.0,-22801000.0,436340000.0,24000000.0
RKDL,2022,105006000.0,-132323000.0,458113000.0,24000000.0
RKEC,2025,4219225000.0,200376000.0,1886903000.0,23990600.0
RKEC,2024,3358600000.0,199578000.0,1686527000.0,23990600.0
RKEC,2023,2777084000.0,122579000.0,1486823000.0,23990600.0
RKEC,2022,2104971817.94,71189294.17,1370973350.26,23990600.0
RKFORGE,2025,36285432000.0,3315505000.0,30373717000.0,181449079.0
RKFORGE,2024,33388420000.0,2828806000.0,26338784000.0,181449079.0
RKFORGE,2023,28594238000.0,2481084000.0,13217632000.0,181449079.0
RKFORGE,2022,20737426000.0,1980269000.0,10783855000.0,181449079.0
RKSWAMY,2025,2942865000.0,186602000.0,2495328000.0,50477241.0
RKSWAMY,2024,3315156000.0,397248000.0,2413487000.0,50477241.0
RKSWAMY,2023,2926131000.0,312600000.0,452281000.0,50477241.0
RKSWAMY,2022,2344130000.0,192550000.0,163490000.0,50477241.0
RMC,2025,3166813000.0,314524000.0,1069853000.0,10576850.0
RMC,2024,1713813000.0,148873000.0,603969000.0,10576850.0
RMC,2023,1249445000.0,117407000.0,457157000.0,10576850.0
RMC,2022,391939000.0,5770000.0,285151000.0,10576850.0
RMDRIP,2025,1311910000.0,240048000.0,800118000.0,249800000.0
RMDRIP,2024,502692000.0,54103000.0,406349000.0,249800000.0
RMDRIP,2023,109541000.0,289000.0,127356000.0,249800000.0
RMDRIP,2022,179159190.0,-9433419.0,127066933.0,249800000.0
RML,2025,33651400000.0,376500000.0,6708900000.0,27637137.0
RML,2024,34125000000.0,547600000.0,6578500000.0,27637137.0
RML,2023,23137500000.0,300200000.0,2416500000.0,27637137.0
RML,2022,17117400000.0,106600000.0,2281400000.0,27637137.0
RNBDENIMS,2025,3636570000.0,222296000.0,1829661000.0,269920320.0
RNBDENIMS,2024,3439888000.0,186865000.0,1619126000.0,269920320.0
RNBDENIMS,2023,2534227000.0,148984000.0,792809000.0,269920320.0
RNBDENIMS,2022,2844049000.0,211044000.0,642896000.0,269920320.0
ROHLTD,2025,3194702000.0,472448000.0,2308143000.0,27425215.0
ROHLTD,2024,2936105000.0,484904000.0,1907399000.0,27425215.0
ROHLTD,2023,2635488000.0,470250000.0,1729665000.0,27425215.0
ROHLTD,2022,1385239000.0,293647000.0,1251946000.0,27425215.0
ROLEXRINGS,2025,10608560000.0,1739970000.0,10721070000.0,272333120.0
ROLEXRINGS,2024,11271050000.0,1560380000.0,8981840000.0,272333120.0
ROLEXRINGS,2023,10944720000.0,1980920000.0,7430050000.0,272333120.0
ROLEXRINGS,2022,9350000000.0,1318790000.0,5448020000.0,272333120.0
ROLLT,2025,0.0,-9397000.0,-73263000.0,250130000.0
ROLLT,2024,0.0,-6169000.0,-76468000.0,250130000.0
ROLLT,2023,1665000.0,-207417000.0,55877000.0,250130000.0
ROLLT,2022,62431000.0,-691748000.0,240558000.0,250130000.0
ROML,2025,1144556000.0,26968000.0,-24407000.0,14988684.0
ROML,2024,1247180000.0,17077000.0,-51797000.0,14988684.0
ROML,2023,1403557000.0,24248000.0,-69488000.0,14988684.0
ROML,2022,1185551000.0,25988000.0,-93555000.0,14988684.0
ROSSARI,2025,20714570000.0,1363780000.0,11854490000.0,55383366.0
ROSSARI,2024,18251880000.0,1306890000.0,10477280000.0,55383366.0
ROSSARI,2023,16513170000.0,1072570000.0,9151660000.0,55383366.0
ROSSARI,2022,14751760000.0,976740000.0,8051640000.0,55383366.0
ROSSELLIND,2025,1773495000.0,196884000.0,1898654000.0,37696475.0
ROSSELLIND,2024,1453968000.0,8050000.0,1748213000.0,37696475.0
ROSSELLIND,2023,3486755000.0,276485000.0,1768277000.0,37696475.0
ROSSELLIND,2022,2927391000.0,300117000.0,2463637000.0,37696475.0
ROSSTECH,2025,2596131000.0,79065000.0,1336053000.0,37696475.0
ROSSTECH,2024,2132400000.0,112064000.0,1265016000.0,37696475.0
ROTO,2025,2979375000.0,333646000.0,2208150000.0,188445660.0
ROTO,2024,2728083000.0,391677000.0,1949410000.0,188445660.0
ROTO,2023,2243720000.0,330308000.0,1619571000.0,188445660.0
ROTO,2022,1742909000.0,301551000.0,1342754000.0,188445660.0
ROUTE,2025,45756200000.0,3188500000.0,24320000000.0,62997582.0
ROUTE,2024,40232900000.0,3750800000.0,21495900000.0,62997582.0
ROUTE,2023,35692300000.0,3270600000.0,18204200000.0,62997582.0
ROUTE,2022,20020300000.0,1661700000.0,16725600000.0,62997582.0
RPEL,2025,1996479000.0,369735000.0,1937012000.0,45911960.0
RPEL,2024,1327657000.0,259700000.0,1581759000.0,45911960.0
RPEL,2023,1348565000.0,252179000.0,1332165000.0,45911960.0
RPEL,2022,988148000.0,178349000.0,1085089000.0,45911960.0
RPGLIFE,2025,6475400000.0,1832400000.0,5305300000.0,16539015.0
RPGLIFE,2024,5774800000.0,876600000.0,3748500000.0,16539015.0
RPGLIFE,2023,5090800000.0,676400000.0,3076000000.0,16539015.0
RPGLIFE,2022,4371600000.0,514800000.0,2557700000.0,16539015.0
RPOWER,2025,71532100000.0,29474000000.0,163371800000.0,4135770966.0
RPOWER,2024,74264500000.0,-22421800000.0,116138600000.0,4135770966.0
RPOWER,2023,70326000000.0,-4107700000.0,115953800000.0,4135770966.0
RPOWER,2022,69809300000.0,-9726000000.0,117636600000.0,4135770966.0
RPPINFRA,2025,14394400000.0,652900000.0,5299300000.0,49585918.0
RPPINFRA,2024,13534100000.0,572000000.0,4254600000.0,49585918.0
RPPINFRA,2023,10403300000.0,289600000.0,3650800000.0,49585918.0
RPPINFRA,2022,8016800000.0,53600000.0,3366700000.0,49585918.0
RPPL,2025,3277857000.0,79610000.0,1613842000.0,73344000.0
RPPL,2024,2727128000.0,86412000.0,1533199000.0,73344000.0
RPPL,2023,2516105000.0,106597000.0,1300691000.0,73344000.0
RPPL,2022,1975085000.0,95714000.0,1157488000.0,73344000.0
RPSGVENT,2025,96083500000.0,-490400000.0,26631000000.0,33086409.0
RPSGVENT,2024,79509400000.0,-424600000.0,26670200000.0,33086409.0
RPSGVENT,2023,71662300000.0,-1526700000.0,24054100000.0,33086409.0
RPSGVENT,2022,66700800000.0,1313800000.0,25236200000.0,33086409.0
RPTECH,2025,137727330000.0,2080640000.0,17421590000.0,65899665.0
RPTECH,2024,110946980000.0,1412210000.0,15505840000.0,65899665.0
RPTECH,2023,94542790000.0,1232510000.0,7001880000.0,65899665.0
RPTECH,2022,93134380000.0,1820700000.0,5751420000.0,65899665.0
RRKABEL,2025,75178343000.0,3116110000.0,21526210000.0,113105505.0
RRKABEL,2024,65176205000.0,2981295000.0,18284954000.0,113105505.0
RRKABEL,2023,55368898000.0,1898726000.0,10045038000.0,113105505.0
RRKABEL,2022,43193020000.0,2139370000.0,8351170000.0,113105505.0
RSL,2025,9306649000.0,398514000.0,1519468000.0,83567658.0
RSL,2024,9079769000.0,316289000.0,1122694000.0,83567658.0
RSL,2023,9460875000.0,240446000.0,811661000.0,83567658.0
RSSOFTWARE,2025,573207000.0,87285000.0,559631000.0,25831211.0
RSSOFTWARE,2024,595421000.0,181084000.0,481866000.0,25831211.0
RSSOFTWARE,2023,301266000.0,-81463000.0,302723000.0,25831211.0
RSSOFTWARE,2022,275235000.0,-151267000.0,387805000.0,25831211.0
RSWM,2025,47163299000.0,-400268000.0,12971821000.0,47101684.0
RSWM,2024,39656693000.0,-210560000.0,12973835000.0,47101684.0
RSWM,2023,37326667000.0,1228520000.0,13169972000.0,47101684.0
RSWM,2022,37558209000.0,2462234000.0,10354397000.0,47101684.0
RSYSTEMS,2025,19582060000.0,1861960000.0,7916230000.0,118482061.0
RSYSTEMS,2024,17417270000.0,1311820000.0,6240500000.0,118482061.0
RSYSTEMS,2023,16845180000.0,1401060000.0,6114370000.0,118482061.0
RSYSTEMS,2022,15158310000.0,1396810000.0,5454700000.0,118482061.0
RSYSTEMS,2021,,,,118482061.0
RTNINDIA,2025,65861830000.0,844350000.0,9219000000.0,1380887604.0
RTNINDIA,2024,55177070000.0,4261530000.0,8393690000.0,1380887604.0
RTNINDIA,2023,40626000000.0,-2846090000.0,4092720000.0,1380887604.0
RTNINDIA,2022,139930000.0,5538640000.0,6987980000.0,1380887604.0
RTNPOWER,2025,32838300000.0,2219200000.0,45850300000.0,5370105860.0
RTNPOWER,2024,33640000000.0,88967500000.0,43638800000.0,5370105860.0
RTNPOWER,2023,32311635000.0,-18698536000.0,-45329289000.0,5370105860.0
RTNPOWER,2022,32595186000.0,-19814400000.0,-26617994000.0,5370105860.0
RUBFILA,2025,5504128000.0,294386000.0,2940195000.0,54267529.0
RUBFILA,2024,4676058000.0,253987000.0,2706270000.0,54267529.0
RUBFILA,2023,4549519000.0,259527000.0,2520846000.0,54267529.0
RUBFILA,2022,4744161000.0,446432000.0,2353817000.0,54267529.0
RUBYMILLS,2025,2083489000.0,423125000.0,6366828000.0,33440000.0
RUBYMILLS,2024,1968110000.0,445426000.0,6003068000.0,33440000.0
RUBYMILLS,2023,2255358000.0,352263000.0,5596679000.0,33440000.0
RUBYMILLS,2022,1592794000.0,310467000.0,5293837000.0,33440000.0
RUCHINFRA,2025,572767000.0,16735000.0,1986072000.0,236024942.0
RUCHINFRA,2024,625933000.0,140166000.0,1922060000.0,236024942.0
RUCHINFRA,2023,631110000.0,12620000.0,1711610000.0,236024942.0
RUCHINFRA,2022,681197000.0,371675000.0,1541477000.0,236024942.0
RUCHIRA,2025,6586463000.0,673268000.0,4662462000.0,29844985.0
RUCHIRA,2024,6561311000.0,491949000.0,4142785000.0,29844985.0
RUCHIRA,2023,8027011000.0,676270000.0,3804765000.0,29844985.0
RUCHIRA,2022,6128625000.0,330937000.0,3095904000.0,29844985.0
RUDRA,2025,5575348000.0,113850000.0,1247652000.0,100343828.0
RUDRA,2024,5525425000.0,207609000.0,1134437000.0,100343828.0
RUDRA,2023,4479229000.0,138802000.0,929440000.0,100343828.0
RUDRA,2022,3468163000.0,84420000.0,782500000.0,100343828.0
RUPA,2025,12340610000.0,832921000.0,10175134000.0,79524560.0
RUPA,2024,12105307000.0,697774000.0,9580391000.0,79524560.0
RUPA,2023,11372551000.0,537318000.0,9117674000.0,79524560.0
RUPA,2022,14689329000.0,1918409000.0,8818034000.0,79524560.0
RUSHIL,2025,8794970000.0,480840000.0,6325630000.0,293416820.0
RUSHIL,2024,8337828000.0,431090000.0,5427807000.0,293416820.0
RUSHIL,2023,8271423000.0,776713000.0,3633843000.0,293416820.0
RUSHIL,2022,6169339000.0,228047000.0,2867869000.0,293416820.0
RUSTOMJEE,2025,19209900000.0,1719600000.0,27719900000.0,126233335.0
RUSTOMJEE,2024,21631300000.0,1122100000.0,17977600000.0,126233335.0
RUSTOMJEE,2023,6461200000.0,819500000.0,16694100000.0,126233335.0
RUSTOMJEE,2022,12522300000.0,1396200000.0,9326400000.0,126233335.0
RVHL,2025,5730000.0,-25374000.0,2410303000.0,61325746.0
RVHL,2024,6215000.0,-21517000.0,2435800000.0,61325746.0
RVHL,2023,120425000.0,58806000.0,2457317000.0,61325746.0
RVHL,2022,336000.0,-4252000.0,2680762000.0,61325746.0
RVNL,2025,199230200000.0,12813900000.0,95707100000.0,2085020100.0
RVNL,2024,218785200000.0,15506900000.0,87218300000.0,2085020100.0
RVNL,2023,202815700000.0,13417500000.0,72462000000.0,2085020100.0
RVNL,2022,193817100000.0,11101400000.0,63246900000.0,2085020100.0
RVTH,2025,1772700000.0,201800000.0,1263200000.0,3066943.0
RVTH,2024,2110600000.0,310500000.0,1065900000.0,3066943.0
RVTH,2023,1096566000.0,133829000.0,755995000.0,3066943.0
RVTH,2022,1009572000.0,113089000.0,629730000.0,3066943.0
S&SPOWER,2025,1853654000.0,-37918000.0,690310000.0,12341550.0
S&SPOWER,2024,1593765000.0,28857000.0,-54120000.0,12341550.0
S&SPOWER,2023,1395219000.0,24466000.0,-76938000.0,12341550.0
S&SPOWER,2022,1104625000.0,-131091000.0,-113239000.0,12341550.0
SAATVIKGL,2025,21583940000.0,2141150000.0,3376590000.0,127105004.0
SAATVIKGL,2024,10878560000.0,1004150000.0,1206730000.0,127105004.0
SAATVIKGL,2023,6085590000.0,47450000.0,202730000.0,127105004.0
SAATVIKGL,2022,4799500000.0,59640000.0,156150000.0,127105004.0
SABEVENTS,2025,17388000.0,-7361000.0,-19926000.0,10483711.0
SABEVENTS,2024,17683000.0,-10931000.0,-12453000.0,10483711.0
SABEVENTS,2023,20099000.0,-9879000.0,-1602000.0,10483711.0
SABEVENTS,2022,15072000.0,-11375000.0,8251000.0,10483711.0
SADBHAV,2025,9930866000.0,-1894780000.0,-2411812000.0,171570800.0
SADBHAV,2024,18755874000.0,-6300841000.0,-1253879000.0,171570800.0
SADBHAV,2023,17688856000.0,-5890984000.0,1752295000.0,171570800.0
SADBHAV,2022,18970472000.0,-7237018000.0,8015347000.0,171570800.0
SADBHIN,2025,6997170000.0,-749830000.0,-5454060000.0,352225216.0
SADBHIN,2024,7748110000.0,-5431180000.0,-5669690000.0,352225216.0
SADBHIN,2023,8210300000.0,-3751270000.0,-1651590000.0,352225216.0
SADBHIN,2022,9595860000.0,-210240000.0,2290690000.0,352225216.0
SADHNANIQ,2025,1648649000.0,75576000.0,2806266000.0,2964694385.0
SADHNANIQ,2024,1887538000.0,40817000.0,2265927000.0,2964694385.0
SADHNANIQ,2023,1420643000.0,31782000.0,2260799000.0,2964694385.0
SADHNANIQ,2022,1300176000.0,62249000.0,1601738000.0,2964694385.0
SAFARI,2025,17678300000.0,1428000000.0,9534900000.0,48992279.0
SAFARI,2024,15469900000.0,1758100000.0,8234700000.0,48992279.0
SAFARI,2023,12084300000.0,1250900000.0,4257200000.0,48992279.0
SAFARI,2022,7032914000.0,223676000.0,3009852000.0,48992279.0
SAGARDEEP,2025,1248122000.0,19236000.0,299915000.0,17057400.0
SAGARDEEP,2024,995441000.0,7646000.0,278951000.0,17057400.0
SAGARDEEP,2023,869456000.0,5499000.0,268780000.0,17057400.0
SAGARDEEP,2022,906785000.0,5149000.0,263120000.0,17057400.0
SAGCEM,2025,21975700000.0,-2097900000.0,17228100000.0,130707548.0
SAGCEM,2024,24982500000.0,-433600000.0,19412200000.0,130707548.0
SAGCEM,2023,22229200000.0,301500000.0,19946200000.0,130707548.0
SAGCEM,2022,15933400000.0,691500000.0,12554300000.0,130707548.0
SAGILITY,2025,55699180000.0,5391230000.0,83360540000.0,4681328413.0
SAGILITY,2024,47535570000.0,2282660000.0,64431280000.0,4681328413.0
SAGILITY,2023,42184080000.0,1435720000.0,62066700000.0,4681328413.0
SAHYADRI,2025,6005300000.0,194600000.0,3782900000.0,10946300.0
SAHYADRI,2024,6318100000.0,263700000.0,3600100000.0,10946300.0
SAHYADRI,2023,5889100000.0,371100000.0,3353200000.0,10946300.0
SAHYADRI,2022,5411100000.0,618200000.0,3040800000.0,10946300.0
SAIL,2025,1017402600000.0,23718200000.0,589056100000.0,4130525289.0
SAIL,2024,1045677400000.0,30666700000.0,571012200000.0,4130525289.0
SAIL,2023,1037490400000.0,21765300000.0,547466700000.0,4130525289.0
SAIL,2022,1027165100000.0,122434700000.0,542116800000.0,4130525289.0
SAILIFE,2025,16603920000.0,1701320000.0,21283550000.0,211779234.0
SAILIFE,2024,14564700000.0,828090000.0,9747570000.0,211779234.0
SAILIFE,2023,11969490000.0,99890000.0,8877060000.0,211779234.0
SAILIFE,2022,8691240000.0,62260000.0,8781780000.0,211779234.0
SAIPARENT,2025,4949580000.0,196290000.0,1114860000.0,44179231.0
SAIPARENT,2024,1537620000.0,84150000.0,745450000.0,44179231.0
SAIPARENT,2023,967960000.0,43760000.0,314850000.0,44179231.0
SAKAR,2025,1775847000.0,175020000.0,2854759000.0,21949910.0
SAKAR,2024,1533517000.0,116709000.0,2623311000.0,21949910.0
SAKAR,2023,1333590000.0,127586000.0,1733472000.0,21949910.0
SAKAR,2022,1282267000.0,152425000.0,1274514000.0,21949910.0
SAKHTISUG,2025,9143705000.0,799712000.0,1986485000.0,118849036.0
SAKHTISUG,2024,10541132000.0,1218153000.0,1179367000.0,118849036.0
SAKHTISUG,2023,10489974000.0,3758646000.0,-108276000.0,118849036.0
SAKHTISUG,2022,4316740000.0,-1797943000.0,-4281260000.0,118849036.0
SAKSOFT,2025,8830090000.0,1087980000.0,6190980000.0,127839193.0
SAKSOFT,2024,7616250000.0,961740000.0,5054290000.0,127839193.0
SAKSOFT,2023,6656040000.0,819770000.0,4045340000.0,127839193.0
SAKSOFT,2022,4804300000.0,632620000.0,3184990000.0,127839193.0
SAKUMA,2025,22889668000.0,147944000.0,7069900000.0,1567718640.0
SAKUMA,2024,21208292000.0,399738000.0,4827720000.0,1567718640.0
SAKUMA,2023,31667968000.0,284456000.0,4126017000.0,1567718640.0
SAKUMA,2022,28479475000.0,274433000.0,3803147000.0,1567718640.0
SALASAR,2025,14177128000.0,191046000.0,7855530000.0,1747950290.0
SALASAR,2024,11747074000.0,529326000.0,4503057000.0,1747950290.0
SALASAR,2023,9787779000.0,401707000.0,4005130000.0,1747950290.0
SALASAR,2022,6975601000.0,314446000.0,2820016000.0,1747950290.0
SALONA,2025,6149258000.0,31331000.0,825771000.0,5262400.0
SALONA,2024,6743958000.0,61274000.0,797679000.0,5262400.0
SALONA,2023,4417455000.0,175694000.0,741797000.0,5262400.0
SALONA,2022,6106344000.0,197892000.0,572396000.0,5262400.0
SALSTEEL,2025,5441157000.0,-64244000.0,387224000.0,144766700.0
SALSTEEL,2024,5765191000.0,4696000.0,420283000.0,144766700.0
SALSTEEL,2023,4956573000.0,35462000.0,405346000.0,144766700.0
SALSTEEL,2022,5052717000.0,115428000.0,371360000.0,144766700.0
SALZERELEC,2025,14183284000.0,460306000.0,5445489000.0,17682737.0
SALZERELEC,2024,11643210000.0,458750000.0,4734614000.0,17682737.0
SALZERELEC,2023,10354015000.0,387050000.0,4077109000.0,17682737.0
SALZERELEC,2022,8009197000.0,225931000.0,3538927000.0,17682737.0
SAMBHAAV,2025,418713000.0,3133000.0,837003000.0,191110840.0
SAMBHAAV,2024,399570000.0,13998000.0,832555000.0,191110840.0
SAMBHAAV,2023,403325000.0,-12460000.0,826031000.0,191110840.0
SAMBHAAV,2022,339740000.0,-29582000.0,852076000.0,191110840.0
SAMBHV,2024,12818230000.0,824390000.0,4382820000.0,294671429.0
SAMBHV,2023,9362120000.0,603830000.0,2103970000.0,294671429.0
SAMBHV,2022,8193490000.0,721080000.0,1492970000.0,294671429.0
SAMHI,2025,11300070000.0,855000000.0,11420540000.0,222134736.0
SAMHI,2024,9573930000.0,-2346180000.0,10385400000.0,222134736.0
SAMHI,2023,7385700000.0,-3385860000.0,-8076460000.0,222134736.0
SAMHI,2022,3227430000.0,-4432530000.0,-6388400000.0,222134736.0
SAMMAANCAP,2025,70928600000.0,-18074600000.0,218224500000.0,1142800658.0
SAMMAANCAP,2024,67383000000.0,12169700000.0,197919000000.0,1142800658.0
SAMMAANCAP,2023,30836000000.0,11276800000.0,173612500000.0,1142800658.0
SAMMAANCAP,2022,27459800000.0,11777400000.0,166740600000.0,1142800658.0
SAMPANN,2025,926362000.0,39759000.0,180332000.0,48810000.0
SAMPANN,2024,714532800.0,-8677700.0,51585000.0,48810000.0
SAMPANN,2023,577417096.0,-16851848.0,60262662.0,48810000.0
SAMPANN,2022,480385214.0,-29678243.0,77114510.0,48810000.0
SANATHAN,2025,29340900000.0,1604500000.0,18080100000.0,84404059.0
SANATHAN,2024,28898600000.0,1338500000.0,12749700000.0,84404059.0
SANATHAN,2023,32585750000.0,1527410000.0,11401100000.0,84404059.0
SANATHAN,2022,31212100000.0,3554420000.0,9866380000.0,84404059.0
SANDESH,2025,2927116000.0,771215000.0,13530988000.0,7569421.0
SANDESH,2024,3184741000.0,1885857000.0,12618414000.0,7569421.0
SANDESH,2023,3382225000.0,1014134000.0,10550168000.0,7569421.0
SANDESH,2022,3063941000.0,898252000.0,9507484000.0,7569421.0
SANDHAR,2025,38383284000.0,1416424000.0,11393012000.0,60190708.0
SANDHAR,2024,34716338000.0,1097776000.0,10165919000.0,60190708.0
SANDHAR,2023,28661317000.0,729686000.0,9204519000.0,60190708.0
SANDHAR,2022,22916109000.0,557287000.0,8589415000.0,60190708.0
SANGAMIND,2025,27736200000.0,318000000.0,10067700000.0,49406087.0
SANGAMIND,2024,25503000000.0,408200000.0,9843300000.0,49406087.0
SANGAMIND,2023,26563600000.0,1305400000.0,8831400000.0,49406087.0
SANGAMIND,2022,23859200000.0,1406500000.0,7159300000.0,49406087.0
SANGHVIMOV,2025,7821161000.0,1565215000.0,11425270000.0,86576000.0
SANGHVIMOV,2024,6185357000.0,1879417000.0,10121450000.0,86576000.0
SANGHVIMOV,2023,4557825000.0,1120407000.0,8417081000.0,86576000.0
SANGHVIMOV,2022,3352598000.0,294046000.0,7339321000.0,86576000.0
SANGINITA,2025,2296750000.0,6185000.0,561447000.0,25901550.0
SANGINITA,2024,1515030000.0,7698000.0,407941000.0,25901550.0
SANGINITA,2023,1485641000.0,4161000.0,401368000.0,25901550.0
SANGINITA,2022,1485641000.0,4161000.0,397207000.0,25901550.0
SANOFI,2025,18374000000.0,3267000000.0,7492000000.0,23030622.0
SANOFI,2024,20132000000.0,3137000000.0,8606000000.0,23030622.0
SANOFI,2023,19816000000.0,3646000000.0,10152000000.0,23030622.0
SANOFI,2022,27272000000.0,6206000000.0,12758000000.0,23030622.0
SANOFI,2021,,,,23030622.0
SANOFICONR,2025,8784000000.0,2401000000.0,3840000000.0,23030622.0
SANOFICONR,2024,7245000000.0,1810000000.0,2730000000.0,23030622.0
SANOFICONR,2023,5443000000.0,1649000000.0,2076000000.0,23030622.0
SANSERA,2025,28257310000.0,2151640000.0,27502980000.0,62332048.0
SANSERA,2024,26398740000.0,1857550000.0,13473960000.0,62332048.0
SANSERA,2023,21775720000.0,1461950000.0,11679340000.0,62332048.0
SANSERA,2022,18598720000.0,1304520000.0,10233820000.0,62332048.0
SANSTAR,2025,9415470000.0,437990000.0,6591400000.0,182244250.0
SANSTAR,2024,10788270000.0,667660000.0,2537620000.0,182244250.0
SANSTAR,2023,12050680000.0,418050000.0,1871310000.0,182244250.0
SANSTAR,2022,5044010000.0,159210000.0,852140000.0,182244250.0
SAPPHIRE,2025,28753630000.0,192530000.0,13980650000.0,321382905.0
SAPPHIRE,2024,25879610000.0,528090000.0,13391410000.0,321382905.0
SAPPHIRE,2023,22570640000.0,2333600000.0,12559470000.0,321382905.0
SAPPHIRE,2022,17154460000.0,464600000.0,10071470000.0,321382905.0
SARDAEN,2025,46049900000.0,6998200000.0,62864300000.0,352381270.0
SARDAEN,2024,38229500000.0,5230000000.0,38886400000.0,352381270.0
SARDAEN,2023,41894100000.0,6021100000.0,34100800000.0,352381270.0
SARDAEN,2022,38843700000.0,8041600000.0,30037200000.0,352381270.0
SAREGAMA,2025,11666856000.0,2042465000.0,15833789000.0,191959490.0
SAREGAMA,2024,7579723000.0,1975939000.0,14691227000.0,191959490.0
SAREGAMA,2023,7062538000.0,1853382000.0,13421101000.0,191959490.0
SAREGAMA,2022,5673570000.0,1643523000.0,13776971000.0,191959490.0
SARLAPOLY,2025,4144932000.0,623573000.0,4898694000.0,83503000.0
SARLAPOLY,2024,3743263000.0,329119000.0,4283118000.0,83503000.0
SARLAPOLY,2023,3829592000.0,213391000.0,3949155000.0,83503000.0
SARLAPOLY,2022,4228705000.0,462751000.0,3884570000.0,83503000.0
SARVESHWAR,2025,11362287000.0,269188000.0,2823776000.0,1232676469.0
SARVESHWAR,2024,8695929000.0,167799000.0,2305560000.0,1232676469.0
SARVESHWAR,2023,6893240000.0,77901000.0,1916101000.0,1232676469.0
SARVESHWAR,2022,6047211000.0,33518000.0,1407657000.0,1232676469.0
SASKEN,2025,5509138000.0,502826000.0,7876465000.0,15186471.0
SASKEN,2024,4064274000.0,787169000.0,7688238000.0,15186471.0
SASKEN,2023,4469835000.0,994721000.0,7193302000.0,15186471.0
SASKEN,2022,4339073000.0,1282461000.0,6535425000.0,15186471.0
SASTASUNDR,2025,10895306000.0,-911671000.0,6698710000.0,31810500.0
SASTASUNDR,2024,13560707000.0,88827000.0,7623745000.0,31810500.0
SASTASUNDR,2023,10381881000.0,-722105000.0,7534004000.0,31810500.0
SASTASUNDR,2022,6297996000.0,6268054000.0,8265021000.0,31810500.0
SATIA,2025,15119869000.0,1186239000.0,10487210000.0,100000000.0
SATIA,2024,17207830000.0,2111858000.0,9322925000.0,100000000.0
SATIA,2023,18837420000.0,1921743000.0,7331975000.0,100000000.0
SATIA,2022,8909302000.0,1006745000.0,5449980000.0,100000000.0
SATIN,2025,22474043000.0,1861260000.0,25428631000.0,109988019.0
SATIN,2024,18602409000.0,4359380000.0,24008483000.0,109988019.0
SATIN,2023,12746370000.0,48131000.0,16281244000.0,109988019.0
SATIN,2022,12536486000.0,206989000.0,15818534000.0,109988019.0
SAURASHCEM,2025,15407534000.0,69825000.0,9473899000.0,111287280.0
SAURASHCEM,2024,17692939000.0,565954000.0,9277455000.0,111287280.0
SAURASHCEM,2023,16348217000.0,-219932000.0,8821693000.0,111287280.0
SAURASHCEM,2022,14397215000.0,231095000.0,9042474000.0,111287280.0
SBC,2025,3000452090.0,133668730.0,556114040.0,476190000.0
SBC,2024,2094056820.0,92758770.0,441786330.0,476190000.0
SBC,2023,1957259760.0,69092350.0,344863590.0,476190000.0
SBC,2022,1688511300.0,34581410.0,264024890.0,476190000.0
SBCL,2025,5083478000.0,770553000.0,4056586000.0,57604200.0
SBCL,2024,5089290000.0,842654000.0,3415060000.0,57604200.0
SBCL,2023,4703721000.0,791033000.0,2654984000.0,57604200.0
SBCL,2022,3239875000.0,551122000.0,1915980000.0,57604200.0
SBFC,2025,12373170000.0,3452990000.0,31900730000.0,1105704729.0
SBFC,2024,9369720000.0,2371040000.0,27780660000.0,1105704729.0
SBFC,2023,6365440000.0,1497360000.0,17272680000.0,1105704729.0
SBFC,2022,4097790000.0,645210000.0,12871670000.0,1105704729.0
SBGLP,2025,356281000.0,109982000.0,687352000.0,173416440.0
SBGLP,2024,720122000.0,277932000.0,578599000.0,173416440.0
SBGLP,2023,622791000.0,211634000.0,111208000.0,173416440.0
SBGLP,2022,7936000.0,-107610000.0,-101097000.0,173416440.0
SBICARD,2025,142678500000.0,19164100000.0,137817200000.0,951600251.0
SBICARD,2024,127512000000.0,24078800000.0,120840300000.0,951600251.0
SBICARD,2023,106776300000.0,22584700000.0,98300500000.0,951600251.0
SBICARD,2022,86367200000.0,16161400000.0,77527000000.0,951600251.0
SBILIFE,2025,1154124500000.0,24133000000.0,169853500000.0,1003092121.0
SBILIFE,2024,1309255600000.0,18937800000.0,149085600000.0,1003092121.0
SBILIFE,2023,806390392000.0,17205724000.0,130174821000.0,1003092121.0
SBILIFE,2022,829112363000.0,15059977000.0,116223124000.0,1003092121.0
SBIN,2025,3495234156000.0,775613371000.0,4870367587000.0,9230617586.0
SBIN,2024,3236135037000.0,670846661000.0,4149391715000.0,9230617586.0
SBIN,2023,2703369068000.0,556481728000.0,3589313181000.0,9230617586.0
SBIN,2022,2360910738000.0,353738798000.0,3055880451000.0,9230617586.0
SCHAEFFLER,2025,96858500000.0,11503500000.0,60479600000.0,156303670.0
SCHAEFFLER,2024,82323800000.0,9388600000.0,53344300000.0,156303670.0
SCHAEFFLER,2023,71319300000.0,8990200000.0,48053500000.0,156303670.0
SCHAEFFLER,2022,67418300000.0,8792100000.0,42859000000.0,156303670.0
SCHAEFFLER,2021,,,,156303670.0
SCHAND,2025,7161990000.0,635350000.0,9902790000.0,35272192.0
SCHAND,2024,6584180000.0,566340000.0,9410390000.0,35272192.0
SCHAND,2023,6037410000.0,660360000.0,8956160000.0,35272192.0
SCHAND,2022,4763450000.0,111850000.0,8314420000.0,35272192.0
SCHNEIDER,2025,26367100000.0,2678900000.0,5618800000.0,239104035.0
SCHNEIDER,2024,22066800000.0,1720300000.0,2961700000.0,239104035.0
SCHNEIDER,2023,17642200000.0,1236300000.0,1510800000.0,239104035.0
SCHNEIDER,2022,15123450000.0,276220000.0,361240000.0,239104035.0
SCI,2025,55877400000.0,8435800000.0,83117400000.0,465799010.0
SCI,2024,50320200000.0,6789700000.0,75395000000.0,465799010.0
SCI,2023,57704200000.0,8701600000.0,69023300000.0,465799010.0
SCI,2022,49313500000.0,8605400000.0,59741800000.0,465799010.0
SCILAL,2025,183000000.0,-1893800000.0,30015100000.0,465799010.0
SCILAL,2024,172200000.0,474900000.0,32216200000.0,465799010.0
SCILAL,2023,125000000.0,355500000.0,31741300000.0,465799010.0
SCILAL,2022,65200000.0,227500000.0,31385800000.0,465799010.0
SCODATUBES,2024,3998610000.0,183000000.0,636120000.0,59908900.0
SCODATUBES,2023,3051280000.0,103360000.0,453110000.0,59908900.0
SCODATUBES,2022,1940280000.0,16360000.0,349780000.0,59908900.0
SCPL,2025,3213058000.0,165688000.0,1311129000.0,10500011.0
SCPL,2024,3527002000.0,208408000.0,1145337000.0,10500011.0
SCPL,2023,3402642000.0,204542000.0,936878000.0,10500011.0
SCPL,2022,3267683000.0,183355000.0,732239000.0,10500011.0
SDBL,2025,14026942000.0,1044963000.0,7475205000.0,207901312.0
SDBL,2024,12539395000.0,864956000.0,5619504000.0,207901312.0
SDBL,2023,7976284000.0,603023000.0,3753694000.0,207901312.0
SDBL,2022,3627609000.0,-98400000.0,2895727000.0,207901312.0
SEAMECLTD,2025,6455440000.0,896158000.0,10078694000.0,25425000.0
SEAMECLTD,2024,7259674000.0,1197060000.0,9114244000.0,25425000.0
SEAMECLTD,2023,4343312000.0,330057000.0,7903298000.0,25425000.0
SEAMECLTD,2022,3490962000.0,832108000.0,7484688000.0,25425000.0
SECMARK,2025,351131000.0,42939000.0,205109000.0,10447000.0
SECMARK,2024,245917000.0,-24314000.0,160054000.0,10447000.0
SECMARK,2023,174372000.0,-52160000.0,183371000.0,10447000.0
SECMARK,2022,145417000.0,26371000.0,234966000.0,10447000.0
SECURKLOUD,2025,1676668000.0,-139310000.0,245059000.0,33410605.0
SECURKLOUD,2024,3403158000.0,-364119000.0,-60195000.0,33410605.0
SECURKLOUD,2023,4584359000.0,-485880000.0,216731000.0,33410605.0
SECURKLOUD,2022,3794018000.0,-662608000.0,513908000.0,33410605.0
SEDEMAC,2025,6566590000.0,470450000.0,3033810000.0,44161500.0
SEDEMAC,2024,5294160000.0,58780000.0,1240370000.0,44161500.0
SEDEMAC,2023,4221590000.0,85730000.0,1149400000.0,44161500.0
SEJALLTD,2025,2435790000.0,109606000.0,380904000.0,11400000.0
SEJALLTD,2024,1637993000.0,33051000.0,291115000.0,11400000.0
SEJALLTD,2023,464069000.0,78512000.0,139962000.0,11400000.0
SEJALLTD,2022,243278000.0,1469623000.0,61450000.0,11400000.0
SELMC,2025,314884000.0,-1307199000.0,-2091062000.0,33134700.0
SELMC,2024,3516022000.0,-1929533000.0,-563890000.0,33134700.0
SELMC,2023,5352157000.0,-1859122000.0,1485300000.0,33134700.0
SELMC,2022,4201319000.0,-1313639000.0,2638561000.0,33134700.0
SEMAC,2025,1728445000.0,-59449000.0,738729000.0,3117308.0
SEMAC,2024,1274868000.0,-323317000.0,793661000.0,3117308.0
SEMAC,2023,3250560000.0,183506000.0,1134072000.0,3117308.0
SEMAC,2022,795953000.0,22154000.0,945946000.0,3117308.0
SENCO,2025,63183930000.0,1593090000.0,19702920000.0,163718332.0
SENCO,2024,52316890000.0,1810040000.0,13655420000.0,163718332.0
SENCO,2023,40697480000.0,1584790000.0,9322240000.0,163718332.0
SENCO,2022,35253920000.0,1291020000.0,7126710000.0,163718332.0
SENORES,2025,3828000000.0,585600000.0,7861900000.0,46053588.0
SENORES,2024,2107800000.0,314500000.0,2042700000.0,46053588.0
SENORES,2023,353260000.0,84330000.0,454990000.0,46053588.0
SENORES,2022,140680000.0,9910000.0,365900000.0,46053588.0
SEPC,2025,5976533000.0,248403000.0,15060335000.0,1892127806.0
SEPC,2024,5609828000.0,227836000.0,12102646000.0,1892127806.0
SEPC,2023,3788466000.0,-49038000.0,10864958000.0,1892127806.0
SEPC,2022,3294417000.0,-2637037000.0,7380001000.0,1892127806.0
SERVOTECH,2025,6744362000.0,327351000.0,2365893000.0,225845000.0
SERVOTECH,2024,3536835000.0,117622000.0,1418582000.0,225845000.0
SERVOTECH,2023,2784809000.0,110407000.0,820914000.0,225845000.0
SERVOTECH,2022,1436740000.0,40380000.0,462702000.0,225845000.0
SESHAPAPER,2025,17306000000.0,1091700000.0,19884000000.0,63068140.0
SESHAPAPER,2024,17803400000.0,2707700000.0,19113100000.0,63068140.0
SESHAPAPER,2023,20517900000.0,3958300000.0,16353600000.0,63068140.0
SESHAPAPER,2022,13190000000.0,1100200000.0,12552600000.0,63068140.0
SETCO,2025,7186276000.0,-1050936000.0,-5767122000.0,133767275.0
SETCO,2024,6406671000.0,-1126899000.0,-4706964000.0,133767275.0
SETCO,2023,5455717000.0,-1524721000.0,-3574206000.0,133767275.0
SETCO,2022,4350020000.0,-2243622000.0,-2071728000.0,133767275.0
SETL,2025,6121674000.0,643448000.0,7068002000.0,199491662.0
SETL,2024,5428934000.0,583833000.0,4073400000.0,199491662.0
SETL,2023,4963220000.0,534240000.0,1557200000.0,199491662.0
SETL,2022,2399310000.0,251450000.0,689590000.0,199491662.0
SETUINFRA,2023,699883000.0,913000.0,495167000.0,125678260.0
SETUINFRA,2022,1101751000.0,-61173000.0,494386000.0,125678260.0
SEYAIND,2025,0.0,-63069000.0,8213104000.0,26570540.0
SEYAIND,2024,80584000.0,-34720000.0,8276173000.0,26570540.0
SEYAIND,2023,371122000.0,-246798000.0,8310893000.0,26570540.0
SEYAIND,2022,656528000.0,-62819000.0,8557691000.0,26570540.0
SFL,2025,34246900000.0,960900000.0,30352000000.0,108710778.0
SFL,2024,29780400000.0,1824400000.0,29201900000.0,108710778.0
SFL,2023,28683600000.0,1989300000.0,15981800000.0,108710778.0
SFL,2022,28636525000.0,2173297000.0,13925662000.0,108710778.0
SGFIN,2025,1675215000.0,809902000.0,10147773000.0,65267222.0
SGFIN,2024,1858079000.0,785849000.0,8063840000.0,65267222.0
SGFIN,2023,399027000.0,184063000.0,5730770000.0,65267222.0
SGFIN,2022,375000.0,7844000.0,88747000.0,65267222.0
SGIL,2025,3550121000.0,168882000.0,1076718000.0,15543000.0
SGIL,2024,3218424000.0,115625000.0,466933000.0,15543000.0
SGIL,2023,2860611000.0,8674000.0,351122000.0,15543000.0
SGIL,2022,2748676000.0,14282000.0,341638000.0,15543000.0
SGL,2025,1101955000.0,-6569000.0,262343000.0,27452680.0
SGL,2024,867861000.0,-25839000.0,268912000.0,27452680.0
SGL,2023,1006307000.0,2191000.0,294603000.0,27452680.0
SGL,2022,1204110000.0,35030000.0,292412000.0,27452680.0
SGMART,2025,58561700000.0,1034300000.0,12081500000.0,126000000.0
SGMART,2024,26829000000.0,609400000.0,10869900000.0,126000000.0
SGMART,2023,15588000.0,1971000.0,121681000.0,126000000.0
SGMART,2022,374000.0,3007000.0,119710000.0,126000000.0
SHADOWFAX,2025,24851310000.0,64260000.0,3999440000.0,582271505.0
SHADOWFAX,2024,18848220000.0,-118820000.0,1727060000.0,582271505.0
SHADOWFAX,2023,14151240000.0,-1426380000.0,1714350000.0,582271505.0
SHAH,2025,1761423000.0,326000000.0,1653904000.0,885210866.0
SHAH,2024,967493000.0,42632000.0,574218000.0,885210866.0
SHAH,2023,398695000.0,16538000.0,176700000.0,885210866.0
SHAH,2022,200033000.0,-56321000.0,-314575000.0,885210866.0
SHAHALLOYS,2025,2665170000.0,-197327000.0,-89966000.0,19797540.0
SHAHALLOYS,2024,5923767000.0,-186481000.0,112446000.0,19797540.0
SHAHALLOYS,2023,6262431000.0,-32112000.0,304936000.0,19797540.0
SHAHALLOYS,2022,8798259000.0,821062000.0,330685000.0,19797540.0
SHAILY,2025,7823341000.0,931190000.0,5476877000.0,45955093.0
SHAILY,2024,6415322000.0,572906000.0,4591728000.0,45955093.0
SHAILY,2023,6053338000.0,351496000.0,4013981000.0,45955093.0
SHAILY,2022,5648971000.0,352663000.0,3669964000.0,45955093.0
SHAKTIPUMP,2025,24791100000.0,4083700000.0,11611700000.0,123397965.0
SHAKTIPUMP,2024,13427500000.0,1417300000.0,7556900000.0,123397965.0
SHAKTIPUMP,2023,9433498000.0,241318000.0,4180550000.0,123397965.0
SHAKTIPUMP,2022,11504987000.0,648160000.0,3931767000.0,123397965.0
SHALBY,2025,10807680000.0,62220000.0,9921870000.0,107296755.0
SHALBY,2024,9282210000.0,840770000.0,10003730000.0,107296755.0
SHALBY,2023,7996300000.0,677010000.0,9276850000.0,107296755.0
SHALBY,2022,6989450000.0,541250000.0,8763220000.0,107296755.0
SHALPAINTS,2025,5973000000.0,-801600000.0,3149800000.0,83711178.0
SHALPAINTS,2024,5305800000.0,-738500000.0,3931800000.0,83711178.0
SHALPAINTS,2023,4819500000.0,-361500000.0,3525500000.0,83711178.0
SHALPAINTS,2022,3562888000.0,-603513000.0,3507949000.0,83711178.0
SHANKARA,2025,56860400000.0,774000000.0,8678000000.0,24249326.0
SHANKARA,2024,48180500000.0,811300000.0,7975700000.0,24249326.0
SHANKARA,2023,40217500000.0,630500000.0,6430900000.0,24249326.0
SHANKARA,2022,24092100000.0,343200000.0,5559600000.0,24249326.0
SHANTI,2025,238410000.0,-27925000.0,114990000.0,11106000.0
SHANTI,2024,106616000.0,-15296000.0,139709000.0,11106000.0
SHANTI,2023,1471475000.0,-169020000.0,154989000.0,11106000.0
SHANTI,2022,1957829000.0,30970000.0,323893000.0,11106000.0
SHANTIGEAR,2025,5990100000.0,960300000.0,4029900000.0,76715853.0
SHANTIGEAR,2024,5276300000.0,822500000.0,3453100000.0,76715853.0
SHANTIGEAR,2023,4359400000.0,670500000.0,3023600000.0,76715853.0
SHANTIGEAR,2022,3298900000.0,424700000.0,2599600000.0,76715853.0
SHANTIGOLD,2025,11064070000.0,558420000.0,1523730000.0,72096000.0
SHANTIGOLD,2024,7114340000.0,268680000.0,966690000.0,72096000.0
SHANTIGOLD,2023,6794040000.0,198190000.0,698050000.0,72096000.0
SHANTIGOLD,2022,4283410000.0,33010000.0,500130000.0,72096000.0
SHARDACROP,2025,43153721000.0,3043783000.0,25005689000.0,90220495.0
SHARDACROP,2024,31603686000.0,318831000.0,22371150000.0,90220495.0
SHARDACROP,2023,40397987000.0,3419594000.0,22320218000.0,90220495.0
SHARDACROP,2022,35741540000.0,3492535000.0,19124619000.0,90220495.0
SHARDAMOTR,2025,28096548000.0,3149193000.0,10618559000.0,57407706.0
SHARDAMOTR,2024,27823751000.0,2995909000.0,10058887000.0,57407706.0
SHARDAMOTR,2023,26728562000.0,2083339000.0,7578551000.0,57407706.0
SHARDAMOTR,2022,22334410000.0,1492151000.0,5728937000.0,57407706.0
SHAREINDIA,2025,12802127000.0,3276188000.0,23340231000.0,218825530.0
SHAREINDIA,2024,13739154000.0,4254189000.0,17467756000.0,218825530.0
SHAREINDIA,2023,10409394000.0,3288317000.0,10053013000.0,218825530.0
SHAREINDIA,2022,8332716000.0,2011630000.0,4466479000.0,218825530.0
SHEKHAWATI,2025,486470000.0,62821000.0,131859000.0,34470000.0
SHEKHAWATI,2024,672339000.0,1539900000.0,72726000.0,34470000.0
SHEKHAWATI,2023,2994188000.0,-211812000.0,-1469112000.0,34470000.0
SHEKHAWATI,2022,3614134000.0,-243771000.0,-1255105000.0,34470000.0
SHEMAROO,2025,6850669000.0,-849591000.0,4717526000.0,27320299.0
SHEMAROO,2024,7071963000.0,-406671000.0,5532234000.0,27320299.0
SHEMAROO,2023,5566078000.0,93645000.0,5919200000.0,27320299.0
SHEMAROO,2022,3813776000.0,52700000.0,5817960000.0,27320299.0
SHILCTECH,2025,6231475000.0,1468518000.0,3468277000.0,11440200.0
SHILCTECH,2024,3968782000.0,918881000.0,2095883000.0,11440200.0
SHILCTECH,2023,2802412000.0,431224000.0,1214423000.0,11440200.0
SHILCTECH,2022,1801821000.0,140404000.0,797694000.0,11440200.0
SHILPAMED,2025,12847711000.0,782930000.0,23630719000.0,195581816.0
SHILPAMED,2024,11516030000.0,318743000.0,18010795000.0,195581816.0
SHILPAMED,2023,10434464000.0,-325332000.0,17832770000.0,195581816.0
SHILPAMED,2022,11400492000.0,606623000.0,18221948000.0,195581816.0
SHIVALIK,2025,3095519000.0,166962000.0,4151377000.0,15750365.0
SHIVALIK,2024,2715449000.0,127173000.0,3896451000.0,15750365.0
SHIVALIK,2023,2339883000.0,207476000.0,3100779000.0,15750365.0
SHIVALIK,2022,2069659000.0,256062000.0,2871928000.0,15750365.0
SHIVAMAUTO,2025,4297789000.0,-480419000.0,314815000.0,131495219.0
SHIVAMAUTO,2024,4472157000.0,-501856000.0,555932000.0,131495219.0
SHIVAMAUTO,2023,4399425000.0,-347174000.0,1045741000.0,131495219.0
SHIVAMAUTO,2022,4425525000.0,-160603000.0,1385473000.0,131495219.0
SHIVAMILLS,2025,1685391000.0,-38112000.0,924077000.0,8641808.0
SHIVAMILLS,2024,1571048000.0,-32491000.0,961836000.0,8641808.0
SHIVAMILLS,2023,1584602000.0,-71581000.0,998598000.0,8641808.0
SHIVAMILLS,2022,2121387000.0,176586000.0,1077231000.0,8641808.0
SHIVATEX,2025,3223816000.0,120627000.0,1356680000.0,12962713.0
SHIVATEX,2024,3344063000.0,-107666000.0,1231781000.0,12962713.0
SHIVATEX,2023,4100928000.0,-66400000.0,1341121000.0,12962713.0
SHIVATEX,2022,4745671000.0,200119000.0,1424752000.0,12962713.0
SHIVAUM,2025,5551398000.0,97689000.0,1159814000.0,13600400.0
SHIVAUM,2024,5547204000.0,104592000.0,1062124000.0,13600400.0
SHIVAUM,2023,4959270000.0,143183000.0,957533000.0,13600400.0
SHIVAUM,2022,4068257000.0,124913000.0,814349409.0,13600400.0
SHK,2025,21127200000.0,743100000.0,12719600000.0,138420801.0
SHK,2024,18326400000.0,1226700000.0,12128100000.0,138420801.0
SHK,2023,16769000000.0,611700000.0,10643800000.0,138420801.0
SHK,2022,15596000000.0,1485700000.0,10133000000.0,138420801.0
SHOPERSTOP,2025,43581200000.0,108900000.0,3212000000.0,110117329.0
SHOPERSTOP,2024,40483000000.0,772500000.0,3014200000.0,110117329.0
SHOPERSTOP,2023,37083900000.0,1160100000.0,2060500000.0,110117329.0
SHOPERSTOP,2022,23488700000.0,-454200000.0,759300000.0,110117329.0
SHRADHA,2025,1065865000.0,184494000.0,1524761000.0,58635418.0
SHRADHA,2024,1104493000.0,186370000.0,917912000.0,58635418.0
SHRADHA,2023,904222000.0,141948000.0,736037000.0,58635418.0
SHRADHA,2022,18014000.0,14723000.0,614340000.0,58635418.0
SHREDIGCEM,2025,7226225000.0,251885000.0,3639774000.0,147869278.0
SHREDIGCEM,2024,7903265000.0,877836000.0,3815541000.0,147869278.0
SHREDIGCEM,2023,7240483000.0,580804000.0,3250112000.0,147869278.0
SHREDIGCEM,2022,6249487000.0,552763000.0,3121872000.0,147869278.0
SHREECEM,2025,189764500000.0,11227700000.0,215377500000.0,36080748.0
SHREECEM,2024,200916600000.0,23957000000.0,207029200000.0,36080748.0
SHREECEM,2023,174410400000.0,12707000000.0,186364000000.0,36080748.0
SHREECEM,2022,145853900000.0,23319400000.0,174602800000.0,36080748.0
SHREEJISPG,2025,6076130000.0,1412370000.0,3431710000.0,162918254.0
SHREEJISPG,2024,7310030000.0,1245120000.0,3151830000.0,162918254.0
SHREEJISPG,2023,8269970000.0,1188850000.0,2558070000.0,162918254.0
SHREEPUSHK,2025,8034601000.0,586174000.0,5388824000.0,32337691.0
SHREEPUSHK,2024,7231955000.0,370621000.0,4736036000.0,32337691.0
SHREEPUSHK,2023,6811725000.0,372331000.0,4376170000.0,32337691.0
SHREEPUSHK,2022,5805682000.0,555467000.0,3955272000.0,32337691.0
SHREERAMA,2025,2059746000.0,513457000.0,1531786000.0,133468005.0
SHREERAMA,2024,1769962000.0,99649000.0,1027192000.0,133468005.0
SHREERAMA,2023,1947244000.0,50439000.0,297412000.0,133468005.0
SHREERAMA,2022,1493440000.0,-49223000.0,246211000.0,133468005.0
SHRENIK,2023,479193140.0,2294140.0,594630493.0,612000000.0
SHRENIK,2022,636161344.0,-143885228.0,592336353.0,612000000.0
SHREYANIND,2025,6167663000.0,506015000.0,4264329000.0,13824550.0
SHREYANIND,2024,6990644000.0,874205000.0,3829567000.0,13824550.0
SHREYANIND,2023,8654706000.0,734581000.0,3018936000.0,13824550.0
SHREYANIND,2022,5841934000.0,99563000.0,2318543000.0,13824550.0
SHRINGARMS,2025,14027590000.0,611140000.0,2008450000.0,96432080.0
SHRINGARMS,2024,10816370000.0,311050000.0,1368480000.0,96432080.0
SHRINGARMS,2023,9340370000.0,233580000.0,1057230000.0,96432080.0
SHRINGARMS,2022,8001570000.0,202650000.0,823570000.0,96432080.0
SHRIPISTON,2025,34975380000.0,5066830000.0,23936640000.0,44049824.0
SHRIPISTON,2024,30427900000.0,4425550000.0,19256740000.0,44049824.0
SHRIPISTON,2023,25642180000.0,2934580000.0,15274560000.0,44049824.0
SHRIPISTON,2022,20233980000.0,1635650000.0,12550290000.0,44049824.0
SHRIRAMFIN,2025,221882000000.0,94131200000.0,564698200000.0,2352686426.0
SHRIRAMFIN,2024,190834000000.0,71657500000.0,489471200000.0,2352686426.0
SHRIRAMFIN,2023,169309900000.0,60110400000.0,435128600000.0,2352686426.0
SHRIRAMFIN,2022,95533100000.0,27211000000.0,260942600000.0,2352686426.0
SHRIRAMPPS,2025,8180200000.0,772000000.0,13556500000.0,170654392.0
SHRIRAMPPS,2024,8430300000.0,754700000.0,12770100000.0,170654392.0
SHRIRAMPPS,2023,6443900000.0,659700000.0,11998000000.0,170654392.0
SHRIRAMPPS,2022,3689100000.0,97810000.0,11329490000.0,170654392.0
SHYAMCENT,2025,1131461000.0,-93084000.0,1670905000.0,212172990.0
SHYAMCENT,2024,1380930000.0,7266000.0,1612288000.0,212172990.0
SHYAMCENT,2023,1809883000.0,266377000.0,1605662000.0,212172990.0
SHYAMCENT,2022,2073643000.0,568642000.0,1748927000.0,212172990.0
SHYAMMETL,2025,150414400000.0,9081000000.0,105533300000.0,278228412.0
SHYAMMETL,2024,131413200000.0,10347900000.0,96466700000.0,278228412.0
SHYAMMETL,2023,126092800000.0,8526800000.0,72759600000.0,278228412.0
SHYAMMETL,2022,103643200000.0,17245400000.0,58346700000.0,278228412.0
SHYAMTEL,2025,0.0,-18375000.0,-280201000.0,11270000.0
SHYAMTEL,2024,0.0,-31255000.0,-261720000.0,11270000.0
SHYAMTEL,2023,0.0,-48711000.0,-229674000.0,11270000.0
SHYAMTEL,2022,64000.0,-36406000.0,-181133000.0,11270000.0
SICALLOG,2025,2218200000.0,-334900000.0,-47700000.0,79784870.0
SICALLOG,2024,2210900000.0,-163800000.0,287200000.0,79784870.0
SICALLOG,2023,3921100000.0,-7976300000.0,535200000.0,79784870.0
SICALLOG,2022,3488700000.0,-2655400000.0,-9308900000.0,79784870.0
SIEMENS,2025,173642000000.0,16871000000.0,132276000000.0,356120505.0
SIEMENS,2024,151457000000.0,19604000000.0,153567000000.0,356120505.0
SIEMENS,2023,192792000000.0,19609000000.0,130871000000.0,356120505.0
SIEMENS,2022,158738000000.0,12618000000.0,116102000000.0,356120505.0
SIEMENS,2021,,,,356120505.0
SIGACHI,2025,4882383000.0,695631000.0,6008496000.0,382117010.0
SIGACHI,2024,3989561000.0,571802000.0,4296374000.0,382117010.0
SIGACHI,2023,3020451000.0,435362000.0,2683606000.0,382117010.0
SIGACHI,2022,2502898000.0,400373000.0,2277796000.0,382117010.0
SIGIND,2025,11790948000.0,156415000.0,2339756000.0,29437000.0
SIGIND,2024,12130383000.0,154534000.0,2200575000.0,29437000.0
SIGIND,2023,10176886000.0,130545000.0,2064576000.0,29437000.0
SIGIND,2022,8772635000.0,82445000.0,1951444000.0,29437000.0
SIGMA,2025,761723000.0,190895000.0,494254000.0,102774980.0
SIGMA,2024,650545000.0,161374000.0,302177000.0,102774980.0
SIGMA,2023,558419000.0,117656000.0,363135000.0,102774980.0
SIGMA,2022,410923000.0,89605000.0,232147000.0,102774980.0
SIGMAADV,2025,0.0,-299374000.0,1436811000.0,176239705.0
SIGMAADV,2024,0.0,-127466000.0,1805853000.0,176239705.0
SIGMAADV,2023,19710000.0,113729000.0,1933321000.0,176239705.0
SIGMAADV,2022,523961000.0,46213000.0,1845024000.0,176239705.0
SIGNATURE,2025,24833950000.0,1010830000.0,7267340000.0,140510691.0
SIGNATURE,2024,12209880000.0,161830000.0,6266540000.0,140510691.0
SIGNATURE,2023,15454570000.0,-638640000.0,475390000.0,140510691.0
SIGNATURE,2022,8831180000.0,-1164130000.0,-3522170000.0,140510691.0
SIGNPOST,2025,4532241000.0,338299000.0,2202081000.0,53450000.0
SIGNPOST,2024,3874454000.0,441108000.0,1893390000.0,53450000.0
SIGNPOST,2023,3369983000.0,353935000.0,1476443000.0,53450000.0
SIGNPOST,2022,1673620000.0,78101000.0,1021936000.0,53450000.0
SIKKO,2025,617480000.0,42666000.0,813830000.0,436800000.0
SIKKO,2024,612872000.0,40643000.0,278745000.0,436800000.0
SIKKO,2023,496702000.0,28925000.0,238102000.0,436800000.0
SIKKO,2022,507981000.0,18770000.0,211697000.0,436800000.0
SIL,2025,276493000.0,-135097000.0,1194608000.0,64328941.0
SIL,2024,266567000.0,-1310000.0,1364082000.0,64328941.0
SIL,2023,209907000.0,216582000.0,1471847000.0,64328941.0
SIL,2022,4387551000.0,1846594000.0,1415222000.0,64328941.0
SILGO,2025,443748000.0,44777000.0,584448000.0,26166745.0
SILGO,2024,350340000.0,31523000.0,540836000.0,26166745.0
SILGO,2023,340679000.0,23517000.0,307375000.0,26166745.0
SILGO,2022,348202255.03,23057000.0,283961835.87,26166745.0
SILINV,2025,536219000.0,309340000.0,31453561000.0,10595860.0
SILINV,2024,467375000.0,294150000.0,21971775000.0,10595860.0
SILINV,2023,380346000.0,280795000.0,16985136000.0,10595860.0
SILINV,2022,449846000.0,330135000.0,23533139000.0,10595860.0
SILLYMONKS,2025,262431000.0,2022000.0,76129000.0,10211300.0
SILLYMONKS,2024,221929000.0,-21000.0,73804000.0,10211300.0
SILLYMONKS,2023,193554000.0,-45914000.0,72375000.0,10211300.0
SILLYMONKS,2022,266844000.0,-21611000.0,117881000.0,10211300.0
SILVERTUC,2025,2883801000.0,221957000.0,1337077000.0,126810000.0
SILVERTUC,2024,2243029000.0,160624000.0,1128750000.0,126810000.0
SILVERTUC,2023,1637830000.0,97129000.0,951137000.0,126810000.0
SILVERTUC,2022,1394044000.0,64330000.0,857109000.0,126810000.0
SIMBHALS,2025,9966905000.0,13243000.0,-1251574000.0,41279020.0
SIMBHALS,2024,12034128000.0,-220814000.0,-1312401000.0,41279020.0
SIMBHALS,2023,12087368000.0,-308690000.0,-1189108000.0,41279020.0
SIMBHALS,2022,11481717000.0,-398510000.0,-866583000.0,41279020.0
SIMPLEXINF,2025,10709600000.0,115800000.0,5238000000.0,79095346.0
SIMPLEXINF,2024,13770400000.0,-722700000.0,2319600000.0,79095346.0
SIMPLEXINF,2023,18618300000.0,-4708900000.0,3007200000.0,79095346.0
SIMPLEXINF,2022,20302600000.0,-5281200000.0,7493900000.0,79095346.0
SINCLAIR,2025,534237000.0,139968000.0,1160778000.0,51260000.0
SINCLAIR,2024,558754000.0,205419000.0,1072950000.0,51260000.0
SINCLAIR,2023,537796000.0,312320000.0,1285323000.0,51260000.0
SINCLAIR,2022,303237000.0,71272000.0,1125248000.0,51260000.0
SINDHUTRAD,2025,17311021000.0,256565000.0,16078336000.0,1541928780.0
SINDHUTRAD,2024,16836062000.0,568654000.0,14958265000.0,1541928780.0
SINDHUTRAD,2023,11736895000.0,4044000.0,13321305000.0,1541928780.0
SINDHUTRAD,2022,10140417000.0,-196507000.0,11906234000.0,1541928780.0
SINTERCOM,2025,893728000.0,6666000.0,1015495000.0,27527822.0
SINTERCOM,2024,870231000.0,11548000.0,1008570000.0,27527822.0
SINTERCOM,2023,803454000.0,-81000.0,996669000.0,27527822.0
SINTERCOM,2022,594567000.0,-38408000.0,996067000.0,27527822.0
SIRCA,2025,3739952000.0,490567000.0,3495670000.0,56792800.0
SIRCA,2024,3117203000.0,514336000.0,3086837000.0,56792800.0
SIRCA,2023,2677494000.0,461067000.0,2654959000.0,56792800.0
SIRCA,2022,2000249000.0,277233000.0,2251252000.0,56792800.0
SIS,2025,131890370000.0,117880000.0,24078920000.0,141272159.0
SIS,2024,122614250000.0,1900400000.0,24135370000.0,141272159.0
SIS,2023,113457800000.0,3463890000.0,23332930000.0,141272159.0
SIS,2022,100590760000.0,3250690000.0,20712520000.0,141272159.0
SITINET,2025,11785080000.0,-2094550000.0,-11685560000.0,872053848.0
SITINET,2024,12910910000.0,-1839630000.0,-9594130000.0,872053848.0
SITINET,2023,13214290000.0,-2799850000.0,-7758920000.0,872053848.0
SITINET,2022,14237690000.0,-2523440000.0,-4965220000.0,872053848.0
SIYSIL,2025,22181462000.0,1971169000.0,12831104000.0,45370088.0
SIYSIL,2024,20889315000.0,1847504000.0,11370359000.0,45370088.0
SIYSIL,2023,22279798000.0,2509877000.0,11368907000.0,45370088.0
SIYSIL,2022,19017515000.0,2162378000.0,9339829000.0,45370088.0
SJS,2025,7411470000.0,1178130000.0,6771800000.0,31996779.0
SJS,2024,6080910000.0,848160000.0,5505370000.0,31996779.0
SJS,2023,4320230000.0,672530000.0,4296390000.0,31996779.0
SJS,2022,3690220000.0,550180000.0,3604710000.0,31996779.0
SJVN,2025,30292500000.0,8324700000.0,141786500000.0,3929795175.0
SJVN,2024,25674600000.0,9211500000.0,140708500000.0,3929795175.0
SJVN,2023,28206700000.0,13696000000.0,138595400000.0,3929795175.0
SJVN,2022,24063600000.0,10336200000.0,131703400000.0,3929795175.0
SKFINDIA,2025,48305000000.0,5659100000.0,25979600000.0,49437963.0
SKFINDIA,2024,44877300000.0,5518000000.0,26827500000.0,49437963.0
SKFINDIA,2023,42339200000.0,5248800000.0,23413800000.0,49437963.0
SKFINDIA,2022,36035500000.0,3949600000.0,18856900000.0,49437963.0
SKIPPER,2025,44689460000.0,1493460000.0,11931030000.0,112904035.0
SKIPPER,2024,31368500000.0,816650000.0,8976200000.0,112904035.0
SKIPPER,2023,19620460000.0,355660000.0,7674130000.0,112904035.0
SKIPPER,2022,16955870000.0,251470000.0,7321310000.0,112904035.0
SKMEGGPROD,2025,4978300000.0,346100000.0,3031600000.0,52660000.0
SKMEGGPROD,2024,7011300000.0,854200000.0,2769751000.0,52660000.0
SKMEGGPROD,2023,6617704000.0,759248000.0,1946620000.0,52660000.0
SKMEGGPROD,2022,3024669000.0,74181000.0,1199936000.0,52660000.0
SKYGOLD,2025,35480196000.0,1326553000.0,6837971000.0,154873884.0
SKYGOLD,2024,17454842000.0,404811000.0,2441171000.0,154873884.0
SKYGOLD,2023,11538007000.0,186088000.0,981345000.0,154873884.0
SKYGOLD,2022,7857020000.0,169512000.0,767370000.0,154873884.0
SMARTLINK,2025,2099710000.0,66051000.0,1963150000.0,9975000.0
SMARTLINK,2024,1935901000.0,70595000.0,1902761000.0,9975000.0
SMARTLINK,2023,1568641000.0,192394000.0,1835030000.0,9975000.0
SMARTLINK,2022,777701000.0,103874000.0,1650007000.0,9975000.0
SMARTWORKS,2025,13740560000.0,-631790000.0,1078810000.0,114262076.0
SMARTWORKS,2024,10393640000.0,-499570000.0,500070000.0,114262076.0
SMARTWORKS,2023,7113920000.0,-1010460000.0,314660000.0,114262076.0
SMARTWORKS,2022,3602370000.0,-699050000.0,1140900000.0,114262076.0
SMCGLOBAL,2025,14945573000.0,1456945000.0,12171713000.0,209400000.0
SMCGLOBAL,2024,14263917000.0,1872765000.0,10957271000.0,209400000.0
SMCGLOBAL,2023,10730255000.0,1200547000.0,9327346000.0,209400000.0
SMCGLOBAL,2022,9914446000.0,1743763000.0,9261038000.0,209400000.0
SMLMAH,2025,23825821000.0,1216744000.0,3826627000.0,14471646.0
SMLMAH,2024,21827362000.0,1078780000.0,2855888000.0,14471646.0
SMLMAH,2023,18092747000.0,198352000.0,1779467000.0,14471646.0
SMLMAH,2022,9142362000.0,-997605000.0,1614850000.0,14471646.0
SMLT,2025,1773018000.0,41198000.0,1202126000.0,13689750.0
SMLT,2024,3037779000.0,138283000.0,1160876000.0,13689750.0
SMLT,2023,4063549000.0,297635000.0,1049928000.0,13689750.0
SMLT,2022,4552876000.0,274811000.0,779369000.0,13689750.0
SMSPHARMA,2025,7792740000.0,691356000.0,6396443000.0,93652030.0
SMSPHARMA,2024,7064565000.0,498260000.0,5363289000.0,93652030.0
SMSPHARMA,2023,5197468000.0,-70593000.0,4605252000.0,93652030.0
SMSPHARMA,2022,5150158000.0,622199000.0,4702886000.0,93652030.0
SNOWMAN,2025,5525345000.0,56908000.0,4070003000.0,167087995.0
SNOWMAN,2024,5033709000.0,127077000.0,4180586000.0,167087995.0
SNOWMAN,2023,4176477000.0,133952000.0,4216246000.0,167087995.0
SNOWMAN,2022,2861652000.0,16763000.0,4217942000.0,167087995.0
SOBHA,2025,40167590000.0,946860000.0,45605060000.0,106932977.0
SOBHA,2024,30631950000.0,491130000.0,25140740000.0,106932977.0
SOBHA,2023,32749150000.0,1042050000.0,24946710000.0,106932977.0
SOBHA,2022,25555310000.0,1731900000.0,24229130000.0,106932977.0
SOFTTECH,2025,952499000.0,13143000.0,1687651000.0,13842138.0
SOFTTECH,2024,787759000.0,35781000.0,1260875000.0,13842138.0
SOFTTECH,2023,654048000.0,39976000.0,1036649000.0,13842138.0
SOFTTECH,2022,574567000.0,47871000.0,847034000.0,13842138.0
SOLARA,2025,12414600000.0,5400000.0,10942400000.0,36172807.0
SOLARA,2024,12383900000.0,-5673900000.0,9339100000.0,36172807.0
SOLARA,2023,13791900000.0,-221800000.0,15002100000.0,36172807.0
SOLARA,2022,12305500000.0,-581500000.0,15248700000.0,36172807.0
SOLARINDS,2025,73600600000.0,12094400000.0,43863400000.0,90490055.0
SOLARINDS,2024,59090200000.0,8359300000.0,33056000000.0,90490055.0
SOLARINDS,2023,67697200000.0,7571900000.0,26103400000.0,90490055.0
SOLARINDS,2022,38285100000.0,4412800000.0,19142800000.0,90490055.0
SOLARWORLD,2025,5446800000.0,770480000.0,3090660000.0,86672654.0
SOLARWORLD,2024,5007440000.0,516910000.0,735950000.0,86672654.0
SOLARWORLD,2023,2324610000.0,148360000.0,219120000.0,86672654.0
SOLARWORLD,2022,277880000.0,21950000.0,70640000.0,86672654.0
SOLEX,2025,6622231000.0,420278000.0,1606282000.0,10802489.0
SOLEX,2024,3659212000.0,87348000.0,462418000.0,10802489.0
SOLEX,2023,1617129000.0,27107000.0,376270000.0,10802489.0
SOLEX,2022,719198000.0,9879000.0,350362000.0,10802489.0
SOMANYCERA,2025,26433136000.0,600676000.0,7716634000.0,41012806.0
SOMANYCERA,2024,25904936000.0,968894000.0,7201395000.0,41012806.0
SOMANYCERA,2023,24650430000.0,714916000.0,7869694000.0,41012806.0
SOMANYCERA,2022,20826544000.0,886871000.0,7262965000.0,41012806.0
SOMATEX,2025,94875000.0,692687000.0,1578366000.0,33033000.0
SOMATEX,2024,57268000.0,210923000.0,885272000.0,33033000.0
SOMATEX,2023,47912000.0,1654582000.0,751444000.0,33033000.0
SOMATEX,2022,139626000.0,-164174000.0,-857175000.0,33033000.0
SOMICONVEY,2025,1012298000.0,54862000.0,765381000.0,11779656.0
SOMICONVEY,2024,1020611000.0,45526000.0,710501000.0,11779656.0
SOMICONVEY,2023,936689000.0,34681000.0,664995000.0,11779656.0
SOMICONVEY,2022,571304000.0,17158000.0,642204000.0,11779656.0
SONACOMS,2025,34127420000.0,6012130000.0,54947700000.0,621846890.0
SONACOMS,2024,30819490000.0,5172670000.0,26503280000.0,621846890.0
SONACOMS,2023,25679140000.0,3952970000.0,22902000000.0,621846890.0
SONACOMS,2022,21096780000.0,3615430000.0,20002970000.0,621846890.0
SONAMLTD,2025,1038086000.0,63328000.0,629952000.0,40032000.0
SONAMLTD,2024,872800000.0,55158000.0,566624000.0,40032000.0
SONAMLTD,2023,822057000.0,40016000.0,522503000.0,40032000.0
SONAMLTD,2022,870713000.0,33968000.0,482487000.0,40032000.0
SONATSOFTW,2025,101344300000.0,4246700000.0,17059400000.0,277362018.0
SONATSOFTW,2024,86099500000.0,3085000000.0,14062900000.0,277362018.0
SONATSOFTW,2023,74468400000.0,4519000000.0,13006500000.0,277362018.0
SONATSOFTW,2022,55524400000.0,3764300000.0,10992100000.0,277362018.0
SOTL,2025,37867547000.0,1131950000.0,16614102000.0,68560415.0
SOTL,2024,37081405000.0,2007638000.0,16217169000.0,68560415.0
SOTL,2023,35945700000.0,2256974000.0,14490495000.0,68560415.0
SOTL,2022,29139934000.0,2604900000.0,12578715000.0,68560415.0
SOUTHBANK,2025,53027722000.0,13030939000.0,101080305000.0,2617567904.0
SOUTHBANK,2024,48493477000.0,10701958000.0,88263417000.0,2617567904.0
SOUTHBANK,2023,39611151000.0,7753082000.0,66747359000.0,2617567904.0
SOUTHBANK,2022,32814166000.0,448081000.0,58542497000.0,2617567904.0
SOUTHWEST,2025,1802950000.0,164264000.0,1706298000.0,29830011.0
SOUTHWEST,2024,1334249000.0,82698000.0,1214979000.0,29830011.0
SOUTHWEST,2023,1242627000.0,89707000.0,1137181000.0,29830011.0
SOUTHWEST,2022,1178635000.0,109209000.0,1049349000.0,29830011.0
SPAL,2025,13213740000.0,951020000.0,8563430000.0,25138883.0
SPAL,2024,10314580000.0,896250000.0,7636420000.0,25138883.0
SPAL,2023,10274090000.0,825120000.0,6736110000.0,25138883.0
SPAL,2022,8220580000.0,846930000.0,6377740000.0,25138883.0
SPANDANA,2025,21601100000.0,-10351000000.0,26330500000.0,71305144.0
SPANDANA,2024,22158300000.0,5006600000.0,36446000000.0,71305144.0
SPANDANA,2023,12680100000.0,123100000.0,30990200000.0,71305144.0
SPANDANA,2022,13845830000.0,694680000.0,30875680000.0,71305144.0
SPARC,2025,717660000.0,-3425094000.0,-2169480000.0,324521588.0
SPARC,2024,755453000.0,-3872139000.0,1257554000.0,324521588.0
SPARC,2023,2387801000.0,-2225835000.0,5127751000.0,324521588.0
SPARC,2022,1372489000.0,-2033954000.0,312257000.0,324521588.0
SPCENET,2025,1570542000.0,118925000.0,1508561000.0,564675736.0
SPCENET,2024,1282115000.0,104379000.0,1051340000.0,564675736.0
SPCENET,2023,1445373000.0,26922000.0,527766000.0,564675736.0
SPCENET,2022,431390000.0,7280000.0,342562000.0,564675736.0
SPECIALITY,2025,4362490000.0,217120000.0,3269800000.0,48235657.0
SPECIALITY,2024,4046960000.0,293900000.0,3072200000.0,48235657.0
SPECIALITY,2023,3749730000.0,967880000.0,2766090000.0,48235657.0
SPECIALITY,2022,2529330000.0,81610000.0,1446350000.0,48235657.0
SPECTRUM,2025,3855767000.0,256092000.0,1903179000.0,15713840.0
SPECTRUM,2024,3141730000.0,194182000.0,1651745000.0,15713840.0
SPECTRUM,2023,2533499000.0,84505000.0,878153000.0,15713840.0
SPECTRUM,2022,2513012000.0,76513000.0,833885000.0,15713840.0
SPENCERS,2025,19321901000.0,-2463623000.0,-6616057000.0,90012009.0
SPENCERS,2024,22612202000.0,-2661510000.0,-4158383000.0,90012009.0
SPENCERS,2023,23684464000.0,-2103968000.0,-1504687000.0,90012009.0
SPENCERS,2022,22357796000.0,-1214604000.0,618568000.0,90012009.0
SPIC,2025,4411500000.0,1556200000.0,11988500000.0,203640336.0
SPIC,2024,4146500000.0,1130600000.0,10756200000.0,203640336.0
SPIC,2023,5226600000.0,3007100000.0,9857500000.0,203640336.0
SPIC,2022,3687463000.0,1633441000.0,6939238000.0,203640336.0
SPLIL,2025,1322608000.0,97915000.0,2089480000.0,29000004.0
SPLIL,2024,1992489000.0,117511000.0,1991738000.0,29000004.0
SPLIL,2023,2694017000.0,238359000.0,1874546000.0,29000004.0
SPLIL,2022,1887898000.0,210842000.0,1634722000.0,29000004.0
SPLPETRO,2025,60015964000.0,3905248000.0,22312884000.0,188041342.0
SPLPETRO,2024,52364888000.0,3464884000.0,20191126000.0,188041342.0
SPLPETRO,2023,52776018000.0,4981378000.0,18438651000.0,188041342.0
SPLPETRO,2022,50220582000.0,6632649000.0,15156332000.0,188041342.0
SPMLINFRA,2025,7310010000.0,479361000.0,7701401000.0,78821335.0
SPMLINFRA,2024,12304229000.0,-69699000.0,4602789000.0,78821335.0
SPMLINFRA,2023,8546168000.0,3908000.0,3246946000.0,78821335.0
SPMLINFRA,2022,9209366000.0,-1389000.0,2858053000.0,78821335.0
SPORTKING,2025,24569390000.0,1092533000.0,10058214000.0,127072000.0
SPORTKING,2024,23169977000.0,703456000.0,9024254000.0,127072000.0
SPORTKING,2023,21573750000.0,1319820000.0,8997132000.0,127072000.0
SPORTKING,2022,21010743000.0,4092492000.0,7674660000.0,127072000.0
SRD,2025,4017843000.0,113924000.0,1095123000.0,63966780.0
SRD,2024,2877259000.0,64970000.0,985401000.0,63966780.0
SRD,2023,3234490000.0,159094000.0,923629000.0,63966780.0
SRD,2022,3032896000.0,270644000.0,767735000.0,63966780.0
SREEL,2025,2199271000.0,225713000.0,4620991000.0,23155012.0
SREEL,2024,2176753000.0,268450000.0,4175110000.0,23155012.0
SREEL,2023,1996430000.0,256161000.0,3718426000.0,23155012.0
SREEL,2022,1218619000.0,165327000.0,3371821000.0,23155012.0
SRF,2025,143581500000.0,12507800000.0,126262000000.0,296424825.0
SRF,2024,129103500000.0,13357100000.0,114790200000.0,296424825.0
SRF,2023,145918200000.0,21623400000.0,103270500000.0,296424825.0
SRF,2022,123127500000.0,18889200000.0,85653600000.0,296424825.0
SRGHFL,2025,1416784000.0,243950000.0,2639494000.0,15701838.0
SRGHFL,2024,1137849000.0,210588000.0,1596683000.0,15701838.0
SRGHFL,2023,834869000.0,170571000.0,1332621000.0,15701838.0
SRGHFL,2022,732103000.0,203219000.0,1137396000.0,15701838.0
SRHHYPOLTD,2025,6347635000.0,900720000.0,9182779000.0,17164821.0
SRHHYPOLTD,2024,8616459000.0,790622000.0,8006116000.0,17164821.0
SRHHYPOLTD,2023,16453896000.0,1542541000.0,7509278000.0,17164821.0
SRHHYPOLTD,2022,12627566000.0,1027785000.0,5702818000.0,17164821.0
SRM,2025,5281293000.0,550028000.0,2755417300.0,22944200.0
SRM,2024,3424210000.0,269663000.0,1293968600.0,22944200.0
SRM,2023,3002908248.55,187475317.07,633726324.87,22944200.0
SRM,2022,2636114000.0,175677000.0,444098000.0,22944200.0
SRTL,2025,2525539000.0,79959000.0,740327000.0,39975000.0
SRTL,2024,2292226000.0,65525000.0,667986000.0,39975000.0
SRTL,2023,2105890000.0,20508000.0,611104000.0,39975000.0
SRTL,2022,2148840000.0,36376000.0,538733000.0,39975000.0
SSDL,2025,6035910000.0,305760000.0,1778560000.0,39599800.0
SSDL,2024,6015220000.0,295280000.0,649090000.0,39599800.0
SSDL,2023,5923000000.0,229740000.0,353820000.0,39599800.0
SSDL,2022,5427840000.0,123080000.0,124080000.0,39599800.0
SSWL,2025,44147646000.0,1952845000.0,16256801000.0,157180425.0
SSWL,2024,43411526000.0,6746845000.0,14422367000.0,157180425.0
SSWL,2023,40268951000.0,1937940000.0,11347129000.0,157180425.0
SSWL,2022,35599534000.0,2054641000.0,9518371000.0,157180425.0
STALLION,2025,3773651000.0,323286000.0,3008440000.0,116085737.0
STALLION,2024,2331630000.0,154747000.0,1252620000.0,116085737.0
STALLION,2023,2253814000.0,97530000.0,707032000.0,116085737.0
STALLION,2022,1855795000.0,211097000.0,609367000.0,116085737.0
STANLEY,2025,4236000000.0,291000000.0,4643000000.0,57125663.0
STANLEY,2024,4310000000.0,301000000.0,2470000000.0,57125663.0
STANLEY,2023,4177980000.0,328750000.0,2165020000.0,57125663.0
STANLEY,2022,2917820000.0,213490000.0,1997550000.0,57125663.0
STAR,2025,43916820000.0,4053480000.0,25518310000.0,92172714.0
STAR,2024,37300230000.0,-1202040000.0,21255650000.0,92172714.0
STAR,2023,36076690000.0,-2212040000.0,22122580000.0,92172714.0
STAR,2022,30220560000.0,-4602110000.0,23592280000.0,92172714.0
STARCEMENT,2025,29877957000.0,1690027000.0,28791948000.0,404180417.0
STARCEMENT,2024,28881757000.0,2951103000.0,27101163000.0,404180417.0
STARCEMENT,2023,25755513000.0,2476041000.0,24163756000.0,404180417.0
STARCEMENT,2022,20901991000.0,2467748000.0,21684340000.0,404180417.0
STARHEALTH,2025,164881300000.0,6458600000.0,71121400000.0,588398801.0
STARHEALTH,2024,144133200000.0,8450100000.0,67317900000.0,588398801.0
STARHEALTH,2023,122410977000.0,6185922000.0,65888907000.0,588398801.0
STARHEALTH,2022,106019800000.0,-10406700000.0,63959458000.0,588398801.0
STARPAPER,2025,4363350000.0,411465000.0,6809039000.0,15508350.0
STARPAPER,2024,4444729000.0,640032000.0,6472768000.0,15508350.0
STARPAPER,2023,4827244000.0,656730000.0,5944163000.0,15508350.0
STARPAPER,2022,3247855000.0,366482000.0,5348153000.0,15508350.0
STARTECK,2025,328058000.0,104242000.0,2343539000.0,9910330.0
STARTECK,2024,373294000.0,160766000.0,2063861000.0,9910330.0
STARTECK,2023,282185000.0,218204000.0,1795063000.0,9910330.0
STARTECK,2022,289477000.0,101898000.0,1609525000.0,9910330.0
STCINDIA,2025,0.0,247452000.0,-46026412000.0,60000000.0
STCINDIA,2024,0.0,510723000.0,-46332597000.0,60000000.0
STCINDIA,2023,0.0,317879000.0,-47022654000.0,60000000.0
STCINDIA,2022,0.0,-868488000.0,-47546785000.0,60000000.0
STEELCAS,2025,3687540000.0,721979000.0,3258740000.0,101200000.0
STEELCAS,2024,4007507000.0,750021000.0,2696160000.0,101200000.0
STEELCAS,2023,4643643000.0,705246000.0,2152057000.0,101200000.0
STEELCAS,2022,2966798000.0,332719000.0,1565542000.0,101200000.0
STEELCITY,2025,652833000.0,171523000.0,1295740000.0,15107095.0
STEELCITY,2024,591788000.0,118628000.0,1183710000.0,15107095.0
STEELCITY,2023,546057000.0,112090000.0,1115463000.0,15107095.0
STEELCITY,2022,636330000.0,138188000.0,1048256000.0,15107095.0
STEELXIND,2025,11420365000.0,259342000.0,7059769000.0,1247220542.0
STEELXIND,2024,10891710000.0,108859000.0,6615346000.0,1247220542.0
STEELXIND,2023,13883281000.0,-588511000.0,5171647000.0,1247220542.0
STEELXIND,2022,11005860000.0,1164804000.0,4910711000.0,1247220542.0
STEL,2025,204267000.0,158683000.0,17531472000.0,18455405.0
STEL,2024,169882000.0,132733000.0,15037362000.0,18455405.0
STEL,2023,158254000.0,122590000.0,8141992000.0,18455405.0
STEL,2022,186388990.0,146081680.0,7391587050.0,18455405.0
STERTOOLS,2025,10236830000.0,582931000.0,4996744000.0,36344426.0
STERTOOLS,2024,9229052000.0,553650000.0,4471085000.0,36344426.0
STERTOOLS,2023,7628671000.0,478780000.0,4004274000.0,36344426.0
STERTOOLS,2022,5003021000.0,255370000.0,3557834000.0,36344426.0
STLTECH,2025,38710000000.0,-720000000.0,19890000000.0,488132538.0
STLTECH,2024,40000000000.0,-650000000.0,20230000000.0,488132538.0
STLTECH,2023,67900000000.0,2450000000.0,20910000000.0,488132538.0
STLTECH,2022,53460000000.0,1620000000.0,19550000000.0,488132538.0
STOVEKRAFT,2025,14176360000.0,385050000.0,4708350000.0,33107321.0
STOVEKRAFT,2024,13370000000.0,341350000.0,4392070000.0,33107321.0
STOVEKRAFT,2023,12576180000.0,357700000.0,4033680000.0,33107321.0
STOVEKRAFT,2022,11296870000.0,562150000.0,3640100000.0,33107321.0
STYL,2025,14615290000.0,2223200000.0,6381380000.0,161805826.0
STYL,2024,15573680000.0,1692780000.0,4340460000.0,161805826.0
STYL,2023,11458520000.0,1080980000.0,2901080000.0,161805826.0
STYL,2022,6719530000.0,373530000.0,1816410000.0,161805826.0
STYLAMIND,2025,10250895000.0,1218729000.0,6573825000.0,16948060.0
STYLAMIND,2024,9140826000.0,1284405000.0,5362793000.0,16948060.0
STYLAMIND,2023,9521339000.0,959802000.0,4120694000.0,16948060.0
STYLAMIND,2022,6593468000.0,608861000.0,3160919000.0,16948060.0
STYLEBAAZA,2025,13427849000.0,146629000.0,4037200000.0,74617353.0
STYLEBAAZA,2024,9718546000.0,219428000.0,2151265000.0,74617353.0
STYLEBAAZA,2023,7871340000.0,51020000.0,1935850000.0,74617353.0
STYLEBAAZA,2022,5504310000.0,-80070000.0,1437740000.0,74617353.0
STYRENIX,2025,29824200000.0,2351600000.0,11675700000.0,17585625.0
STYRENIX,2024,22221700000.0,1731600000.0,7227300000.0,17585625.0
STYRENIX,2023,23678300000.0,1830100000.0,7147400000.0,17585625.0
STYRENIX,2022,21745048000.0,3225434000.0,8564331000.0,17585625.0
SUBEXLTD,2025,2856100000.0,-314400000.0,3044800000.0,554855308.0
SUBEXLTD,2024,3097200000.0,-1917300000.0,3335100000.0,554855308.0
SUBEXLTD,2023,2786900000.0,-512100000.0,5218400000.0,554855308.0
SUBEXLTD,2022,3323400000.0,209900000.0,5636700000.0,554855308.0
SUBROS,2025,33675700000.0,1505359000.0,10941294000.0,65235750.0
SUBROS,2024,30705700000.0,976187000.0,9559314000.0,65235750.0
SUBROS,2023,27998050000.0,479207000.0,8672698000.0,65235750.0
SUBROS,2022,22349115000.0,324915000.0,8237574000.0,65235750.0
SUDARCOLOR,2025,8180379000.0,514494000.0,5233415000.0,23081798.0
SUDARCOLOR,2024,7807058000.0,411385000.0,4724413000.0,23081798.0
SUDARCOLOR,2023,7574060000.0,191791000.0,4324226000.0,23081798.0
SUDARCOLOR,2022,8302451000.0,433196000.0,4138650000.0,23081798.0
SUDARSCHEM,2025,33243490000.0,557530000.0,34400500000.0,78611936.0
SUDARSCHEM,2024,25221940000.0,3574470000.0,11490370000.0,78611936.0
SUDARSCHEM,2023,22861650000.0,447690000.0,8282240000.0,78611936.0
SUDARSCHEM,2022,21911270000.0,1299660000.0,8331890000.0,78611936.0
SUDEEPPHRM,2025,4974080000.0,1386910000.0,4908360000.0,112948625.0
SUDEEPPHRM,2024,4546660000.0,1331870000.0,3560340000.0,112948625.0
SUDEEPPHRM,2023,4261710000.0,623210000.0,2232850000.0,112948625.0
SUKHJITS,2025,14979467000.0,399511000.0,5430787000.0,31244000.0
SUKHJITS,2024,13753453000.0,499620000.0,5026439000.0,31244000.0
SUKHJITS,2023,14465723000.0,633632000.0,4655286000.0,31244000.0
SUKHJITS,2022,11589738000.0,728451000.0,4125829000.0,31244000.0
SULA,2025,5248100000.0,702000000.0,5862700000.0,84447229.0
SULA,2024,5178600000.0,933100000.0,5500000000.0,84447229.0
SULA,2023,4707400000.0,840500000.0,5320400000.0,84447229.0
SULA,2022,4244120000.0,521390000.0,3952590000.0,84447229.0
SUMEETINDS,2025,10033705000.0,1702610000.0,1852081000.0,526325680.0
SUMEETINDS,2024,9848569000.0,-590116000.0,-1766911000.0,526325680.0
SUMEETINDS,2023,10331242000.0,-587217000.0,-1163366000.0,526325680.0
SUMEETINDS,2022,8935044000.0,29138000.0,-528220000.0,526325680.0
SUMICHEM,2025,31189870000.0,5054960000.0,29011450000.0,499145736.0
SUMICHEM,2024,28177670000.0,3695410000.0,24415670000.0,499145736.0
SUMICHEM,2023,34733410000.0,5022090000.0,23817800000.0,499145736.0
SUMICHEM,2022,30358960000.0,4235580000.0,19272100000.0,499145736.0
SUMIT,2025,1382029000.0,114434000.0,1591351000.0,45268753.0
SUMIT,2024,1777316000.0,89930000.0,760193000.0,45268753.0
SUMIT,2023,998575000.0,76403000.0,671122000.0,45268753.0
SUMIT,2022,606190000.0,-9085000.0,559644000.0,45268753.0
SUMMITSEC,2025,1258402000.0,685957000.0,98661197000.0,10901781.0
SUMMITSEC,2024,689582000.0,757302000.0,90260922000.0,10901781.0
SUMMITSEC,2023,491590000.0,370615000.0,51058223000.0,10901781.0
SUMMITSEC,2022,643630000.0,508309000.0,44817358000.0,10901781.0
SUNCLAY,2025,22392300000.0,-106500000.0,9710500000.0,22046162.0
SUNCLAY,2024,14013300000.0,-1201300000.0,6001600000.0,22046162.0
SUNCLAY,2023,20259500000.0,-1078400000.0,7741000000.0,22046162.0
SUNCLAY,2022,16573000000.0,252200000.0,5573800000.0,22046162.0
SUNDARAM,2025,1274255000.0,-51207000.0,875378000.0,473877773.0
SUNDARAM,2024,1270513000.0,-50818000.0,926307000.0,473877773.0
SUNDARAM,2023,1143689000.0,25892000.0,977029000.0,473877773.0
SUNDARAM,2022,703579000.0,39108000.0,949811000.0,473877773.0
SUNDARMFIN,2025,42141300000.0,18794400000.0,131968300000.0,110213031.0
SUNDARMFIN,2024,36276400000.0,14360200000.0,110782300000.0,110213031.0
SUNDARMFIN,2023,29525600000.0,13277600000.0,99197900000.0,110213031.0
SUNDARMFIN,2022,27822200000.0,11733400000.0,87948300000.0,110213031.0
SUNDRMBRAK,2025,3491623000.0,51728000.0,993526000.0,3934575.0
SUNDRMBRAK,2024,3496058000.0,100936000.0,950591000.0,3934575.0
SUNDRMBRAK,2023,3531004000.0,-47816000.0,854103000.0,3934575.0
SUNDRMBRAK,2022,2926314000.0,777000.0,906314000.0,3934575.0
SUNDRMFAST,2025,57757900000.0,5391000000.0,38103100000.0,210128370.0
SUNDRMFAST,2024,54931800000.0,5216800000.0,34207300000.0,210128370.0
SUNDRMFAST,2023,54901000000.0,4946900000.0,30157100000.0,210128370.0
SUNDRMFAST,2022,47672600000.0,4567200000.0,26212800000.0,210128370.0
SUNDROP,2025,8971350000.0,-1099010000.0,14383800000.0,37696853.0
SUNDROP,2024,7580790000.0,104100000.0,5002520000.0,37696853.0
SUNDROP,2023,8479700000.0,150760000.0,4860770000.0,37696853.0
SUNDROP,2022,9154730000.0,258470000.0,4621120000.0,37696853.0
SUNFLAG,2025,35355900000.0,1620600000.0,87663700000.0,180219448.0
SUNFLAG,2024,34152800000.0,1435300000.0,51637300000.0,180219448.0
SUNFLAG,2023,34874100000.0,11152900000.0,33422100000.0,180219448.0
SUNFLAG,2022,26925800000.0,2170000000.0,17489500000.0,180219448.0
SUNPHARMA,2025,520412500000.0,109290400000.0,722180200000.0,2399334970.0
SUNPHARMA,2024,477584500000.0,95763800000.0,636667500000.0,2399334970.0
SUNPHARMA,2023,432788700000.0,84735800000.0,559953800000.0,2399334970.0
SUNPHARMA,2022,384264200000.0,32727300000.0,480112200000.0,2399334970.0
SUNTECK,2025,8531340000.0,1503161000.0,32600300000.0,146842025.0
SUNTECK,2024,5592240000.0,709284000.0,31241967000.0,146842025.0
SUNTECK,2023,3523017000.0,14089000.0,27878556000.0,146842025.0
SUNTECK,2022,5045125000.0,250890000.0,27904038000.0,146842025.0
SUNTV,2025,40150900000.0,17029300000.0,116472800000.0,394084620.0
SUNTV,2024,42821000000.0,19250700000.0,105360100000.0,394084620.0
SUNTV,2023,37720500000.0,17064100000.0,92715900000.0,394084620.0
SUNTV,2022,35848200000.0,16418000000.0,81552000000.0,394084620.0
SUPERHOUSE,2025,6399135000.0,93398000.0,4565525000.0,11025000.0
SUPERHOUSE,2024,6383613000.0,138294000.0,4486456000.0,11025000.0
SUPERHOUSE,2023,7265849000.0,265041000.0,4380212000.0,11025000.0
SUPERHOUSE,2022,6229944000.0,355501000.0,4152779000.0,11025000.0
SUPERSPIN,2025,0.0,-22671000.0,551921000.0,55000000.0
SUPERSPIN,2024,0.0,-67618000.0,715929000.0,55000000.0
SUPERSPIN,2023,0.0,27675000.0,897422000.0,55000000.0
SUPERSPIN,2022,878775000.0,8356000.0,1093061000.0,55000000.0
SUPRAJIT,2025,32681360000.0,992650000.0,12802180000.0,137171147.0
SUPRAJIT,2024,28917950000.0,1672700000.0,13621870000.0,137171147.0
SUPRAJIT,2023,27483550000.0,1521090000.0,12244800000.0,137171147.0
SUPRAJIT,2022,18303790000.0,1730770000.0,10839690000.0,137171147.0
SUPREME,2025,662293000.0,104952000.0,5679642000.0,38646853.0
SUPREME,2024,717098000.0,78584000.0,5479672000.0,38646853.0
SUPREME,2023,731118000.0,119398000.0,5370771000.0,38646853.0
SUPREME,2022,763963000.0,128809000.0,1019313000.0,38646853.0
SUPREMEENG,2025,168188000.0,-118099000.0,-888996000.0,249950000.0
SUPREMEENG,2024,251015000.0,-110404000.0,-770758000.0,249950000.0
SUPREMEIND,2025,103591000000.0,9608800000.0,56604400000.0,127026870.0
SUPREMEIND,2024,100805000000.0,10697200000.0,51088300000.0,127026870.0
SUPREMEIND,2023,91373900000.0,8653300000.0,44021200000.0,127026870.0
SUPREMEIND,2022,77311400000.0,9684500000.0,38443600000.0,127026870.0
SUPREMEINF,2025,661656000.0,-14263154000.0,-62319543000.0,25698372.0
SUPREMEINF,2024,587290000.0,-11745858000.0,-48705441000.0,25698372.0
SUPREMEINF,2023,966201000.0,-11577927000.0,-51227816000.0,25698372.0
SUPREMEINF,2022,1236353000.0,-8299306000.0,-26005327000.0,25698372.0
SUPRIYA,2025,6795640000.0,1879580000.0,9967600000.0,80482800.0
SUPRIYA,2024,5574100000.0,1191140000.0,8153660000.0,80482800.0
SUPRIYA,2023,4510150000.0,898570000.0,6994580000.0,80482800.0
SUPRIYA,2022,5193740000.0,1518100000.0,6156880000.0,80482800.0
SURAJEST,2025,5391040000.0,1001650000.0,9027020000.0,47773388.0
SURAJEST,2024,4122140000.0,675010000.0,5161910000.0,47773388.0
SURAJEST,2023,3057440000.0,321600000.0,713920000.0,47773388.0
SURAJEST,2022,2727180000.0,263750000.0,391630000.0,47773388.0
SURAJLTD,2025,2310460000.0,133047000.0,1330208000.0,18364100.0
SURAJLTD,2024,3298261000.0,215240000.0,1225274000.0,18364100.0
SURAJLTD,2023,3644004000.0,201239000.0,1037565000.0,18364100.0
SURAJLTD,2022,3408685000.0,30024000.0,921703000.0,18364100.0
SURAKSHA,2025,2520927000.0,318241000.0,2112397000.0,52080758.0
SURAKSHA,2024,2187085000.0,236254000.0,1777797000.0,52080758.0
SURAKSHA,2023,1901340000.0,65160000.0,1542970000.0,52080758.0
SURAKSHA,2022,2231930000.0,208240000.0,1442130000.0,52080758.0
SURANASOL,2025,388003000.0,-526000.0,561144000.0,49206600.0
SURANASOL,2024,177064000.0,-12589000.0,561676000.0,49206600.0
SURANASOL,2023,421833000.0,22849000.0,574264000.0,49206600.0
SURANASOL,2022,248316000.0,8458000.0,551416000.0,49206600.0
SURANAT&P,2025,159209000.0,234419000.0,1563917000.0,135759963.0
SURANAT&P,2024,252756000.0,80568000.0,1338897000.0,135759963.0
SURANAT&P,2023,279133000.0,52707000.0,1232186000.0,135759963.0
SURANAT&P,2022,294456000.0,79160000.0,1176060000.0,135759963.0
SURYALAXMI,2025,7692627000.0,36332000.0,2696875000.0,18805290.0
SURYALAXMI,2024,7617126000.0,36075000.0,2660520000.0,18805290.0
SURYALAXMI,2023,8314976000.0,127213000.0,2630301000.0,18805290.0
SURYALAXMI,2022,7590402000.0,343700000.0,2522250000.0,18805290.0
SURYAROSNI,2025,73852400000.0,3466000000.0,24652200000.0,217603221.0
SURYAROSNI,2024,77620500000.0,3291600000.0,21663900000.0,217603221.0
SURYAROSNI,2023,79746300000.0,3355200000.0,18635900000.0,217603221.0
SURYAROSNI,2022,77117100000.0,2049200000.0,15475800000.0,217603221.0
SURYODAY,2025,13233359000.0,1149646000.0,19270909000.0,106289824.0
SURYODAY,2024,11816085000.0,2159588000.0,18049581000.0,106289824.0
SURYODAY,2023,8439846000.0,776909000.0,15847275000.0,106289824.0
SURYODAY,2022,6779384000.0,-930320000.0,15051178000.0,106289824.0
SUTLEJTEX,2025,26246700000.0,-684000000.0,8947900000.0,163828620.0
SUTLEJTEX,2024,26527500000.0,-1355600000.0,9611000000.0,163828620.0
SUTLEJTEX,2023,30268500000.0,372800000.0,11094000000.0,163828620.0
SUTLEJTEX,2022,30764600000.0,1502300000.0,10999700000.0,163828620.0
SUVEN,2025,66558000.0,-1607450000.0,1099868000.0,263720583.0
SUVEN,2024,116930000.0,-1050762000.0,2700406000.0,263720583.0
SUVEN,2023,135392000.0,-1182678000.0,3753194000.0,263720583.0
SUVEN,2022,118443000.0,-1219951000.0,961454000.0,263720583.0
SUVIDHAA,2025,99380000.0,-165790000.0,374640000.0,209806690.0
SUVIDHAA,2024,76090000.0,-161210000.0,541440000.0,209806690.0
SUVIDHAA,2023,312870000.0,-17460000.0,705550000.0,209806690.0
SUVIDHAA,2022,380440000.0,-28650000.0,717850000.0,209806690.0
SUYOG,2025,1925723000.0,405539000.0,4003816000.0,11717120.0
SUYOG,2024,1666138000.0,633124000.0,2983938000.0,11717120.0
SUYOG,2023,1436444000.0,463059000.0,2342590000.0,11717120.0
SUYOG,2022,1263388000.0,413822000.0,1883075000.0,11717120.0
SUZLON,2025,107633700000.0,20716300000.0,61057200000.0,13714682759.0
SUZLON,2024,64025700000.0,6603500000.0,39203100000.0,13714682759.0
SUZLON,2023,58542900000.0,28490100000.0,10991400000.0,13714682759.0
SUZLON,2022,65199500000.0,-1995900000.0,-35257300000.0,13714682759.0
SVLL,2025,1461128000.0,21876000.0,342958000.0,11493700.0
SVLL,2024,1230660000.0,31206000.0,319535000.0,11493700.0
SVLL,2023,1005090000.0,20473000.0,282516000.0,11493700.0
SVLL,2022,848177000.0,21729000.0,263600000.0,11493700.0
SVPGLOB,2025,922072000.0,-9795379000.0,-11217783000.0,126500000.0
SVPGLOB,2024,3018984000.0,-4319490000.0,-1657406000.0,126500000.0
SVPGLOB,2023,9176893000.0,-2343212000.0,2876800000.0,126500000.0
SVPGLOB,2022,17204960000.0,712897000.0,5816214000.0,126500000.0
SWANCORP,2025,49021080000.0,7553030000.0,73427287000.0,313456886.0
SWANCORP,2024,49823246000.0,3011713000.0,62788930000.0,313456886.0
SWANCORP,2023,14041552000.0,-359002000.0,22836786000.0,313456886.0
SWANCORP,2022,4539202000.0,-1578929000.0,12453191000.0,313456886.0
SWANDEF,2025,70346000.0,-1815042000.0,2956098000.0,52682150.0
SWANDEF,2024,0.0,-1213599000.0,4766493000.0,52682150.0
SWANDEF,2023,31610000.0,179369307000.0,5472442000.0,52682150.0
SWANDEF,2022,63200000.0,-20864042000.0,-173898971000.0,52682150.0
SWARAJENG,2025,16739636000.0,1659837000.0,4192008000.0,12147466.0
SWARAJENG,2024,14127387000.0,1378660000.0,3685657000.0,12147466.0
SWARAJENG,2023,14144552000.0,1336131000.0,3422094000.0,12147466.0
SWARAJENG,2022,11328736000.0,1094743000.0,3056758000.0,12147466.0
SWELECTES,2025,6144422000.0,125974000.0,8566840000.0,15158760.0
SWELECTES,2024,2365420000.0,524237000.0,8379721000.0,15158760.0
SWELECTES,2023,2362864000.0,276554000.0,7872336000.0,15158760.0
SWELECTES,2022,3442742000.0,481570000.0,7756013000.0,15158760.0
SWIGGY,2025,150461240000.0,-31167990000.0,102194870000.0,2596485720.0
SWIGGY,2024,110726390000.0,-23502430000.0,-77818030000.0,2596485720.0
SWIGGY,2023,81384980000.0,-41793050000.0,-65059300000.0,2596485720.0
SWIGGY,2022,55675260000.0,-36288960000.0,-32956300000.0,2596485720.0
SWSOLAR,2025,63000900000.0,814500000.0,10070600000.0,233531720.0
SWSOLAR,2024,30351100000.0,-2119200000.0,9691700000.0,233531720.0
SWSOLAR,2023,20133600000.0,-11695500000.0,-2250810000.0,233531720.0
SWSOLAR,2022,51973800000.0,-9094600000.0,9167600000.0,233531720.0
SYMPHONY,2025,15727000000.0,2125000000.0,7605400000.0,68671400.0
SYMPHONY,2024,11536300000.0,1481300000.0,7490100000.0,68671400.0
SYMPHONY,2023,11838400000.0,1164200000.0,8809100000.0,68671400.0
SYMPHONY,2022,10349200000.0,1203100000.0,8394700000.0,68671400.0
SYNCOMF,2025,4573731000.0,494346000.0,3421576000.0,940000000.0
SYNCOMF,2024,2592440000.0,253142000.0,2881428000.0,940000000.0
SYNCOMF,2023,2224861000.0,200707000.0,2560147000.0,940000000.0
SYNCOMF,2022,2178246000.0,197904000.0,2222216000.0,940000000.0
SYNGENE,2025,35128000000.0,4962000000.0,47268000000.0,401751784.0
SYNGENE,2024,33695000000.0,5100000000.0,42577000000.0,401751784.0
SYNGENE,2023,30802000000.0,4644000000.0,36180000000.0,401751784.0
SYNGENE,2022,25067000000.0,3958000000.0,32976000000.0,401751784.0
SYRMA,2025,37159890000.0,1698710000.0,17499640000.0,192624977.0
SYRMA,2024,31302650000.0,1073280000.0,16126080000.0,192624977.0
SYRMA,2023,20098240000.0,1193200000.0,15402780000.0,192624977.0
SYRMA,2022,10132800000.0,555380000.0,5720560000.0,192624977.0
SYSTMTXC,2025,1250749000.0,457613000.0,2998411000.0,136538010.0
SYSTMTXC,2024,1121326000.0,533463000.0,1523144000.0,136538010.0
SYSTMTXC,2023,679444000.0,50823000.0,990937000.0,136538010.0
SYSTMTXC,2022,812001000.0,174971000.0,949861000.0,136538010.0
TAINWALCHM,2025,164170000.0,49195000.0,1536203000.0,9363863.0
TAINWALCHM,2024,180300000.0,48146000.0,1175415000.0,9363863.0
TAINWALCHM,2023,128337000.0,32815000.0,987198000.0,9363863.0
TAINWALCHM,2022,77202000.0,3686000.0,902479000.0,9363863.0
TAJGVK,2025,4421904000.0,948525000.0,6549672000.0,62701495.0
TAJGVK,2024,4016218000.0,744061000.0,5477516000.0,62701495.0
TAJGVK,2023,3777444000.0,798220000.0,4613200000.0,62701495.0
TAJGVK,2022,2209824000.0,99049000.0,3683396000.0,62701495.0
TAKE,2025,0.0,7380000.0,205270000.0,146224984.0
TAKE,2024,36020000.0,-663760000.0,-88730000.0,146224984.0
TAKE,2023,1890700000.0,-468640000.0,1086020000.0,146224984.0
TAKE,2022,6526460000.0,-828090000.0,1810430000.0,146224984.0
TALBROAUTO,2025,8270522000.0,944327000.0,6326377000.0,61728150.0
TALBROAUTO,2024,7292759000.0,1099763000.0,5371811000.0,61728150.0
TALBROAUTO,2023,6067916000.0,555770000.0,3675191000.0,61728150.0
TALBROAUTO,2022,5421640000.0,448862000.0,3018823000.0,61728150.0
TANLA,2025,40277215000.0,5072828000.0,22682942000.0,131997759.0
TANLA,2024,39277912000.0,5483155000.0,19417821000.0,131997759.0
TANLA,2023,33545549000.0,4476486000.0,15174935000.0,131997759.0
TANLA,2022,32059733000.0,5392791000.0,13540437000.0,131997759.0
TARACHAND,2025,2478180000.0,248572000.0,1213607000.0,78824900.0
TARACHAND,2024,1720206000.0,161329000.0,948938000.0,78824900.0
TARACHAND,2023,1410594000.0,93570000.0,721189000.0,78824900.0
TARACHAND,2022,1281904000.0,23732000.0,573259000.0,78824900.0
TARAPUR,2025,0.0,161501000.0,6361000.0,19500011.0
TARAPUR,2024,0.0,-12490000.0,-153217000.0,19500011.0
TARAPUR,2023,34879000.0,-273289000.0,-144557000.0,19500011.0
TARAPUR,2022,20123000.0,61284000.0,84799000.0,19500011.0
TARC,2025,278343000.0,-2312166000.0,10429559000.0,295096335.0
TARC,2024,636863000.0,-770460000.0,12745729000.0,295096335.0
TARC,2023,1845224000.0,203396000.0,13516464000.0,295096335.0
TARC,2022,954532000.0,-2327406000.0,13317597000.0,295096335.0
TARIL,2025,19902203000.0,2142728000.0,12519183000.0,300165834.0
TARIL,2024,12672693000.0,444973000.0,5544252000.0,300165834.0
TARIL,2023,13729082000.0,407385000.0,3941311000.0,300165834.0
TARIL,2022,11450722000.0,139870000.0,3565349000.0,300165834.0
TARMAT,2025,1012835000.0,18690000.0,1732690000.0,25064255.0
TARMAT,2024,893534000.0,-11321000.0,1296364000.0,25064255.0
TARMAT,2023,1436641000.0,74150000.0,1307206000.0,25064255.0
TARMAT,2022,1810084000.0,45768000.0,935745000.0,25064255.0
TARSONS,2025,3906270000.0,297700000.0,6302110000.0,53206281.0
TARSONS,2024,2947440000.0,426400000.0,6128620000.0,53206281.0
TARSONS,2023,2813620000.0,807140000.0,5693030000.0,53206281.0
TARSONS,2022,2991900000.0,1006640000.0,4898300000.0,53206281.0
TASTYBITE,2025,5531350000.0,256080000.0,3113120000.0,2566000.0
TASTYBITE,2024,5391160000.0,415170000.0,2865730000.0,2566000.0
TASTYBITE,2023,4743270000.0,302100000.0,2434920000.0,2566000.0
TASTYBITE,2022,3706660000.0,103280000.0,2171780000.0,2566000.0
TATACHEM,2025,147750000000.0,2020000000.0,215940000000.0,254756278.0
TATACHEM,2024,153020000000.0,2820000000.0,222410000000.0,254756278.0
TATACHEM,2023,166800000000.0,23350000000.0,197210000000.0,254756278.0
TATACHEM,2022,125170000000.0,12530000000.0,182530000000.0,254756278.0
TATACOMM,2025,229886600000.0,16252700000.0,30211700000.0,285000000.0
TATACOMM,2024,207846800000.0,11234700000.0,17864100000.0,285000000.0
TATACOMM,2023,178382600000.0,17959600000.0,15182600000.0,285000000.0
TATACOMM,2022,167247300000.0,14817600000.0,9275900000.0,285000000.0
TATACONSUM,2025,175084100000.0,12784700000.0,200010800000.0,989561780.0
TATACONSUM,2024,150985100000.0,11503300000.0,160567900000.0,989561780.0
TATACONSUM,2023,136598100000.0,12037700000.0,162767100000.0,989561780.0
TATACONSUM,2022,123470100000.0,9357800000.0,151419400000.0,989561780.0
TATAELXSI,2025,37290483000.0,7849368000.0,28599685000.0,62296683.0
TATAELXSI,2024,35521457000.0,7922379000.0,25056563000.0,62296683.0
TATAELXSI,2023,31447225000.0,7551932000.0,20857671000.0,62296683.0
TATAELXSI,2022,24707992000.0,5496715000.0,16009029000.0,62296683.0
TATAINVEST,2025,4090560000.0,3120903000.0,310907701000.0,505952960.0
TATAINVEST,2024,4398700000.0,3849636000.0,299651030000.0,505952960.0
TATAINVEST,2023,3052297000.0,2518746000.0,195717825000.0,505952960.0
TATAINVEST,2022,2717652000.0,2142449000.0,196757465000.0,505952960.0
TATAPOWER,2025,641277500000.0,39710000000.0,358406700000.0,3195339547.0
TATAPOWER,2024,603880300000.0,36962500000.0,323552900000.0,3195339547.0
TATAPOWER,2023,541176100000.0,33364400000.0,287874300000.0,3195339547.0
TATAPOWER,2022,418466700000.0,22092900000.0,224415600000.0,3195339547.0
TATASTEEL,2025,2168403500000.0,34205100000.0,911696300000.0,12471847611.0
TATASTEEL,2024,2272962000000.0,-44374400000.0,920357600000.0,12471847611.0
TATASTEEL,2023,2416362500000.0,87604000000.0,1030821000000.0,12471847611.0
TATASTEEL,2022,2423268700000.0,401539300000.0,1144430400000.0,12471847611.0
TATATECH,2025,51643800000.0,6769500000.0,35794200000.0,405979321.0
TATATECH,2024,51132100000.0,6793700000.0,32208200000.0,405979321.0
TATATECH,2023,44125900000.0,6240300000.0,29894500000.0,405979321.0
TATATECH,2022,35284550000.0,4369910000.0,22801610000.0,405979321.0
TATVA,2025,3799010000.0,57130000.0,7388240000.0,23392055.0
TATVA,2024,3904950000.0,303540000.0,7370820000.0,23392055.0
TATVA,2023,4208910000.0,454870000.0,5147910000.0,23392055.0
TATVA,2022,4312930000.0,958740000.0,4730890000.0,23392055.0
TBOTEK,2025,16140390000.0,2298910000.0,11950570000.0,106537132.0
TBOTEK,2024,12809090000.0,2021470000.0,5448070000.0,106537132.0
TBOTEK,2023,9827670000.0,1442510000.0,3402860000.0,106537132.0
TBOTEK,2022,4368200000.0,337170000.0,2319040000.0,106537132.0
TBZ,2025,26198639000.0,683882000.0,6572094000.0,66730620.0
TBZ,2024,22987886000.0,544275000.0,6015339000.0,66730620.0
TBZ,2023,23934325000.0,401903000.0,5604083000.0,66730620.0
TBZ,2022,18436796000.0,201824000.0,5275826000.0,66730620.0
TCI,2025,44876670000.0,4123810000.0,21547490000.0,76743797.0
TCI,2024,40191710000.0,3508000000.0,20038230000.0,76743797.0
TCI,2023,37789990000.0,3173350000.0,17017880000.0,76743797.0
TCI,2022,32588050000.0,2896080000.0,14302760000.0,76743797.0
TCIEXP,2025,12082700000.0,858100000.0,7644100000.0,38418990.0
TCIEXP,2024,12538200000.0,1316700000.0,7039700000.0,38418990.0
TCIEXP,2023,12410100000.0,1392800000.0,5963700000.0,38418990.0
TCIEXP,2022,10814700000.0,1288400000.0,5361900000.0,38418990.0
TCIFINANCE,2024,0.0,-4797000.0,-633598000.0,12872493.0
TCIFINANCE,2023,0.0,-25103000.0,-628530000.0,12872493.0
TCIFINANCE,2022,0.0,-329658000.0,-467459000.0,12872493.0
TCPLPACK,2025,17425720000.0,1430114000.0,6437587000.0,9080508.0
TCPLPACK,2024,15127795000.0,993915000.0,5226006000.0,9080508.0
TCPLPACK,2023,14422056000.0,1110697000.0,4417575000.0,9080508.0
TCPLPACK,2022,10653755000.0,473469000.0,3399301000.0,9080508.0
TCS,2025,2553240000000.0,485530000000.0,947560000000.0,3618087518.0
TCS,2024,2408930000000.0,459080000000.0,904890000000.0,3618087518.0
TCS,2023,2254580000000.0,421470000000.0,904240000000.0,3618087518.0
TCS,2022,1917540000000.0,383270000000.0,891390000000.0,3618087518.0
TDPOWERSYS,2025,12564565000.0,1745751000.0,8603044000.0,156214831.0
TDPOWERSYS,2024,9758856000.0,1183492000.0,7051335000.0,156214831.0
TDPOWERSYS,2023,8493018000.0,968123000.0,6045197000.0,156214831.0
TDPOWERSYS,2022,7843170000.0,704962000.0,5271643000.0,156214831.0
TEAMGTY,2025,33196000.0,23470000.0,477676000.0,8993149.0
TEAMGTY,2024,31446000.0,17922000.0,454314000.0,8993149.0
TEAMGTY,2023,4951000.0,9366000.0,436528000.0,8993149.0
TEAMGTY,2022,12189000.0,15653000.0,427076000.0,8993149.0
TEAMLEASE,2025,110927500000.0,1087600000.0,9088000000.0,16764068.0
TEAMLEASE,2024,93120300000.0,1121500000.0,7980200000.0,16764068.0
TEAMLEASE,2023,78599300000.0,1113400000.0,8076300000.0,16764068.0
TEAMLEASE,2022,64798231000.0,384283000.0,6932092000.0,16764068.0
TECHM,2025,529883000000.0,42515000000.0,273615000000.0,885605623.0
TECHM,2024,519956000000.0,23578000000.0,266694000000.0,885605623.0
TECHM,2023,532902000000.0,48313000000.0,279245000000.0,885605623.0
TECHM,2022,446460000000.0,55661000000.0,268857000000.0,885605623.0
TECHNOE,2025,22427460000.0,3781157000.0,37396219000.0,116299574.0
TECHNOE,2024,14975874000.0,2710271000.0,21632070000.0,116299574.0
TECHNOE,2023,8273553000.0,966101000.0,19301758000.0,116299574.0
TECHNOE,2022,9896980000.0,2430586000.0,18367302000.0,116299574.0
TECILCHEM,2025,0.0,-3874000.0,-182483000.0,18963700.0
TECILCHEM,2024,0.0,-4153000.0,-178462000.0,18963700.0
TECILCHEM,2023,0.0,-13981000.0,-174156000.0,18963700.0
TECILCHEM,2022,0.0,-3827000.0,-160014000.0,18963700.0
TEGA,2025,16118530000.0,2001200000.0,13966920000.0,75127698.0
TEGA,2024,14638950000.0,1938570000.0,11918190000.0,75127698.0
TEGA,2023,11942840000.0,1840300000.0,10489920000.0,75127698.0
TEGA,2022,9325250000.0,1168990000.0,7360350000.0,75127698.0
TEJASNET,2025,84549600000.0,4465300000.0,38463200000.0,177383620.0
TEJASNET,2024,23143200000.0,629800000.0,31494900000.0,177383620.0
TEJASNET,2023,9195700000.0,-364100000.0,29729600000.0,177383620.0
TEJASNET,2022,5505900000.0,-627100000.0,19302500000.0,177383620.0
TEMBO,2025,7003757000.0,509650000.0,2113065000.0,15467146.0
TEMBO,2024,4298657000.0,142078000.0,661215000.0,15467146.0
TEMBO,2023,2498164000.0,57913000.0,398836000.0,15467146.0
TEMBO,2022,1709582000.0,31534000.0,250020000.0,15467146.0
TENNIND,2025,48698970000.0,5520630000.0,16099700000.0,
TENNIND,2024,54493660000.0,4166580000.0,9800220000.0,
TENNIND,2023,47987030000.0,3810790000.0,12080350000.0,
TERASOFT,2025,1072559000.0,94149000.0,1224390000.0,12511875.0
TERASOFT,2024,844825000.0,39145000.0,1124862000.0,12511875.0
TERASOFT,2023,1165806000.0,34658000.0,1078685000.0,12511875.0
TERASOFT,2022,1263300000.0,-13015000.0,1073882000.0,12511875.0
TEXINFRA,2025,158741000.0,-72110000.0,13253640000.0,127426590.0
TEXINFRA,2024,160825000.0,53691000.0,14829908000.0,127426590.0
TEXINFRA,2023,165276000.0,31018000.0,6361687000.0,127426590.0
TEXINFRA,2022,189533000.0,-862472000.0,6666076000.0,127426590.0
TEXMOPIPES,2025,3911957000.0,191818000.0,2161667000.0,29195000.0
TEXMOPIPES,2024,5342196000.0,46355000.0,1968597000.0,29195000.0
TEXMOPIPES,2023,6384417000.0,-717604000.0,1868843000.0,29195000.0
TEXMOPIPES,2022,5644153000.0,146092000.0,2431170000.0,29195000.0
TEXRAIL,2025,50718724000.0,2491776000.0,27972158000.0,406864572.0
TEXRAIL,2024,34886468000.0,1132068000.0,25329572000.0,406864572.0
TEXRAIL,2023,22249638000.0,260263000.0,13921851000.0,406864572.0
TEXRAIL,2022,16015372000.0,205001000.0,13305401000.0,406864572.0
TFCILTD,2025,2444858000.0,1038132000.0,12163657000.0,462977240.0
TFCILTD,2024,2255493000.0,911079000.0,10896197000.0,462977240.0
TFCILTD,2023,2260358000.0,879495000.0,10171049000.0,462977240.0
TFCILTD,2022,2494310000.0,853187000.0,9369590000.0,462977240.0
TFL,2025,149001000.0,-50779000.0,310920000.0,55116194.0
TFL,2024,140886000.0,8003000.0,301917000.0,55116194.0
TFL,2023,94064000.0,-89987000.0,292154000.0,55116194.0
TFL,2022,127479000.0,-22787000.0,142135000.0,55116194.0
TGBHOTELS,2025,380566000.0,19437000.0,760867000.0,29286400.0
TGBHOTELS,2024,363348000.0,-35602000.0,741383000.0,29286400.0
TGBHOTELS,2023,383764000.0,13629000.0,775869000.0,29286400.0
TGBHOTELS,2022,267760000.0,-203749000.0,762047000.0,29286400.0
THANGAMAYL,2025,49105800000.0,1187100000.0,11023600000.0,31082021.0
THANGAMAYL,2024,38267800000.0,1232400000.0,4931800000.0,31082021.0
THANGAMAYL,2023,31525500000.0,797400000.0,3887900000.0,31082021.0
THANGAMAYL,2022,21930800000.0,385500000.0,3242500000.0,31082021.0
THEINVEST,2025,3378653000.0,425339000.0,7051798000.0,52242217.0
THEINVEST,2024,2727592000.0,185730000.0,6614208000.0,52242217.0
THEINVEST,2023,2920761000.0,115009000.0,6364010000.0,52242217.0
THEINVEST,2022,3092114000.0,15799000.0,6008291000.0,52242217.0
THEJO,2025,5507261000.0,498937000.0,2977789000.0,10845915.0
THEJO,2024,5588941000.0,556387000.0,2502848000.0,10845915.0
THEJO,2023,4739797000.0,324175000.0,1963054000.0,10845915.0
THEJO,2022,4235382000.0,376303000.0,1650012000.0,10845915.0
THELEELA,2025,13005730000.0,478270000.0,35569160000.0,333957878.0
THELEELA,2024,11714530000.0,-21270000.0,-28257230000.0,333957878.0
THELEELA,2023,8600580000.0,-616790000.0,-25119630000.0,333957878.0
THELEELA,2022,3801070000.0,-3198290000.0,-24520150000.0,333957878.0
THEMISMED,2025,4000801000.0,298330000.0,4026011000.0,92100120.0
THEMISMED,2024,3766324000.0,435238000.0,3776666000.0,92100120.0
THEMISMED,2023,3444550000.0,569010000.0,3394423000.0,92100120.0
THEMISMED,2022,3913480000.0,728808000.0,2874891000.0,92100120.0
THERMAX,2025,102558100000.0,6344700000.0,49368900000.0,112648438.0
THERMAX,2024,92372400000.0,6452800000.0,44398000000.0,112648438.0
THERMAX,2023,80339000000.0,4502900000.0,38680700000.0,112648438.0
THERMAX,2022,60640300000.0,3123100000.0,34924900000.0,112648438.0
THOMASCOOK,2025,79893200000.0,2543300000.0,22596100000.0,465853989.0
THOMASCOOK,2024,72120200000.0,2590300000.0,20573600000.0,465853989.0
THOMASCOOK,2023,49524500000.0,64600000.0,17133400000.0,465853989.0
THOMASCOOK,2022,18470730000.0,-2291980000.0,15622730000.0,465853989.0
THOMASCOTT,2025,1610322000.0,127976000.0,1059519000.0,14670380.0
THOMASCOTT,2024,912623000.0,100220000.0,506941000.0,14670380.0
THOMASCOTT,2023,627985000.0,28794000.0,143426000.0,14670380.0
THOMASCOTT,2022,323219000.0,6286000.0,102526000.0,14670380.0
THYROCARE,2025,6873500000.0,915100000.0,5467600000.0,159158067.0
THYROCARE,2024,5718800000.0,707600000.0,5267700000.0,159158067.0
THYROCARE,2023,5266700000.0,644900000.0,5343000000.0,159158067.0
THYROCARE,2022,5888600000.0,1761400000.0,5265700000.0,159158067.0
TI,2025,14341545000.0,2295929000.0,8822464000.0,247170825.0
TI,2024,13939530000.0,1380110000.0,6538876000.0,247170825.0
TI,2023,11558077000.0,1498989000.0,4829164000.0,247170825.0
TI,2022,7833725000.0,451872000.0,1335141000.0,247170825.0
TICL,2025,848600000.0,559800000.0,3036000000.0,155000000.0
TICL,2024,530500000.0,-222200000.0,2475500000.0,155000000.0
TICL,2023,937800000.0,-24100000.0,2560700000.0,155000000.0
TICL,2022,1000700000.0,-22600000.0,2584900000.0,155000000.0
TIGERLOGS,2025,5363050000.0,270080000.0,1383012000.0,105725000.0
TIGERLOGS,2024,2402585000.0,129639000.0,1108361000.0,105725000.0
TIGERLOGS,2023,4333478000.0,232122000.0,976285000.0,105725000.0
TIGERLOGS,2022,6151069000.0,336334000.0,744295000.0,105725000.0
TIIL,2025,24488289000.0,2561904000.0,17723147000.0,22672798.0
TIIL,2024,20614033000.0,2647183000.0,16750086000.0,22672798.0
TIIL,2023,18569300000.0,2633550000.0,14158172000.0,22672798.0
TIIL,2022,17963196000.0,2675168000.0,13366684000.0,22672798.0
TIINDIA,2025,189151400000.0,6737100000.0,55357300000.0,193552869.0
TIINDIA,2024,163349200000.0,6702700000.0,50996800000.0,193552869.0
TIINDIA,2023,144309500000.0,7888800000.0,39505700000.0,193552869.0
TIINDIA,2022,119825300000.0,7454000000.0,30710800000.0,193552869.0
TIJARIA,2025,0.0,-54301370.0,-325024920.0,28626579.0
TIJARIA,2024,1485130.0,-29164270.0,-270723550.0,28626579.0
TIJARIA,2023,138467210.0,-94555220.0,-241559280.0,28626579.0
TIJARIA,2022,548824010.0,-217049920.0,-147194570.0,28626579.0
TIL,2025,3135800000.0,28600000.0,823600000.0,70352056.0
TIL,2024,667000000.0,2539000000.0,315900000.0,70352056.0
TIL,2023,438200000.0,-910200000.0,-2923600000.0,70352056.0
TIL,2022,651600000.0,-4311700000.0,-2009800000.0,70352056.0
TIMETECHNO,2025,54570411000.0,3879439000.0,28921428000.0,493635379.0
TIMETECHNO,2024,49925007000.0,3104410000.0,25527502000.0,493635379.0
TIMETECHNO,2023,42894428000.0,2190375000.0,22692906000.0,493635379.0
TIMETECHNO,2022,36498401000.0,1880150000.0,20726789000.0,493635379.0
TIMKEN,2025,31341910000.0,4473860000.0,28448650000.0,75218734.0
TIMKEN,2024,28957130000.0,3921420000.0,24172640000.0,75218734.0
TIMKEN,2023,27878540000.0,3907450000.0,20371720000.0,75218734.0
TIMKEN,2022,21818280000.0,3271050000.0,16569420000.0,75218734.0
TINNARUBR,2025,5047149000.0,483557000.0,1781569000.0,18015757.0
TINNARUBR,2024,3620668000.0,402875000.0,1277768000.0,18015757.0
TINNARUBR,2023,2941063000.0,217993000.0,959843000.0,18015757.0
TINNARUBR,2022,2279081000.0,168972000.0,774310000.0,18015757.0
TIPSFILMS,2025,740399000.0,-454009000.0,454206000.0,4322886.0
TIPSFILMS,2024,776367000.0,10883000.0,908237000.0,4322886.0
TIPSFILMS,2023,614462000.0,243344000.0,919293000.0,4322886.0
TIPSFILMS,2022,668300000.0,69535000.0,676604000.0,4322886.0
TIPSMUSIC,2025,3106873000.0,1665615000.0,2095416000.0,127831590.0
TIPSMUSIC,2024,2415807000.0,1271670000.0,1794989000.0,127831590.0
TIPSMUSIC,2023,1867812000.0,765216000.0,1361809000.0,127831590.0
TIPSMUSIC,2022,1355864000.0,645556000.0,1024031000.0,127831590.0
TIRUMALCHM,2025,20369900000.0,-461000000.0,11556700000.0,120552774.0
TIRUMALCHM,2024,20715100000.0,-387900000.0,11462100000.0,120552774.0
TIRUMALCHM,2023,21203300000.0,898300000.0,11919200000.0,120552774.0
TIRUMALCHM,2022,19883700000.0,2812300000.0,10850100000.0,120552774.0
TIRUPATIFL,2025,1030155000.0,78554000.0,1070607000.0,118280000.0
TIRUPATIFL,2024,985912000.0,66421000.0,499156000.0,118280000.0
TIRUPATIFL,2023,833435000.0,94286000.0,362384000.0,118280000.0
TIRUPATIFL,2022,789916000.0,62231000.0,268098000.0,118280000.0
TITAGARH,2025,38677500000.0,2765300000.0,24829800000.0,134673768.0
TITAGARH,2024,38053100000.0,2884300000.0,22183300000.0,134673768.0
TITAGARH,2023,27553145000.0,1391207000.0,9635517000.0,134673768.0
TITAGARH,2022,14420670000.0,781537000.0,8421282000.0,134673768.0
TITAN,2025,602980000000.0,33370000000.0,116240000000.0,887045260.0
TITAN,2024,509360000000.0,34960000000.0,93930000000.0,887045260.0
TITAN,2023,404470000000.0,32500000000.0,118510000000.0,887045260.0
TITAN,2022,287360000000.0,21730000000.0,93030000000.0,887045260.0
TMB,2025,31508856000.0,11826072000.0,90086926000.0,158351454.0
TMB,2024,27956364000.0,10720325000.0,79212023000.0,158351454.0
TMB,2023,27231056000.0,10292590000.0,69283455000.0,158351454.0
TMB,2022,26274714000.0,8219087000.0,53357063000.0,158351454.0
TMCV,2025,4368210000000.0,229590000000.0,1161440000000.0,3682331373.0
TMCV,2024,4312120000000.0,320450000000.0,849180000000.0,3682331373.0
TMPV,2025,4368210000000.0,229590000000.0,1161440000000.0,3682377563.0
TMPV,2024,4312120000000.0,320450000000.0,849180000000.0,3682377563.0
TMPV,2023,3428745900000.0,24142900000.0,453217900000.0,3682377563.0
TMPV,2022,2752352300000.0,-114414700000.0,445612400000.0,3682377563.0
TNPETRO,2025,18232748000.0,583504000.0,9118806000.0,89971474.0
TNPETRO,2024,16652073000.0,500639000.0,8594644000.0,89971474.0
TNPETRO,2023,21466265000.0,941844000.0,8207196000.0,89971474.0
TNPETRO,2022,18021650000.0,1753699000.0,7481740000.0,89971474.0
TNPL,2025,44426898000.0,37249000.0,20869962000.0,69210600.0
TNPL,2024,46433606000.0,2081631000.0,20897218000.0,69210600.0
TNPL,2023,51172191000.0,3878700000.0,19441063000.0,69210600.0
TNPL,2022,39713693000.0,143319000.0,15891386000.0,69210600.0
TNTELE,2025,0.0,-154783000.0,-1793301300.0,45671400.0
TNTELE,2024,0.0,-146188000.0,-1635640600.0,45671400.0
TNTELE,2023,0.0,-119663400.0,-1489649300.0,45671400.0
TNTELE,2022,0.0,-104436800.0,-1371359300.0,45671400.0
TOKYOPLAST,2025,723753000.0,13141000.0,615381000.0,9501400.0
TOKYOPLAST,2024,661383000.0,10028000.0,601483000.0,9501400.0
TOKYOPLAST,2023,755110000.0,-1246000.0,588836000.0,9501400.0
TOKYOPLAST,2022,796225000.0,-1548000.0,586921000.0,9501400.0
TOLINS,2025,2924480000.0,386820000.0,3244250000.0,39508831.0
TOLINS,2024,2272180000.0,260060000.0,1005330000.0,39508831.0
TOLINS,2023,1182460000.0,49920000.0,194230000.0,39508831.0
TOLINS,2022,1133650000.0,6310000.0,108250000.0,39508831.0
TORNTPHARM,2025,113172500000.0,19112500000.0,75906900000.0,338445440.0
TORNTPHARM,2024,105623100000.0,16563800000.0,68561500000.0,338445440.0
TORNTPHARM,2023,94636900000.0,12452300000.0,61980700000.0,338445440.0
TORNTPHARM,2022,84188000000.0,7771800000.0,59529500000.0,338445440.0
TORNTPOWER,2025,288409900000.0,29885000000.0,176153100000.0,503903543.0
TORNTPOWER,2024,268943900000.0,18332300000.0,120617100000.0,503903543.0
TORNTPOWER,2023,254028400000.0,21174300000.0,110100000000.0,503903543.0
TORNTPOWER,2022,140552600000.0,4539800000.0,99431800000.0,503903543.0
TOTAL,2025,6652448000.0,89301000.0,834746000.0,16126973.0
TOTAL,2024,4881017000.0,12501000.0,760632000.0,16126973.0
TOTAL,2023,5902722000.0,52401000.0,747113000.0,16126973.0
TOTAL,2022,5832293000.0,92426000.0,546042000.0,16126973.0
TOUCHWOOD,2025,688545000.0,51859000.0,400403000.0,11081245.0
TOUCHWOOD,2024,332467000.0,32463000.0,352831000.0,11081245.0
TOUCHWOOD,2023,367094000.0,24656000.0,254842000.0,11081245.0
TOUCHWOOD,2022,266236000.0,21110000.0,156771000.0,11081245.0
TPHQ,2025,647953000.0,33754000.0,1359692000.0,1096219600.0
TPHQ,2024,627849000.0,48830000.0,1061563000.0,1096219600.0
TPHQ,2023,8403847000.0,28826000.0,344756000.0,1096219600.0
TPHQ,2022,1120000.0,72000.0,43592000.0,1096219600.0
TPLPLASTEH,2025,3493351000.0,235929000.0,1476022000.0,78003000.0
TPLPLASTEH,2024,3129057000.0,198479000.0,1303494000.0,78003000.0
TPLPLASTEH,2023,2703956000.0,160343000.0,1153970000.0,78003000.0
TPLPLASTEH,2022,2280901000.0,133012000.0,1025012000.0,78003000.0
TRACXN,2025,844673000.0,-95441000.0,657955000.0,106736380.0
TRACXN,2024,827705000.0,65014000.0,708878000.0,106736380.0
TRACXN,2023,781057000.0,330891000.0,596876000.0,106736380.0
TRACXN,2022,634535000.0,-48477000.0,206411000.0,106736380.0
TRANSRAILL,2025,52122400000.0,3266300000.0,18810700000.0,134256025.0
TRANSRAILL,2024,40092300000.0,2332000000.0,11391100000.0,134256025.0
TRANSRAILL,2023,30861370000.0,1075680000.0,7713970000.0,134256025.0
TRANSRAILL,2022,22841420000.0,647070000.0,6629690000.0,134256025.0
TRANSWORLD,2025,4456000000.0,339000000.0,8003300000.0,21957533.0
TRANSWORLD,2024,2813000000.0,-510100000.0,7665300000.0,21957533.0
TRANSWORLD,2023,4824800000.0,1969000000.0,8187700000.0,21957533.0
TRANSWORLD,2022,5351400000.0,2110700000.0,6293000000.0,21957533.0
TRAVELFOOD,2025,16875510000.0,3631530000.0,10534030000.0,131679484.0
TRAVELFOOD,2024,13953190000.0,2877850000.0,8736170000.0,131679484.0
TRAVELFOOD,2023,10660960000.0,2438230000.0,6554750000.0,131679484.0
TRAVELFOOD,2022,3888590000.0,50650000.0,4097260000.0,131679484.0
TREEHOUSE,2025,71400000.0,-173000000.0,1910200000.0,42310724.0
TREEHOUSE,2024,81700000.0,-37800000.0,2082051000.0,42310724.0
TREEHOUSE,2023,93645000.0,-446623000.0,2119932000.0,42310724.0
TREEHOUSE,2022,59670090.0,-272114727.0,2566554464.0,42310724.0
TREJHARA,2025,1157539000.0,42409000.0,2359679000.0,24116754.0
TREJHARA,2024,694274000.0,155065000.0,2310453000.0,24116754.0
TREJHARA,2023,224337000.0,-2225494000.0,1982855000.0,24116754.0
TREJHARA,2022,583728000.0,109630000.0,4753308000.0,24116754.0
TREL,2025,826300000.0,526300000.0,12424500000.0,245695524.0
TREL,2024,968200000.0,2438900000.0,12174800000.0,245695524.0
TREL,2023,1363200000.0,70800000.0,9669300000.0,245695524.0
TREL,2022,0.0,-100000.0,-100000.0,245695524.0
TRENT,2025,168737200000.0,15467200000.0,54617400000.0,355487461.0
TRENT,2024,122053100000.0,14868000000.0,40677400000.0,355487461.0
TRENT,2023,81123300000.0,4446300000.0,25954900000.0,355487461.0
TRENT,2022,44172700000.0,1058300000.0,23640000000.0,355487461.0
TRF,2025,1199349000.0,257919000.0,-3555337000.0,11004412.0
TRF,2024,1385138000.0,395842000.0,-3835461000.0,11004412.0
TRF,2023,1737378000.0,875234000.0,-4256258000.0,11004412.0
TRF,2022,1271376000.0,-160943000.0,-5202082000.0,11004412.0
TRIDENT,2025,65898800000.0,3698800000.0,46209900000.0,5095583170.0
TRIDENT,2024,64368500000.0,3495200000.0,43154100000.0,5095583170.0
TRIDENT,2023,59824200000.0,4407400000.0,41926200000.0,5095583170.0
TRIDENT,2022,65751700000.0,8337500000.0,38446800000.0,5095583170.0
TRIGYN,2025,8980518000.0,117694000.0,7410564000.0,30785736.0
TRIGYN,2024,12796623000.0,199633000.0,7012135000.0,30785736.0
TRIGYN,2023,12727244000.0,346772000.0,6809954000.0,30785736.0
TRIGYN,2022,10405835000.0,390720000.0,6076037000.0,30785736.0
TRITURBINE,2025,19935500000.0,3571680000.0,12163770000.0,317894979.0
TRITURBINE,2024,16427040000.0,2691380000.0,9598020000.0,317894979.0
TRITURBINE,2023,12364900000.0,1925500000.0,7603500000.0,317894979.0
TRITURBINE,2022,8408690000.0,2701860000.0,8565690000.0,317894979.0
TRIVENI,2025,56616100000.0,2431900000.0,31111700000.0,218897968.0
TRIVENI,2024,52093000000.0,3951600000.0,29009100000.0,218897968.0
TRIVENI,2023,55745130000.0,17918065000.0,26652490000.0,218897968.0
TRIVENI,2022,41837896000.0,4240592000.0,19128533000.0,218897968.0
TRU,2025,1922178000.0,-592500000.0,1621369000.0,118861871.0
TRU,2024,1588313000.0,109631000.0,2119081000.0,118861871.0
TRU,2023,1209843000.0,6314000.0,2160892000.0,118861871.0
TRU,2022,730608000.0,39848000.0,1720768000.0,118861871.0
TRUALT,2025,18259441000.0,1466385000.0,7689990000.0,85752591.0
TRUALT,2024,12230355000.0,318079000.0,2646066000.0,85752591.0
TRUALT,2023,11603901000.0,490069000.0,2404947000.0,85752591.0
TRUALT,2022,6955798000.0,376041000.0,1097532000.0,85752591.0
TSFINV,2025,913686000.0,4121029000.0,56066691000.0,220691838.0
TSFINV,2024,807508000.0,5331443000.0,47929271000.0,220691838.0
TSFINV,2023,736576000.0,2375561000.0,35700418000.0,220691838.0
TSFINV,2022,754735000.0,1606982000.0,30020531000.0,220691838.0
TTKHLTCARE,2025,7976276000.0,816569000.0,10650482000.0,14130333.0
TTKHLTCARE,2024,7476394000.0,628419000.0,10009189000.0,14130333.0
TTKHLTCARE,2023,7201875000.0,446679000.0,9533841000.0,14130333.0
TTKHLTCARE,2022,5960739000.0,185102000.0,3296314000.0,14130333.0
TTKPRESTIG,2025,26927700000.0,1124400000.0,18788200000.0,136950984.0
TTKPRESTIG,2024,26576900000.0,2284800000.0,20876400000.0,136950984.0
TTKPRESTIG,2023,27548100000.0,2541700000.0,19384500000.0,136950984.0
TTKPRESTIG,2022,27018700000.0,3048400000.0,17295700000.0,136950984.0
TTL,2025,2111534000.0,40991000.0,901665000.0,258310944.0
TTL,2024,2071162000.0,46319000.0,717805000.0,258310944.0
TTL,2023,2008088000.0,-126724000.0,671461000.0,258310944.0
TTL,2022,3850373000.0,145303000.0,797447000.0,258310944.0
TTML,2025,13027800000.0,-12753200000.0,-195702900000.0,1954927727.0
TTML,2024,11868800000.0,-12284400000.0,-192529500000.0,1954927727.0
TTML,2023,11012400000.0,-11447200000.0,-190545300000.0,1954927727.0
TTML,2022,10904000000.0,-12150000000.0,-188324800000.0,1954927727.0
TVSELECT,2025,4302700000.0,-37900000.0,929400000.0,18650318.0
TVSELECT,2024,3656400000.0,2700000.0,987900000.0,18650318.0
TVSELECT,2023,3528400000.0,95200000.0,1018000000.0,18650318.0
TVSELECT,2022,3074700000.0,151000000.0,926100000.0,18650318.0
TVSHLTD,2025,434093900000.0,11342700000.0,46873900000.0,20232104.0
TVSHLTD,2024,388069700000.0,7754300000.0,28400700000.0,20232104.0
TVSHLTD,2023,327638100000.0,6496500000.0,32409900000.0,20232104.0
TVSHLTD,2022,255906500000.0,4407400000.0,50792400000.0,20232104.0
TVSMOTOR,2025,368874400000.0,22056500000.0,85033800000.0,474960087.0
TVSMOTOR,2024,326684600000.0,16614100000.0,67835100000.0,474960087.0
TVSMOTOR,2023,274336800000.0,13286700000.0,55050000000.0,474960087.0
TVSMOTOR,2022,213207900000.0,7568200000.0,43994500000.0,474960087.0
TVSSCS,2025,99924800000.0,-135900000.0,18017700000.0,441180027.0
TVSSCS,2024,91993100000.0,-684400000.0,18150300000.0,441180027.0
TVSSCS,2023,99730000000.0,457000000.0,7235600000.0,441180027.0
TVSSCS,2022,92478830000.0,-481810000.0,7138800000.0,441180027.0
TVSSRICHAK,2025,32328800000.0,206100000.0,11839000000.0,7657050.0
TVSSRICHAK,2024,29118000000.0,1079500000.0,11121300000.0,7657050.0
TVSSRICHAK,2023,29722200000.0,779900000.0,10341800000.0,7657050.0
TVSSRICHAK,2022,25315700000.0,434700000.0,9706900000.0,7657050.0
TVTODAY,2025,9413900000.0,824200000.0,8912100000.0,59668615.0
TVTODAY,2024,9193900000.0,709900000.0,8673900000.0,59668615.0
TVTODAY,2023,8603500000.0,882400000.0,8284400000.0,59668615.0
TVTODAY,2022,9162400000.0,1815100000.0,11577800000.0,59668615.0
TVVISION,2025,532401000.0,-267381000.0,-1437691000.0,38744500.0
TVVISION,2024,583616000.0,-237316000.0,-1169212000.0,38744500.0
TVVISION,2023,712692000.0,-199534000.0,-946369000.0,38744500.0
TVVISION,2022,802575000.0,-314450000.0,-743166000.0,38744500.0
UBL,2025,85930800000.0,4416900000.0,43639200000.0,264405149.0
UBL,2024,78764900000.0,4100300000.0,41783400000.0,264405149.0
UBL,2023,73306000000.0,3039800000.0,39648900000.0,264405149.0
UBL,2022,56049900000.0,3654600000.0,39351200000.0,264405149.0
UCAL,2025,7965066000.0,-162800000.0,3547100000.0,22113625.0
UCAL,2024,7188646000.0,-252591000.0,3711763000.0,22113625.0
UCAL,2023,8196148000.0,8525000.0,3933385000.0,22113625.0
UCAL,2022,7741993000.0,348862000.0,3915276000.0,22113625.0
UCOBANK,2025,114120137000.0,24679739000.0,308849016000.0,12539558979.0
UCOBANK,2024,108078302000.0,16715468000.0,272137860000.0,12539558979.0
UCOBANK,2023,98514175000.0,18262851000.0,256036557000.0,12539558979.0
UCOBANK,2022,95732389000.0,9297634000.0,234687404000.0,12539558979.0
UDS,2025,27360630000.0,1188000000.0,9581880000.0,66953241.0
UDS,2024,24443630000.0,679460000.0,8401350000.0,66953241.0
UDS,2023,20988870000.0,357860000.0,3808930000.0,66953241.0
UDS,2022,14835520000.0,552910000.0,3404270000.0,66953241.0
UEL,2025,267346000.0,88504000.0,854860000.0,133397814.0
UEL,2024,264035000.0,289558000.0,891356000.0,133397814.0
UEL,2023,297762000.0,-180570000.0,497143000.0,133397814.0
UEL,2022,408535000.0,-1097038000.0,677181000.0,133397814.0
UFBL,2025,12296630000.0,-277850000.0,3626820000.0,39086387.0
UFBL,2024,12494990000.0,-134090000.0,3929760000.0,39086387.0
UFBL,2023,12312940000.0,170170000.0,4011370000.0,39086387.0
UFBL,2022,8576910000.0,-256020000.0,3859850000.0,39086387.0
UFLEX,2025,148451555000.0,1423185000.0,73872642000.0,72211486.0
UFLEX,2024,131886320000.0,-6909904000.0,72157688000.0,72211486.0
UFLEX,2023,144579184000.0,4806835000.0,74961529000.0,72211486.0
UFLEX,2022,129564000000.0,10982600000.0,66865590000.0,72211486.0
UFO,2025,4164376000.0,95724000.0,2978386000.0,38814757.0
UFO,2024,3999284000.0,163604000.0,2873255000.0,38814757.0
UFO,2023,3840753000.0,-132082000.0,2686531000.0,38814757.0
UFO,2022,1500555000.0,-868548000.0,2756950000.0,38814757.0
UGARSUGAR,2025,13292404000.0,-162495000.0,2160011000.0,112500000.0
UGARSUGAR,2024,11507599000.0,211425000.0,2349681000.0,112500000.0
UGARSUGAR,2023,17939699000.0,1030480000.0,2208344000.0,112500000.0
UGARSUGAR,2022,11139258000.0,433284000.0,1217624000.0,112500000.0
UGROCAP,2025,9638218000.0,1439299000.0,20463894000.0,152815503.0
UGROCAP,2024,7069557000.0,1193448000.0,14383617000.0,152815503.0
UGROCAP,2023,4879693000.0,397764000.0,9840431000.0,152815503.0
UGROCAP,2022,2681005000.0,145506000.0,9665632000.0,152815503.0
UJJIVANSFB,2025,43702894000.0,7261031000.0,60834069000.0,1943895973.0
UJJIVANSFB,2024,40570943000.0,12814907000.0,56134921000.0,1943895973.0
UJJIVANSFB,2023,32877631000.0,10999217000.0,40091070000.0,1943895973.0
UJJIVANSFB,2022,21354756000.0,-4145904000.0,26026339000.0,1943895973.0
ULTRACEMCO,2025,749364500000.0,60391100000.0,707067700000.0,294137690.0
ULTRACEMCO,2024,698095300000.0,70050000000.0,602274800000.0,294137690.0
ULTRACEMCO,2023,623376000000.0,50639600000.0,543245400000.0,294137690.0
ULTRACEMCO,2022,517078500000.0,71843900000.0,504352700000.0,294137690.0
UMAEXPORTS,2025,17240440000.0,35217000.0,1939912000.0,33809830.0
UMAEXPORTS,2024,15324309000.0,102124000.0,1899150000.0,33809830.0
UMAEXPORTS,2023,14882577000.0,280221000.0,1798541000.0,33809830.0
UMAEXPORTS,2022,12769907000.0,241599000.0,941858000.0,33809830.0
UMESLTD,2025,5240000.0,3134130.0,145956590.0,26415811.0
UMESLTD,2024,7328000.0,1506600.0,142822000.0,26415811.0
UMESLTD,2023,6554700.0,632820.0,141231610.0,26415811.0
UMESLTD,2022,7837390.0,605000.0,140598210.0,26415811.0
UMIYA-MRO,2025,486078000.0,59186000.0,749261000.0,18684602.0
UMIYA-MRO,2024,350304000.0,35395000.0,691531000.0,18684602.0
UMIYA-MRO,2023,333478000.0,-37597000.0,658531000.0,18684602.0
UMIYA-MRO,2022,1226090000.0,786880000.0,695795000.0,18684602.0
UNICHEMLAB,2025,20644800000.0,1375200000.0,24505900000.0,70405750.0
UNICHEMLAB,2024,17376300000.0,-937600000.0,24383000000.0,70405750.0
UNICHEMLAB,2023,13024201000.0,-2022276000.0,24353041000.0,70405750.0
UNICHEMLAB,2022,12479820000.0,330617000.0,26184110000.0,70405750.0
UNIDT,2025,1682743000.0,150252000.0,2642045000.0,20303126.0
UNIDT,2024,1299668000.0,93801000.0,2528665000.0,20303126.0
UNIDT,2023,1181253000.0,102746000.0,2470519000.0,20303126.0
UNIDT,2022,1744384000.0,500292000.0,2395277000.0,20303126.0
UNIECOM,2025,1347900000.0,176810000.0,701490000.0,112390000.0
UNIECOM,2024,1035810000.0,131170000.0,689140000.0,112390000.0
UNIECOM,2023,900578270.0,64764440.0,518915200.0,112390000.0
UNIECOM,2022,590321930.0,60103320.0,413694870.0,112390000.0
UNIENTER,2025,1115113000.0,2783000.0,27416491000.0,69545849.0
UNIENTER,2024,506479000.0,386143000.0,20754537000.0,69545849.0
UNIENTER,2023,14719000.0,392254000.0,29975990000.0,69545849.0
UNIENTER,2022,12218000.0,546037000.0,31805307000.0,69545849.0
UNIINFO,2025,333425000.0,-6925000.0,328694000.0,10693120.0
UNIINFO,2024,499035000.0,5421000.0,332241000.0,10693120.0
UNIINFO,2023,357898000.0,6083000.0,324804000.0,10693120.0
UNIINFO,2022,415883000.0,-28476000.0,315034000.0,10693120.0
UNIMECH,2025,2413999000.0,834566000.0,6689072000.0,50856883.0
UNIMECH,2024,2082219000.0,581331000.0,1085913000.0,50856883.0
UNIMECH,2023,930060000.0,228130000.0,488450000.0,50856883.0
UNIMECH,2022,357530000.0,33920000.0,276580000.0,50856883.0
UNIONBANK,2025,593396844000.0,180269508000.0,1137300747000.0,7633605607.0
UNIONBANK,2024,551776884000.0,137971187000.0,974936525000.0,7633605607.0
UNIONBANK,2023,471316461000.0,85116600000.0,786995105000.0,7633605607.0
UNIONBANK,2022,415759541000.0,52653205000.0,707571215000.0,7633605607.0
UNIPARTS,2025,9321380000.0,880040000.0,8872150000.0,45096551.0
UNIPARTS,2024,10962190000.0,1246880000.0,8678800000.0,45096551.0
UNIPARTS,2023,13126280000.0,2048930000.0,8306240000.0,45096551.0
UNIPARTS,2022,11767750000.0,1687800000.0,6852370000.0,45096551.0
UNITDSPR,2025,120130000000.0,15820000000.0,81040000000.0,727350853.0
UNITDSPR,2024,112590000000.0,14080000000.0,71210000000.0,727350853.0
UNITDSPR,2023,105540000000.0,11370000000.0,59990000000.0,727350853.0
UNITDSPR,2022,96547000000.0,8286000000.0,49537000000.0,727350853.0
UNITECH,2025,3010944000.0,-25934715000.0,-68176599000.0,2616301047.0
UNITECH,2024,4772721000.0,-33266501000.0,-41946677000.0,2616301047.0
UNITECH,2023,3999492000.0,-27876533000.0,-8544299000.0,2616301047.0
UNITECH,2022,5295939000.0,-10119625000.0,20018918000.0,2616301047.0
UNITEDPOLY,2025,6022177000.0,176891000.0,973229000.0,229515500.0
UNITEDPOLY,2024,9084620000.0,66085000.0,796308000.0,229515500.0
UNITEDPOLY,2023,6526032000.0,54779000.0,636902000.0,229515500.0
UNITEDPOLY,2022,6542687000.0,94046000.0,551124000.0,229515500.0
UNITEDTEA,2025,885592000.0,185100000.0,2205126000.0,4996566.0
UNITEDTEA,2024,823996000.0,160529000.0,2042287000.0,4996566.0
UNITEDTEA,2023,820755000.0,121153000.0,1871110000.0,4996566.0
UNITEDTEA,2022,740165000.0,102891000.0,1752653000.0,4996566.0
UNIVASTU,2025,1711778000.0,104684000.0,800072000.0,35986770.0
UNIVASTU,2024,1206141000.0,71250000.0,523442000.0,35986770.0
UNIVASTU,2023,869451000.0,66298000.0,452064000.0,35986770.0
UNIVASTU,2022,587418000.0,52374000.0,385768000.0,35986770.0
UNIVCABLES,2025,23798408000.0,893851000.0,17719907000.0,34695381.0
UNIVCABLES,2024,20016573000.0,1082246000.0,17750489000.0,34695381.0
UNIVCABLES,2023,21854198000.0,1181521000.0,14966087000.0,34695381.0
UNIVCABLES,2022,17982865000.0,749257000.0,12947872000.0,34695381.0
UNIVPHOTO,2025,245687000.0,870150000.0,8742225000.0,10946604.0
UNIVPHOTO,2024,324399000.0,-1963480000.0,8635852000.0,10946604.0
UNIVPHOTO,2023,432089000.0,-444678000.0,10479811000.0,10946604.0
UNIVPHOTO,2022,561589000.0,5143500000.0,10727067000.0,10946604.0
UNOMINDA,2025,165812600000.0,9429500000.0,57271400000.0,577421816.0
UNOMINDA,2024,139103600000.0,8754200000.0,49523800000.0,577421816.0
UNOMINDA,2023,110844100000.0,6535500000.0,41558600000.0,577421816.0
UNOMINDA,2022,82215000000.0,3558000000.0,34384500000.0,577421816.0
UPL,2025,462620000000.0,8970000000.0,321990000000.0,844169318.0
UPL,2024,425990000000.0,-12000000000.0,277930000000.0,844169318.0
UPL,2023,531340000000.0,35700000000.0,298440000000.0,844169318.0
UPL,2022,459710000000.0,36260000000.0,246610000000.0,844169318.0
URAVIDEF,2025,435106000.0,25443000.0,463646000.0,11400000.0
URAVIDEF,2024,419891000.0,21332000.0,255155000.0,11400000.0
URAVIDEF,2023,337417000.0,8677000.0,234275000.0,11400000.0
URAVIDEF,2022,312789000.0,7328000.0,226251000.0,11400000.0
URBANCO,2025,11444650000.0,2397650000.0,17954380000.0,1542180603.0
URBANCO,2024,8280180000.0,-927720000.0,12922580000.0,1542180603.0
URBANCO,2023,6365970000.0,-3124840000.0,13390790000.0,1542180603.0
URBANCO,2022,4375750000.0,-5141450000.0,15510510000.0,1542180603.0
URJA,2025,672473000.0,12716000.0,1752491000.0,525453377.0
URJA,2024,444695000.0,20355000.0,1739775000.0,525453377.0
URJA,2023,395800000.0,15263000.0,1719420000.0,525453377.0
URJA,2022,729665000.0,7697000.0,1704183000.0,525453377.0
USHAMART,2025,33832700000.0,4073900000.0,27518800000.0,304400280.0
USHAMART,2024,31379900000.0,4239600000.0,23796700000.0,304400280.0
USHAMART,2023,31873600000.0,3501400000.0,20307600000.0,304400280.0
USHAMART,2022,26237800000.0,2912700000.0,16936700000.0,304400280.0
USK,2025,2891273000.0,-72068000.0,1684512000.0,55357142.0
USK,2024,5771478000.0,301281000.0,1749256000.0,55357142.0
USK,2023,2868981000.0,160472000.0,1441931000.0,55357142.0
USK,2022,1856292000.0,121481000.0,683214000.0,55357142.0
UTIAMC,2025,14453100000.0,7314900000.0,45991300000.0,128520905.0
UTIAMC,2024,11820600000.0,7656800000.0,43881700000.0,128520905.0
UTIAMC,2023,11313700000.0,4373600000.0,38678400000.0,128520905.0
UTIAMC,2022,11188500000.0,5342900000.0,36201700000.0,128520905.0
UTKARSHBNK,2025,26224583000.0,237005000.0,29745042000.0,1779523684.0
UTKARSHBNK,2024,22862037000.0,4976282000.0,29731883000.0,1779523684.0
UTKARSHBNK,2023,18282930000.0,4045019000.0,20003206000.0,1779523684.0
UTKARSHBNK,2022,12456840000.0,614620000.0,15722970000.0,1779523684.0
UTLSOLAR,2025,15386140000.0,1563540000.0,3968240000.0,306410934.0
UTLSOLAR,2024,9232470000.0,453030000.0,2395410000.0,306410934.0
UTLSOLAR,2023,6627250000.0,243660000.0,1930830000.0,306410934.0
UTLSOLAR,2022,5066360000.0,285430000.0,1810620000.0,306410934.0
UTTAMSUGAR,2025,18290584000.0,883111000.0,7881170000.0,38138120.0
UTTAMSUGAR,2024,20469700000.0,1322100000.0,6960525000.0,38138120.0
UTTAMSUGAR,2023,20507043000.0,1236214000.0,5764235000.0,38138120.0
UTTAMSUGAR,2022,20083130000.0,1349202000.0,4627723000.0,38138120.0
UYFINCORP,2025,1108562000.0,117273000.0,3296544000.0,190238329.0
UYFINCORP,2024,1954416000.0,649223000.0,3179983000.0,190238329.0
UYFINCORP,2023,540426000.0,77454000.0,2530033000.0,190238329.0
UYFINCORP,2022,837358000.0,32132000.0,2452476000.0,190238329.0
V2RETAIL,2025,18796649000.0,720323000.0,3462969000.0,364637550.0
V2RETAIL,2024,11647271000.0,278107000.0,2747136000.0,364637550.0
V2RETAIL,2023,8361262000.0,-128167000.0,2469244000.0,364637550.0
V2RETAIL,2022,6275616000.0,-116772000.0,2581984000.0,364637550.0
VADILALIND,2025,12349700000.0,1503300000.0,6953100000.0,7187830.0
VADILALIND,2024,11227600000.0,1459500000.0,5423200000.0,7187830.0
VADILALIND,2023,10547700000.0,962900000.0,3972700000.0,7187830.0
VADILALIND,2022,6954888000.0,447016000.0,2973409000.0,7187830.0
VAIBHAVGBL,2025,33567619000.0,1533597000.0,13499619000.0,167000561.0
VAIBHAVGBL,2024,30208820000.0,1279146000.0,12576616000.0,167000561.0
VAIBHAVGBL,2023,26787892000.0,1049621000.0,12012940000.0,167000561.0
VAIBHAVGBL,2022,27419794000.0,2377113000.0,11267724000.0,167000561.0
VAISHALI,2025,978820000.0,8174000.0,649161000.0,130462130.0
VAISHALI,2024,817635000.0,7189000.0,428395000.0,130462130.0
VAISHALI,2023,638245000.0,66036000.0,405319000.0,130462130.0
VAISHALI,2022,715368000.0,40237000.0,263542000.0,130462130.0
VAKRANGEE,2025,2549881000.0,66561000.0,2024359000.0,1083191807.0
VAKRANGEE,2024,2125127000.0,43526000.0,1621113000.0,1083191807.0
VAKRANGEE,2023,1972978000.0,10048000.0,1238510000.0,1083191807.0
VAKRANGEE,2022,1937729000.0,42000.0,1279177000.0,1083191807.0
VALIANTLAB,2025,1333820000.0,-22012000.0,2343101000.0,54312500.0
VALIANTLAB,2024,1820572000.0,3196000.0,2368612000.0,54312500.0
VALIANTLAB,2023,3339095000.0,289983000.0,1004908000.0,54312500.0
VALIANTLAB,2022,2915230000.0,274960000.0,714600000.0,54312500.0
VALIANTORG,2025,7187618000.0,-37362000.0,7252625000.0,28019610.0
VALIANTORG,2024,7230594000.0,-83913000.0,7292925000.0,28019610.0
VALIANTORG,2023,10518048000.0,881214000.0,6887715000.0,28019610.0
VALIANTORG,2022,11532711000.0,1132838000.0,6127439000.0,28019610.0
VARDHACRLC,2025,2810117000.0,118214000.0,2386536000.0,80363746.0
VARDHACRLC,2024,2968530000.0,175356000.0,2429751000.0,80363746.0
VARDHACRLC,2023,4261735000.0,328579000.0,2453526000.0,80363746.0
VARDHACRLC,2022,3031076000.0,145595000.0,2123175000.0,80363746.0
VARDMNPOLY,2025,2849824000.0,149240000.0,-2273914000.0,483019004.0
VARDMNPOLY,2024,3706381000.0,-267598000.0,-3610375000.0,483019004.0
VARDMNPOLY,2023,6155104000.0,14914000.0,-3623066000.0,483019004.0
VARDMNPOLY,2022,9285951000.0,-155555000.0,-3635599000.0,483019004.0
VARROC,2025,80123140000.0,612300000.0,15650640000.0,152786400.0
VARROC,2024,73607870000.0,5469440000.0,14970370000.0,152786400.0
VARROC,2023,68049020000.0,360790000.0,9761990000.0,152786400.0
VARROC,2022,57850970000.0,-814370000.0,19887210000.0,152786400.0
VASCONEQ,2025,10741797000.0,1260030000.0,10928219000.0,231697111.0
VASCONEQ,2024,7443327000.0,604369000.0,9810418000.0,231697111.0
VASCONEQ,2023,9979414000.0,974910000.0,9117674000.0,231697111.0
VASCONEQ,2022,6510392000.0,351863000.0,8113598000.0,231697111.0
VASWANI,2025,4116359000.0,86043000.0,1374845000.0,32946153.0
VASWANI,2024,3893441000.0,90329000.0,1216507000.0,32946153.0
VASWANI,2023,3918536000.0,60113000.0,1126472000.0,32946153.0
VASWANI,2022,3744207000.0,44227000.0,1068270000.0,32946153.0
VBL,2025,208346040000.0,30364890000.0,195787040000.0,3382094394.0
VBL,2024,194450460000.0,25946330000.0,166098290000.0,3382094394.0
VBL,2023,156217420000.0,20559220000.0,69364980000.0,3382094394.0
VBL,2022,129210520000.0,14974330000.0,51023800000.0,3382094394.0
VBL,2021,,,,3382094394.0
VCL,2025,52533000.0,8836000.0,183402000.0,183752220.0
VCL,2024,166203000.0,-88341000.0,187905000.0,183752220.0
VCL,2023,670379000.0,11320000.0,234823000.0,183752220.0
VCL,2022,619074000.0,14859000.0,103594000.0,183752220.0
VEDL,2025,1507250000000.0,149880000000.0,382990000000.0,3908170671.0
VEDL,2024,1417930000000.0,42390000000.0,307220000000.0,3908170671.0
VEDL,2023,1454040000000.0,105740000000.0,394230000000.0,3908170671.0
VEDL,2022,1311920000000.0,188020000000.0,653830000000.0,3908170671.0
VEEDOL,2025,19673500000.0,1687500000.0,9140500000.0,16994860.0
VEEDOL,2024,19292700000.0,1429300000.0,8274900000.0,16994860.0
VEEDOL,2023,18518100000.0,1145800000.0,7644000000.0,16994860.0
VEEDOL,2022,15340700000.0,1229100000.0,7198300000.0,16994860.0
VENKEYS,2025,31885391000.0,1166200000.0,14755737000.0,14087336.0
VENKEYS,2024,36098648000.0,790700000.0,13702388000.0,14087336.0
VENKEYS,2023,40565105000.0,704832000.0,12986113000.0,14087336.0
VENKEYS,2022,42696505000.0,1647830000.0,12488315000.0,14087336.0
VENTIVE,2025,15967260000.0,1202940000.0,48065490000.0,233541608.0
VENTIVE,2024,4779800000.0,1663170000.0,30040080000.0,233541608.0
VENTIVE,2023,16993740000.0,-149880000.0,28951160000.0,233541608.0
VENTIVE,2022,11625700000.0,-1569330000.0,27470150000.0,233541608.0
VENUSPIPES,2025,9185050000.0,928890000.0,5314800000.0,20716110.0
VENUSPIPES,2024,7847300000.0,859790000.0,4060940000.0,20716110.0
VENUSPIPES,2023,5464730000.0,442070000.0,3222020000.0,20716110.0
VENUSPIPES,2022,3838590000.0,316680000.0,1285340000.0,20716110.0
VENUSREM,2025,6472892000.0,453147000.0,5609496000.0,13366988.0
VENUSREM,2024,5914496000.0,284908000.0,4875500000.0,13366988.0
VENUSREM,2023,5533797000.0,265658000.0,4603361000.0,13366988.0
VENUSREM,2022,5986485000.0,407242000.0,4404464000.0,13366988.0
VERANDA,2025,4632226000.0,-2473218000.0,2569588000.0,95731679.0
VERANDA,2024,3570124000.0,-806855000.0,3760803000.0,95731679.0
VERANDA,2023,1611720000.0,-792137000.0,3059415000.0,95731679.0
VERANDA,2022,746523000.0,-584949000.0,769798000.0,95731679.0
VERTOZ,2025,2551992000.0,260084000.0,1904022000.0,85230000.0
VERTOZ,2024,1553664000.0,157777000.0,1587099000.0,85230000.0
VERTOZ,2023,828140000.0,110368000.0,1024566000.0,85230000.0
VERTOZ,2022,416064000.0,61035000.0,663027000.0,85230000.0
VESUVIUS,2025,20999500000.0,2640800000.0,16638900000.0,202960800.0
VESUVIUS,2024,18649700000.0,2645200000.0,14309900000.0,202960800.0
VESUVIUS,2023,15912100000.0,2129400000.0,11935400000.0,202960800.0
VESUVIUS,2022,13352100000.0,1167900000.0,9977900000.0,202960800.0
VESUVIUS,2021,,,,202960800.0
VETO,2025,3003486000.0,221321000.0,2664491000.0,19114955.0
VETO,2024,3000860000.0,179520000.0,2462531000.0,19114955.0
VETO,2023,2900679000.0,202474000.0,2328835000.0,19114955.0
VETO,2022,2669253000.0,200173000.0,2126329000.0,19114955.0
VGL,2025,423475000.0,185439000.0,357419000.0,51528678.0
VGL,2024,844145000.0,-446164000.0,171980100.0,51528678.0
VGL,2023,2592913000.0,-693067000.0,614018500.0,51528678.0
VGL,2022,4098987000.0,-625152000.0,1263361000.0,51528678.0
VGUARD,2025,55369900000.0,3137200000.0,20978300000.0,436393929.0
VGUARD,2024,48218100000.0,2575800000.0,18142200000.0,436393929.0
VGUARD,2023,40919600000.0,1891200000.0,16076200000.0,436393929.0
VGUARD,2022,35001859000.0,2276924000.0,14069587000.0,436393929.0
VHL,2025,132340000.0,2580037000.0,35404645000.0,3191536.0
VHL,2024,84784000.0,1848806000.0,32971730000.0,3191536.0
VHL,2023,244135000.0,2284326000.0,30995973000.0,3191536.0
VHL,2022,140987000.0,4290782000.0,27768370000.0,3191536.0
VHLTD,2025,1246521000.0,779927000.0,2443296000.0,67578948.0
VHLTD,2024,1309744000.0,23877000.0,668102000.0,67578948.0
VHLTD,2023,1126719000.0,-549000.0,-4447187000.0,67578948.0
VHLTD,2022,524399635.0,-263083784.0,-4446747590.0,67578948.0
VIDHIING,2025,3737213000.0,433962000.0,3010916000.0,49945000.0
VIDHIING,2024,2901472000.0,364479000.0,2802257000.0,49945000.0
VIDHIING,2023,3962010000.0,377000000.0,2507289000.0,49945000.0
VIDHIING,2022,5268279000.0,585678000.0,2169920000.0,49945000.0
VIDYAWIRES,2025,14799070000.0,408720000.0,1663630000.0,212692307.0
VIDYAWIRES,2024,11809090000.0,256930000.0,1255380000.0,212692307.0
VIDYAWIRES,2023,10085350000.0,215040000.0,998600000.0,212692307.0
VIDYAWIRES,2022,9123030000.0,197310000.0,783270000.0,212692307.0
VIJAYA,2025,6809564000.0,1430753000.0,7957140000.0,102896728.0
VIJAYA,2024,5475791000.0,1188253000.0,6571934000.0,102896728.0
VIJAYA,2023,4590039000.0,846316000.0,5447294000.0,102896728.0
VIJAYA,2022,4621128000.0,1096806000.0,4682193000.0,102896728.0
VIJIFIN,2025,23251000.0,1687000.0,213883000.0,142500000.0
VIJIFIN,2024,19250000.0,1202000.0,122195000.0,142500000.0
VIJIFIN,2023,20842000.0,4330000.0,120373000.0,142500000.0
VIJIFIN,2022,12203000.0,4403000.0,116044000.0,142500000.0
VIKASECO,2025,3776711000.0,169837000.0,3932673000.0,1388356024.0
VIKASECO,2024,2586317000.0,68465000.0,3764191000.0,1388356024.0
VIKASECO,2023,3935391000.0,95272000.0,2379418000.0,1388356024.0
VIKASECO,2022,2289749000.0,13924000.0,2276343000.0,1388356024.0
VIKASLIFE,2025,4800224000.0,-106139000.0,5317628000.0,1857668560.0
VIKASLIFE,2024,4457454000.0,140291000.0,4766892000.0,1857668560.0
VIKASLIFE,2023,4760481000.0,-152991000.0,3312840000.0,1857668560.0
VIKASLIFE,2022,3009218000.0,286993000.0,1994049000.0,1857668560.0
VIKRAMSOLR,2025,34234530000.0,1398310000.0,12419890000.0,362330181.0
VIKRAMSOLR,2024,25109900000.0,797180000.0,4454170000.0,362330181.0
VIKRAMSOLR,2023,20729790000.0,144910000.0,3651950000.0,362330181.0
VIKRAMSOLR,2022,17300790000.0,-629400000.0,3512870000.0,362330181.0
VIKRAN,2025,9118280000.0,778190000.0,4678730000.0,257911026.0
VIKRAN,2024,7766780000.0,748310000.0,2912800000.0,257911026.0
VIKRAN,2023,5243050000.0,428400000.0,1311350000.0,257911026.0
VIMTALABS,2025,3439820000.0,667550000.0,3788480000.0,44669355.0
VIMTALABS,2024,2885950000.0,488110000.0,3141160000.0,44669355.0
VIMTALABS,2023,3150620000.0,481720000.0,2817860000.0,44669355.0
VIMTALABS,2022,2759420000.0,413300000.0,2339840000.0,44669355.0
VINATIORGA,2025,22359200000.0,4052500000.0,27932800000.0,103665632.0
VINATIORGA,2024,18899400000.0,3229800000.0,24615800000.0,103665632.0
VINATIORGA,2023,20648385000.0,4191582000.0,22129739000.0,103665632.0
VINATIORGA,2022,16126331000.0,3466186000.0,18615246000.0,103665632.0
VINCOFE,2025,3085208000.0,401504000.0,3029464000.0,145688409.0
VINCOFE,2024,1310386000.0,119828000.0,1663058000.0,145688409.0
VINCOFE,2023,628905000.0,38620000.0,1084774000.0,145688409.0
VINCOFE,2022,365891000.0,-122717000.0,1046382000.0,145688409.0
VINDHYATEL,2025,40345376000.0,2028432000.0,40860663000.0,11850863.0
VINDHYATEL,2024,40786548000.0,2826881000.0,39733255000.0,11850863.0
VINDHYATEL,2023,28914245000.0,1853116000.0,34114823000.0,11850863.0
VINDHYATEL,2022,13155006000.0,1932797000.0,32368226000.0,11850863.0
VINEETLAB,2025,749950000.0,-201910000.0,146476000.0,19206266.0
VINEETLAB,2024,1505913000.0,10271000.0,347242000.0,19206266.0
VINEETLAB,2023,2122933000.0,12525000.0,336834000.0,19206266.0
VINEETLAB,2022,1911723000.0,66386000.0,332182000.0,19206266.0
VINNY,2025,1207609000.0,51542000.0,821844000.0,465246622.0
VINNY,2024,1114582000.0,35445000.0,313347000.0,465246622.0
VINNY,2023,1052670000.0,24073000.0,278132000.0,465246622.0
VINNY,2022,1091091000.0,-45108000.0,254607000.0,465246622.0
VINYLINDIA,2025,5968650000.0,223334000.0,1266669000.0,18337111.0
VINYLINDIA,2024,5702576000.0,218439000.0,1167759000.0,18337111.0
VINYLINDIA,2023,9621143000.0,356465000.0,1133146000.0,18337111.0
VINYLINDIA,2022,8237724000.0,348631000.0,960279000.0,18337111.0
VIPCLOTHNG,2025,2356383000.0,54565000.0,1845590000.0,90129519.0
VIPCLOTHNG,2024,1816725000.0,-126512000.0,1383253000.0,90129519.0
VIPCLOTHNG,2023,1988904000.0,66368000.0,1511739000.0,90129519.0
VIPCLOTHNG,2022,1807857000.0,-22132000.0,1333924000.0,90129519.0
VIPIND,2025,21647400000.0,-687900000.0,6161600000.0,142051846.0
VIPIND,2024,22378200000.0,543000000.0,6779100000.0,142051846.0
VIPIND,2023,20787000000.0,1523400000.0,6416900000.0,142051846.0
VIPIND,2022,12869200000.0,669300000.0,5596700000.0,142051846.0
VIPULLTD,2025,870764000.0,-282896000.0,3770269000.0,140959480.0
VIPULLTD,2024,2064863000.0,2335003000.0,3517927000.0,140959480.0
VIPULLTD,2023,749157000.0,-927381000.0,1146162000.0,140959480.0
VIPULLTD,2022,1382448000.0,-418262000.0,2313566000.0,140959480.0
VIRINCHI,2025,2375230000.0,7240000.0,4741393000.0,108792396.0
VIRINCHI,2024,2391333000.0,137033000.0,4534682000.0,108792396.0
VIRINCHI,2023,2543976000.0,128490000.0,4068017000.0,108792396.0
VIRINCHI,2022,3436588000.0,143054000.0,3701942000.0,108792396.0
VISAKAIND,2025,15282020000.0,-30119000.0,7445049000.0,86404760.0
VISAKAIND,2024,15224857000.0,8595000.0,7525815000.0,86404760.0
VISAKAIND,2023,16465199000.0,535871000.0,7714894000.0,86404760.0
VISAKAIND,2022,14004685000.0,1183242000.0,7321048000.0,86404760.0
VISASTEEL,2025,5443860000.0,-5165500000.0,-13608280000.0,129289500.0
VISASTEEL,2024,6399460000.0,-718900000.0,-8440870000.0,129289500.0
VISASTEEL,2023,6387650000.0,16602800000.0,-7720990000.0,129289500.0
VISASTEEL,2022,10972700000.0,-872230000.0,-24331640000.0,129289500.0
VISHNU,2025,14414049000.0,1266427000.0,9267658000.0,67315284.0
VISHNU,2024,12092797000.0,1011001000.0,7011657000.0,67315284.0
VISHNU,2023,13876558000.0,1365638000.0,4143744000.0,67315284.0
VISHNU,2022,10658761000.0,813927000.0,2768733000.0,67315284.0
VISHWARAJ,2025,4539189000.0,-370233000.0,2804783000.0,217827700.0
VISHWARAJ,2024,5497030000.0,144976000.0,2682912000.0,217827700.0
VISHWARAJ,2023,6151212000.0,-234459000.0,2555994000.0,217827700.0
VISHWARAJ,2022,4659373000.0,601604000.0,2825885000.0,217827700.0
VITAL,2025,1339037000.0,40559000.0,921444000.0,23951100.0
VITAL,2024,982738000.0,-13023000.0,843429000.0,23951100.0
VITAL,2023,1167433000.0,80514000.0,896100000.0,23951100.0
VITAL,2022,576146000.0,78982000.0,146188000.0,23951100.0
VIVIDHA,2025,0.0,-16640000.0,11299000.0,292700534.0
VIVIDHA,2024,82106000.0,-155330000.0,27939000.0,292700534.0
VIVIDHA,2023,7881000.0,-13953000.0,183269000.0,292700534.0
VIVIDHA,2022,35599000.0,-5739000.0,197222000.0,292700534.0
VIVIMEDLAB,2025,1162690000.0,-319610000.0,-351690000.0,82913915.0
VIVIMEDLAB,2024,1490700000.0,-454460000.0,-54610000.0,82913915.0
VIVIMEDLAB,2023,1870990000.0,-3285360000.0,394220000.0,82913915.0
VIVIMEDLAB,2022,2365700000.0,-676500000.0,3642860000.0,82913915.0
VIYASH,2025,15469760000.0,218780000.0,7044740000.0,436455227.0
VIYASH,2024,13663000000.0,-358690000.0,6565600000.0,436455227.0
VIYASH,2023,14182750000.0,-1211590000.0,6987780000.0,436455227.0
VIYASH,2022,14101720000.0,409550000.0,6920982000.0,436455227.0
VLEGOV,2025,306886000.0,-25170325000.0,456965000.0,108451329.0
VLEGOV,2024,220110000.0,-1699321000.0,24484185000.0,108451329.0
VLEGOV,2023,7295275000.0,58862000.0,26183505000.0,108451329.0
VLSFINANCE,2025,720679000.0,462044000.0,24719911000.0,31378663.0
VLSFINANCE,2024,3781985000.0,3243344000.0,29826408000.0,31378663.0
VLSFINANCE,2023,806404000.0,559708000.0,25005949000.0,31378663.0
VLSFINANCE,2022,279994000.0,2102052000.0,29653218000.0,31378663.0
VMART,2025,32473700000.0,457700000.0,8101800000.0,79458289.0
VMART,2024,27808400000.0,-967600000.0,7469900000.0,79458289.0
VMART,2023,24577900000.0,-78500000.0,8490000000.0,79458289.0
VMART,2022,16592017000.0,116407000.0,8496180000.0,79458289.0
VMM,2025,107005980000.0,6319670000.0,64013020000.0,4673227806.0
VMM,2024,88919450000.0,4619350000.0,56218450000.0,4673227806.0
VMM,2023,75629920000.0,3212730000.0,51560880000.0,4673227806.0
VMM,2022,55729430000.0,2027700000.0,48251830000.0,4673227806.0
VMSTMT,2025,7623685000.0,154185000.0,731900000.0,49631210.0
VMSTMT,2024,8729577000.0,134684000.0,465127000.0,49631210.0
VMSTMT,2023,8820135000.0,41953000.0,308452000.0,49631210.0
VMSTMT,2022,4937249000.0,68795000.0,186940000.0,49631210.0
VOLTAMP,2025,19247263000.0,3254132000.0,15876201000.0,10117120.0
VOLTAMP,2024,16094237000.0,3073607000.0,13536130000.0,10117120.0
VOLTAMP,2023,13761670000.0,1999428000.0,11072261000.0,10117120.0
VOLTAMP,2022,11217725000.0,1328379000.0,9421459000.0,10117120.0
VOLTAS,2025,153204500000.0,8413700000.0,65132500000.0,330884740.0
VOLTAS,2024,124073600000.0,2520000000.0,58205000000.0,330884740.0
VOLTAS,2023,93993700000.0,1350100000.0,54520700000.0,330884740.0
VOLTAS,2022,78410700000.0,5040900000.0,54995600000.0,330884740.0
VPRPL,2025,12371680000.0,585960000.0,7793100000.0,124644000.0
VPRPL,2024,14671150000.0,1221850000.0,7210650000.0,124644000.0
VPRPL,2023,11679040000.0,906430000.0,3145070000.0,124644000.0
VPRPL,2022,7852100000.0,448470000.0,1586900000.0,124644000.0
VRAJ,2025,4750310000.0,440870000.0,3969310000.0,32982619.0
VRAJ,2024,4198570000.0,574080000.0,2003360000.0,32982619.0
VRAJ,2023,5156710000.0,539970000.0,1409150000.0,32982619.0
VRAJ,2022,4140430000.0,287040000.0,871390000.0,32982619.0
VRLLOG,2025,31429585000.0,1829329000.0,10845556000.0,174936990.0
VRLLOG,2024,28714123000.0,890610000.0,9457903000.0,174936990.0
VRLLOG,2023,26278183000.0,1661375000.0,9758415000.0,174936990.0
VRLLOG,2022,21485162000.0,1561522000.0,6516307000.0,174936990.0
VSSL,2025,17644083000.0,930881000.0,7979182000.0,96561928.0
VSSL,2024,16613593000.0,916280000.0,7193546000.0,96561928.0
VSSL,2023,17208056000.0,1004478000.0,6422140000.0,96561928.0
VSSL,2022,13547770000.0,1007504000.0,5549604000.0,96561928.0
VSTIND,2025,13945615000.0,2903949000.0,13226894000.0,169543660.0
VSTIND,2024,14172051000.0,3015652000.0,12524137000.0,169543660.0
VSTIND,2023,12901106000.0,3269828000.0,11796978000.0,169543660.0
VSTIND,2022,11766200000.0,3202300000.0,10742961000.0,169543660.0
VSTL,2025,9958889000.0,117704000.0,1881222000.0,18962443.0
VSTL,2024,10722409000.0,177194000.0,1777833000.0,18962443.0
VSTL,2023,11129411000.0,210662000.0,931979000.0,18962443.0
VSTL,2022,8176207000.0,113311000.0,719729000.0,18962443.0
VSTTILLERS,2025,9898293000.0,929665000.0,10018600000.0,8652754.0
VSTTILLERS,2024,9631162000.0,1210670000.0,9236205000.0,8652754.0
VSTTILLERS,2023,10021244000.0,923582000.0,8244518000.0,8652754.0
VSTTILLERS,2022,8497312000.0,993099000.0,7495373000.0,8652754.0
VTL,2025,95989400000.0,8832700000.0,98960200000.0,289237300.0
VTL,2024,93202000000.0,6315900000.0,91001300000.0,289237300.0
VTL,2023,99254900000.0,7951600000.0,85634400000.0,289237300.0
VTL,2022,94015800000.0,15468900000.0,77037600000.0,289237300.0
WAAREEENER,2025,143755100000.0,18673900000.0,94792000000.0,287651335.0
WAAREEENER,2024,113712300000.0,12371800000.0,40878100000.0,287651335.0
WAAREEENER,2023,66080140000.0,4827600000.0,18384100000.0,287651335.0
WAAREEENER,2022,28436400000.0,756390000.0,4276480000.0,287651335.0
WAAREEINDO,2025,3239062000.0,547819000.0,404149000.0,41603691.0
WAAREEINDO,2024,0.0,-154437000.0,-143677000.0,41603691.0
WAAREEINDO,2023,0.0,10811704000.0,10759000.0,41603691.0
WAAREEINDO,2022,0.0,-1223178000.0,-11200944000.0,41603691.0
WAAREERTL,2025,15976251000.0,2291610000.0,4554156000.0,104345792.0
WAAREERTL,2024,8764000000.0,1453071000.0,2465318000.0,104345792.0
WAAREERTL,2023,3508098000.0,554230000.0,851404000.0,104345792.0
WAAREERTL,2022,1614324000.0,86041000.0,299018000.0,104345792.0
WABAG,2025,32760000000.0,2953000000.0,21399000000.0,62309595.0
WABAG,2024,28269000000.0,2456000000.0,18186000000.0,62309595.0
WABAG,2023,29463000000.0,130000000.0,15748000000.0,62309595.0
WABAG,2022,29462900000.0,1319100000.0,15391200000.0,62309595.0
WAKEFIT,2025,12560490000.0,-350040000.0,5013250000.0,329966749.0
WAKEFIT,2024,9678650000.0,-150530000.0,5243610000.0,329966749.0
WAKEFIT,2023,7967860000.0,-1456830000.0,4880040000.0,329966749.0
WALCHANNAG,2025,2562400000.0,-860300000.0,3729100000.0,67842060.0
WALCHANNAG,2024,2991000000.0,-418300000.0,3613000000.0,67842060.0
WALCHANNAG,2023,3193600000.0,195800000.0,2606500000.0,67842060.0
WALCHANNAG,2022,2957500000.0,-380700000.0,1770000000.0,67842060.0
WANBURY,2025,5935361000.0,305301000.0,592718000.0,34939398.0
WANBURY,2024,5744779000.0,559562000.0,279414000.0,34939398.0
WANBURY,2023,4981751000.0,-103958000.0,-328162000.0,34939398.0
WANBURY,2022,5072355000.0,814739000.0,-234198000.0,34939398.0
WCIL,2025,17257200000.0,651300000.0,8280790000.0,101955213.0
WCIL,2024,16857690000.0,803470000.0,3983620000.0,101955213.0
WCIL,2023,16330630000.0,715650000.0,3184010000.0,101955213.0
WCIL,2022,14708750000.0,611290000.0,2573760000.0,101955213.0
WEALTH,2025,19572059810.0,341450860.0,1285151250.0,10655000.0
WEALTH,2024,8473305670.0,426808250.0,1182703770.0,10655000.0
WEALTH,2023,3895849240.0,138326130.0,766534530.0,10655000.0
WEALTH,2022,14798295480.0,188506030.0,655964160.0,10655000.0
WEBELSOLAR,2025,5754600000.0,1547410000.0,2780500000.0,434163470.0
WEBELSOLAR,2024,258592000.0,-1209600000.0,1077194000.0,434163470.0
WEBELSOLAR,2023,172243000.0,-236859000.0,1912797000.0,434163470.0
WEBELSOLAR,2022,2132233000.0,96699000.0,1915889000.0,434163470.0
WEIZMANIND,2025,1172453000.0,-35960000.0,608596000.0,15493852.0
WEIZMANIND,2024,1229041000.0,89609000.0,727950000.0,15493852.0
WEIZMANIND,2023,1351432000.0,42602000.0,647332000.0,15493852.0
WEIZMANIND,2022,998371000.0,34656000.0,662263000.0,15493852.0
WEL,2025,8788524000.0,190172000.0,832469000.0,134008000.0
WEL,2024,5619425000.0,101559000.0,679434000.0,134008000.0
WEL,2023,3976794000.0,62906000.0,596156000.0,134008000.0
WEL,2022,3924891000.0,72773000.0,535443000.0,134008000.0
WELCORP,2025,133218200000.0,19081400000.0,74627200000.0,263703928.0
WELCORP,2024,168956100000.0,11104000000.0,56162900000.0,263703928.0
WELCORP,2023,94870600000.0,2066900000.0,47320500000.0,263703928.0
WELCORP,2022,63291800000.0,4388100000.0,44283200000.0,263703928.0
WELENT,2025,35457800000.0,3523000000.0,25401800000.0,136813810.0
WELENT,2024,28268200000.0,3245300000.0,23233700000.0,136813810.0
WELENT,2023,27020700000.0,6811200000.0,23560100000.0,136813810.0
WELENT,2022,13362300000.0,784000000.0,17910800000.0,136813810.0
WELINV,2025,52360000.0,37025000.0,7292287000.0,3654476.0
WELINV,2024,40863000.0,27761000.0,4577065000.0,3654476.0
WELINV,2023,76452000.0,54818000.0,1913709000.0,3654476.0
WELINV,2022,42315000.0,24677000.0,1444879000.0,3654476.0
WELSPUNLIV,2025,94793100000.0,6391600000.0,48210900000.0,955652514.0
WELSPUNLIV,2024,86205900000.0,6811000000.0,45158100000.0,955652514.0
WELSPUNLIV,2023,71458800000.0,1988300000.0,40874800000.0,955652514.0
WELSPUNLIV,2022,83467500000.0,6011700000.0,39716700000.0,955652514.0
WENDT,2025,2311400000.0,394800000.0,2436900000.0,2000000.0
WENDT,2024,2248200000.0,409500000.0,2121100000.0,2000000.0
WENDT,2023,2076100000.0,400900000.0,1887100000.0,2000000.0
WENDT,2022,1772448000.0,270668000.0,1619571000.0,2000000.0
WESTLIFE,2025,24741320000.0,121470000.0,6034910000.0,155215762.0
WESTLIFE,2024,23682180000.0,692110000.0,5882630000.0,155215762.0
WESTLIFE,2023,22593970000.0,1115800000.0,5659200000.0,155215762.0
WESTLIFE,2022,15560860000.0,-16660000.0,4621030000.0,155215762.0
WEWIN,2025,783579800.0,16488500.0,283314605.0,10161000.0
WEWIN,2024,641422600.0,24682900.0,264556254.0,10161000.0
WEWIN,2023,485244900.0,24002000.0,237269923.0,10161000.0
WEWIN,2022,415744700.0,20996900.0,211238437.0,10161000.0
WHEELS,2025,44040400000.0,1109000000.0,9220000000.0,24433012.0
WHEELS,2024,45826200000.0,627700000.0,8397500000.0,24433012.0
WHEELS,2023,42473900000.0,553500000.0,7843000000.0,24433012.0
WHEELS,2022,36149800000.0,764700000.0,7336900000.0,24433012.0
WHIRLPOOL,2025,79181500000.0,3590000000.0,39497800000.0,126871830.0
WHIRLPOOL,2024,68285900000.0,2170400000.0,36886000000.0,126871830.0
WHIRLPOOL,2023,66641400000.0,2190200000.0,35203700000.0,126871830.0
WHIRLPOOL,2022,61934500000.0,5663700000.0,33581000000.0,126871830.0
WILLAMAGOR,2025,28225000.0,-1813918000.0,-2275116000.0,10956360.0
WILLAMAGOR,2024,23899000.0,-379254000.0,-685989000.0,10956360.0
WILLAMAGOR,2023,22672000.0,171042000.0,-1309034000.0,10956360.0
WILLAMAGOR,2022,258965000.0,-145099000.0,-1580428000.0,10956360.0
WINDLAS,2025,7551260000.0,609940000.0,5057720000.0,21077239.0
WINDLAS,2024,6288850000.0,581870000.0,4499360000.0,21077239.0
WINDLAS,2023,5105810000.0,426260000.0,4022710000.0,21077239.0
WINDLAS,2022,4633730000.0,380890000.0,3947770000.0,21077239.0
WINDMACHIN,2025,3659030000.0,74191000.0,7341473000.0,88522201.0
WINDMACHIN,2024,3512441000.0,-76971000.0,2666901000.0,88522201.0
WINDMACHIN,2023,3732203000.0,46587000.0,2802797000.0,88522201.0
WINDMACHIN,2022,3652910000.0,22549000.0,2842162000.0,88522201.0
WINSOME,2025,41808000.0,-172969000.0,-4372126000.0,70707229.0
WINSOME,2024,237919000.0,-109424000.0,-4199157000.0,70707229.0
WINSOME,2023,291867000.0,-264185000.0,-4089733000.0,70707229.0
WINSOME,2022,399490000.0,-146267000.0,-3825548000.0,70707229.0
WIPL,2025,1156649000.0,27997000.0,453302000.0,8487340.0
WIPL,2024,1086050000.0,33782000.0,432672000.0,8487340.0
WIPL,2023,1074676000.0,36589000.0,412031000.0,8487340.0
WIPL,2022,992504000.0,4769000.0,383298000.0,8487340.0
WIPRO,2025,890884000000.0,131354000000.0,828309000000.0,10477019810.0
WIPRO,2024,897603000000.0,110452000000.0,749883000000.0,10477019810.0
WIPRO,2023,904876000000.0,113500000000.0,781164000000.0,10477019810.0
WIPRO,2022,790934000000.0,122191000000.0,658158000000.0,10477019810.0
WOCKPHARMA,2025,29150000000.0,-470000000.0,43530000000.0,162492169.0
WOCKPHARMA,2024,27890000000.0,-4630000000.0,33590000000.0,162492169.0
WOCKPHARMA,2023,26460000000.0,-5590000000.0,33540000000.0,162492169.0
WOCKPHARMA,2022,32100000000.0,-2440000000.0,38490000000.0,162492169.0
WONDERLA,2025,4549313000.0,1092744000.0,17236848000.0,63422766.0
WONDERLA,2024,4796092000.0,1579613000.0,10946034000.0,63422766.0
WONDERLA,2023,4263552000.0,1489037000.0,9496181000.0,63422766.0
WONDERLA,2022,1285962000.0,-94806000.0,8006640000.0,63422766.0
WORTHPERI,2025,2737357000.0,154347000.0,1739297000.0,15751000.0
WORTHPERI,2024,2365529000.0,158833000.0,1589464000.0,15751000.0
WORTHPERI,2023,2948900000.0,180643000.0,1434688000.0,15751000.0
WORTHPERI,2022,2891069000.0,191425000.0,1257824000.0,15751000.0
WSI,2025,2380900000.0,-177500000.0,1984600000.0,75895318.0
WSI,2024,3255000000.0,469400000.0,1374300000.0,75895318.0
WSI,2023,795850000.0,31860000.0,649540000.0,75895318.0
WSI,2022,0.0,-39330000.0,-231560000.0,75895318.0
WSTCSTPAPR,2025,40335573000.0,3111452000.0,34914203000.0,66048908.0
WSTCSTPAPR,2024,44221918000.0,6920116000.0,32417057000.0,66048908.0
WSTCSTPAPR,2023,48945279000.0,9419762000.0,25807494000.0,66048908.0
WSTCSTPAPR,2022,33536949000.0,3070352000.0,16862067000.0,66048908.0
XCHANGING,2025,1849000000.0,495800000.0,3586700000.0,111403716.0
XCHANGING,2024,1744200000.0,137000000.0,3539400000.0,111403716.0
XCHANGING,2023,1744200000.0,449000000.0,6762200000.0,111403716.0
XCHANGING,2022,1742700000.0,525700000.0,6134500000.0,111403716.0
XELPMOC,2025,38984730.0,-80677700.0,640477300.0,14759493.0
XELPMOC,2024,64700370.0,-138850640.0,620767690.0,14759493.0
XELPMOC,2023,147420600.0,-160378830.0,671434960.0,14759493.0
XELPMOC,2022,80548230.0,-128343220.0,971757860.0,14759493.0
XPROINDIA,2025,5293576000.0,379974000.0,6102678000.0,23470391.0
XPROINDIA,2024,4609048000.0,438794000.0,5605172000.0,23470391.0
XPROINDIA,2023,5018906000.0,453641000.0,2335571000.0,23470391.0
XPROINDIA,2022,4584895000.0,449318000.0,1720264000.0,23470391.0
XTGLOBAL,2025,2341392000.0,99116000.0,1825493000.0,134123705.0
XTGLOBAL,2024,2171340000.0,116735000.0,1686783000.0,134123705.0
XTGLOBAL,2023,2419699000.0,124633000.0,1560858000.0,134123705.0
XTGLOBAL,2022,2167365000.0,202202000.0,1305380000.0,134123705.0
YASHO,2025,6638988000.0,61052000.0,4196875000.0,12057095.0
YASHO,2024,5879314000.0,579367000.0,2947124000.0,12057095.0
YASHO,2023,6680675000.0,678676000.0,2379555000.0,12057095.0
YASHO,2022,6079414000.0,522860000.0,1730505000.0,12057095.0
YATHARTH,2025,8804870000.0,1305450000.0,16054600000.0,96354357.0
YATHARTH,2024,6705470000.0,1144750000.0,8743230000.0,96354357.0
YATHARTH,2023,5202930000.0,657680000.0,1829640000.0,96354357.0
YATHARTH,2022,4009370000.0,441620000.0,1168850000.0,96354357.0
YATRA,2025,7343300000.0,365700000.0,7837600000.0,156916193.0
YATRA,2024,3617100000.0,-45100000.0,7474900000.0,156916193.0
YATRA,2023,3379900000.0,76300000.0,1695200000.0,156916193.0
YATRA,2022,1808700000.0,-307860000.0,1009280000.0,156916193.0
YESBANK,2025,168299614000.0,24464926000.0,478324161000.0,31379757057.0
YESBANK,2024,139782765000.0,12852015000.0,421551856000.0,31379757057.0
YESBANK,2023,93697163000.0,7358186000.0,407181757000.0,31379757057.0
YESBANK,2022,91172932000.0,10640534000.0,336989686000.0,31379757057.0
YUKEN,2025,4573563000.0,246200000.0,3011523000.0,13584000.0
YUKEN,2024,4225362000.0,188161000.0,2795058000.0,13584000.0
YUKEN,2023,3711651000.0,95691000.0,1993134000.0,13584000.0
YUKEN,2022,3301283000.0,137079000.0,1908878000.0,13584000.0
ZAGGLE,2025,13037570000.0,879190000.0,12479720000.0,134458445.0
ZAGGLE,2024,7755980000.0,440200000.0,5753820000.0,134458445.0
ZAGGLE,2023,5534600000.0,229010000.0,487510000.0,134458445.0
ZAGGLE,2022,3712550000.0,419210000.0,-35580000.0,134458445.0
ZEEL,2025,82801000000.0,6874000000.0,115335000000.0,960519420.0
ZEEL,2024,86372000000.0,1992000000.0,108728000000.0,960519420.0
ZEEL,2023,80879000000.0,2515000000.0,107219000000.0,960519420.0
ZEEL,2022,81857000000.0,10626000000.0,108627000000.0,960519420.0
ZEELEARN,2025,3718927000.0,127234000.0,1960966000.0,327062005.0
ZEELEARN,2024,3560376000.0,1627449000.0,1826569000.0,327062005.0
ZEELEARN,2023,3240489000.0,-4434247000.0,192384000.0,327062005.0
ZEELEARN,2022,2478159000.0,-27242000.0,4625501000.0,327062005.0
ZEEMEDIA,2025,6219150000.0,-1194150000.0,2207120000.0,625428680.0
ZEEMEDIA,2024,6382900000.0,-984240000.0,2892970000.0,625428680.0
ZEEMEDIA,2023,7206250000.0,-688030000.0,3873260000.0,625428680.0
ZEEMEDIA,2022,8668630000.0,-1177160000.0,4562800000.0,625428680.0
ZENITHEXPO,2025,721000000.0,17100000.0,819700000.0,5396250.0
ZENITHEXPO,2024,817000000.0,3000000.0,802546000.0,5396250.0
ZENITHEXPO,2023,600835000.0,15778000.0,797280000.0,5396250.0
ZENITHEXPO,2022,881946000.0,10068000.0,781612000.0,5396250.0
ZENITHSTL,2025,1173065000.0,4793000.0,-2567522000.0,142280448.0
ZENITHSTL,2024,1393361000.0,-4631000.0,-2568597000.0,142280448.0
ZENITHSTL,2023,1478839000.0,-111062000.0,-2561232000.0,142280448.0
ZENITHSTL,2022,1499720000.0,124791000.0,-2419240000.0,142280448.0
ZENSARTECH,2025,52806000000.0,6498000000.0,40697000000.0,226713197.0
ZENSARTECH,2024,49019000000.0,6650000000.0,35619000000.0,226713197.0
ZENSARTECH,2023,48482000000.0,3276000000.0,29762000000.0,226713197.0
ZENSARTECH,2022,42438000000.0,4163000000.0,26869000000.0,226713197.0
ZENTEC,2025,9736416000.0,2802441000.0,17006920000.0,89932246.0
ZENTEC,2024,4398520000.0,1278846000.0,4486282000.0,89932246.0
ZENTEC,2023,2188462000.0,427381000.0,3161715000.0,89932246.0
ZENTEC,2022,697524000.0,19851000.0,2830171000.0,89932246.0
ZFCVINDIA,2025,37936935000.0,4607300000.0,32145404000.0,18967584.0
ZFCVINDIA,2024,37844267000.0,4064465000.0,27903175000.0,18967584.0
ZFCVINDIA,2023,34162044000.0,3176718000.0,24091152000.0,18967584.0
ZFCVINDIA,2022,25220246000.0,1420744000.0,21140776000.0,18967584.0
ZIMLAB,2025,3628868000.0,121652000.0,2522375000.0,53500311.0
ZIMLAB,2024,3555125000.0,172464000.0,2387458000.0,53500311.0
ZIMLAB,2023,3887288000.0,244345000.0,2003460000.0,53500311.0
ZIMLAB,2022,3282455000.0,145504000.0,1757095000.0,53500311.0
ZODIACLOTH,2025,1685086000.0,-371959000.0,2055418000.0,27458131.0
ZODIACLOTH,2024,1410415000.0,-363734000.0,2460911000.0,27458131.0
ZODIACLOTH,2023,1691189000.0,159809000.0,2791806000.0,27458131.0
ZODIACLOTH,2022,1218637000.0,-163686000.0,2463409000.0,27458131.0
ZOTA,2025,2929748000.0,-563984000.0,2236848000.0,30332655.0
ZOTA,2024,1804885000.0,-143479000.0,899765000.0,30332655.0
ZOTA,2023,1399569000.0,-57728000.0,803567000.0,30332655.0
ZOTA,2022,1311931000.0,89076000.0,896268000.0,30332655.0
ZUARI,2025,44301333000.0,1647654000.0,18558661000.0,42058006.0
ZUARI,2024,45920987000.0,998293000.0,16939410000.0,42058006.0
ZUARI,2023,45502274000.0,4918574000.0,15811682000.0,42058006.0
ZUARI,2022,35880012000.0,1261841000.0,3670096000.0,42058006.0
ZUARIIND,2025,9694420000.0,-932192000.0,50476182000.0,29781184.0
ZUARIIND,2024,8369816000.0,7139129000.0,39188922000.0,29781184.0
ZUARIIND,2023,9541782000.0,3106301000.0,24011408000.0,29781184.0
ZUARIIND,2022,7181652000.0,-358258000.0,29735243000.0,29781184.0
ZYDUSLIFE,2025,225738000000.0,45255000000.0,239531000000.0,1006233990.0
ZYDUSLIFE,2024,190215000000.0,38365000000.0,198295000000.0,1006233990.0
ZYDUSLIFE,2023,168778000000.0,19649000000.0,175158000000.0,1006233990.0
ZYDUSLIFE,2022,148276000000.0,22416000000.0,169996000000.0,1006233990.0
ZYDUSWELL,2025,26912000000.0,3469000000.0,56716000000.0,318160720.0
ZYDUSWELL,2024,23152000000.0,2669000000.0,53575000000.0,318160720.0
ZYDUSWELL,2023,22426000000.0,3104000000.0,51226000000.0,318160720.0
ZYDUSWELL,2022,19884600000.0,3088700000.0,48440300000.0,318160720.0
